"id","y","x","w","xgm","xgmc"
"1","1224",5.876,-1.528,0,-0.434382978723404,-1.0936170212766
"2","1224",19.708,-0.588,0,-0.434382978723404,-0.153617021276596
"3","1224",20.349,-0.528,0,-0.434382978723404,-0.0936170212765958
"4","1224",8.781,-0.668,0,-0.434382978723404,-0.233617021276596
"5","1224",17.898,-0.158,0,-0.434382978723404,0.276382978723404
"6","1224",4.583,0.022,0,-0.434382978723404,0.456382978723404
"7","1224",-2.832,-0.618,0,-0.434382978723404,-0.183617021276596
"8","1224",0.523,-0.998,0,-0.434382978723404,-0.563617021276596
"9","1224",1.527,-0.888,0,-0.434382978723404,-0.453617021276596
"10","1224",21.521,-0.458,0,-0.434382978723404,-0.0236170212765958
"11","1224",9.475,-1.448,0,-0.434382978723404,-1.0136170212766
"12","1224",16.057,-0.658,0,-0.434382978723404,-0.223617021276596
"13","1224",21.178,-0.468,0,-0.434382978723404,-0.0336170212765958
"14","1224",20.178,-0.988,0,-0.434382978723404,-0.553617021276596
"15","1224",20.349,0.332,0,-0.434382978723404,0.766382978723404
"16","1224",20.508,-0.678,0,-0.434382978723404,-0.243617021276596
"17","1224",19.338,-0.298,0,-0.434382978723404,0.136382978723404
"18","1224",4.145,-1.528,0,-0.434382978723404,-1.0936170212766
"19","1224",2.927,0.042,0,-0.434382978723404,0.476382978723404
"20","1224",16.405,-0.078,0,-0.434382978723404,0.356382978723404
"21","1224",13.653,0.062,0,-0.434382978723404,0.496382978723404
"22","1224",6.558,-0.128,0,-0.434382978723404,0.306382978723404
"23","1224",9.653,0.472,0,-0.434382978723404,0.906382978723404
"24","1224",3.154,-0.468,0,-0.434382978723404,-0.0336170212765958
"25","1224",4.753,-1.248,0,-0.434382978723404,-0.813617021276596
"26","1224",21.721,-0.628,0,-0.434382978723404,-0.193617021276596
"27","1224",5.166,0.832,0,-0.434382978723404,1.2663829787234
"28","1224",6.399,-0.568,0,-0.434382978723404,-0.133617021276596
"29","1224",6.821,-0.258,0,-0.434382978723404,0.176382978723404
"30","1224",9.255,-0.138,0,-0.434382978723404,0.296382978723404
"31","1224",3.745,-0.478,0,-0.434382978723404,-0.0436170212765957
"32","1224",0.858,-0.948,0,-0.434382978723404,-0.513617021276596
"33","1224",11.542,0.282,0,-0.434382978723404,0.716382978723404
"34","1224",13.255,-0.118,0,-0.434382978723404,0.316382978723404
"35","1224",10.557,-0.878,0,-0.434382978723404,-0.443617021276596
"36","1224",0.868,-0.938,0,-0.434382978723404,-0.503617021276596
"37","1224",8.296,-0.548,0,-0.434382978723404,-0.113617021276596
"38","1224",-1.688,0.142,0,-0.434382978723404,0.576382978723404
"39","1224",2.059,0.972,0,-0.434382978723404,1.4063829787234
"40","1224",6.714,0.372,0,-0.434382978723404,0.806382978723404
"41","1224",0.122,-1.658,0,-0.434382978723404,-1.2236170212766
"42","1224",2.381,-1.068,0,-0.434382978723404,-0.633617021276596
"43","1224",16.336,-0.248,0,-0.434382978723404,0.186382978723404
"44","1224",6.134,-1.398,0,-0.434382978723404,-0.963617021276596
"45","1224",23.584,0.752,0,-0.434382978723404,1.1863829787234
"46","1224",14.053,0.012,0,-0.434382978723404,0.446382978723404
"47","1224",2.183,-0.418,0,-0.434382978723404,0.0163829787234043
"48","1288",7.857,-0.788,0,0.1216,-0.9096
"49","1288",10.171,-0.328,0,0.1216,-0.4496
"50","1288",15.699,0.472,0,0.1216,0.3504
"51","1288",22.919,0.352,0,0.1216,0.2304
"52","1288",10.664,-1.468,0,0.1216,-1.5896
"53","1288",13.543,0.202,0,0.1216,0.0804
"54","1288",18.207,-0.518,0,0.1216,-0.6396
"55","1288",5.552,-0.158,0,0.1216,-0.2796
"56","1288",7.416,0.042,0,0.1216,-0.0796
"57","1288",18.792,0.682,0,0.1216,0.5604
"58","1288",1.575,1.262,0,0.1216,1.1404
"59","1288",3.534,0.152,0,0.1216,0.0304
"60","1288",20.173,-0.678,0,0.1216,-0.7996
"61","1288",10.772,0.332,0,0.1216,0.2104
"62","1288",2.619,-0.728,0,0.1216,-0.8496
"63","1288",21.3,1.262,0,0.1216,1.1404
"64","1288",19.527,0.612,0,0.1216,0.4904
"65","1288",18.402,0.692,0,0.1216,0.5704
"66","1288",20.69,1.082,0,0.1216,0.9604
"67","1288",21.437,0.222,0,0.1216,0.1004
"68","1288",7.519,0.032,0,0.1216,-0.0896
"69","1288",18.397,-0.118,0,0.1216,-0.2396
"70","1288",4.617,-0.488,0,0.1216,-0.6096
"71","1288",23.578,0.322,0,0.1216,0.2004
"72","1288",12.81,0.592,0,0.1216,0.4704
"73","1296",12.668,-0.148,0,-0.4255,0.2775
"74","1296",0.781,-0.858,0,-0.4255,-0.4325
"75","1296",4.968,-1.568,0,-0.4255,-1.1425
"76","1296",23.172,-0.898,0,-0.4255,-0.4725
"77","1296",8.278,-0.288,0,-0.4255,0.1375
"78","1296",6.244,-1.088,0,-0.4255,-0.6625
"79","1296",1.326,-1.388,0,-0.4255,-0.9625
"80","1296",2.359,-1.148,0,-0.4255,-0.7225
"81","1296",6.757,-0.558,0,-0.4255,-0.1325
"82","1296",6.251,-0.698,0,-0.4255,-0.2725
"83","1296",3.404,0.142,0,-0.4255,0.5675
"84","1296",22.201,0.522,0,-0.4255,0.9475
"85","1296",-1.353,0.732,0,-0.4255,1.1575
"86","1296",-0.014,-0.248,0,-0.4255,0.1775
"87","1296",5.216,0.322,0,-0.4255,0.7475
"88","1296",3.587,0.052,0,-0.4255,0.4775
"89","1296",11.162,-0.028,0,-0.4255,0.3975
"90","1296",5.982,-0.898,0,-0.4255,-0.4725
"91","1296",2.814,-0.818,0,-0.4255,-0.3925
"92","1296",7.272,-1.408,0,-0.4255,-0.9825
"93","1296",8.895,-1.258,0,-0.4255,-0.8325
"94","1296",8.773,-0.608,0,-0.4255,-0.1825
"95","1296",12.176,1.242,0,-0.4255,1.6675
"96","1296",3.052,-0.688,0,-0.4255,-0.2625
"97","1296",6.834,-0.828,0,-0.4255,-0.4025
"98","1296",3.255,-0.698,0,-0.4255,-0.2725
"99","1296",6.355,-0.498,0,-0.4255,-0.0725
"100","1296",11.589,-0.658,0,-0.4255,-0.2325
"101","1296",8.08,-0.778,0,-0.4255,-0.3525
"102","1296",19.822,-0.098,0,-0.4255,0.3275
"103","1296",14.239,-1.028,0,-0.4255,-0.6025
"104","1296",1.17,-0.418,0,-0.4255,0.00750000000000001
"105","1296",-1.127,-0.408,0,-0.4255,0.0175
"106","1296",10.84,0.352,0,-0.4255,0.7775
"107","1296",6.778,-1.628,0,-0.4255,-1.2025
"108","1296",9.449,-0.698,0,-0.4255,-0.2725
"109","1296",5.995,-0.168,0,-0.4255,0.2575
"110","1296",4.765,-0.718,0,-0.4255,-0.2925
"111","1296",14.399,-1.008,0,-0.4255,-0.5825
"112","1296",6.588,-0.178,0,-0.4255,0.2475
"113","1296",11.026,0.392,0,-0.4255,0.8175
"114","1296",7.095,-0.358,0,-0.4255,0.0675
"115","1296",12.721,-0.628,0,-0.4255,-0.2025
"116","1296",5.52,-0.038,0,-0.4255,0.3875
"117","1296",7.353,0.972,0,-0.4255,1.3975
"118","1296",7.095,0.252,0,-0.4255,0.6775
"119","1296",9.999,0.332,0,-0.4255,0.7575
"120","1296",10.715,-0.308,0,-0.4255,0.1175
"121","1308",13.233,0.422,1,0.528,-0.106
"122","1308",13.952,0.562,1,0.528,0.034
"123","1308",13.757,-0.058,1,0.528,-0.586
"124","1308",13.97,0.952,1,0.528,0.424
"125","1308",23.434,0.622,1,0.528,0.094
"126","1308",9.162,0.832,1,0.528,0.304
"127","1308",23.818,1.512,1,0.528,0.984
"128","1308",15.998,0.622,1,0.528,0.094
"129","1308",16.039,0.332,1,0.528,-0.196
"130","1308",24.993,0.442,1,0.528,-0.086
"131","1308",15.657,0.582,1,0.528,0.0539999999999999
"132","1308",16.258,1.102,1,0.528,0.574
"133","1308",10.546,0.892,1,0.528,0.364
"134","1308",17.615,0.802,1,0.528,0.274
"135","1308",21.116,-0.568,1,0.528,-1.096
"136","1308",6.493,0.522,1,0.528,-0.00600000000000001
"137","1308",2.512,0.102,1,0.528,-0.426
"138","1308",22.393,-0.348,1,0.528,-0.876
"139","1308",21.488,0.552,1,0.528,0.024
"140","1308",22.676,0.682,1,0.528,0.154
"141","1317",12.862,0.882,1,0.345333333333333,0.536666666666667
"142","1317",8.961,0.932,1,0.345333333333333,0.586666666666667
"143","1317",4.756,-0.158,1,0.345333333333333,-0.503333333333333
"144","1317",21.405,0.362,1,0.345333333333333,0.0166666666666667
"145","1317",20.748,1.372,1,0.345333333333333,1.02666666666667
"146","1317",18.362,0.132,1,0.345333333333333,-0.213333333333333
"147","1317",14.752,0.132,1,0.345333333333333,-0.213333333333333
"148","1317",11.29,-0.008,1,0.345333333333333,-0.353333333333333
"149","1317",10.493,-0.108,1,0.345333333333333,-0.453333333333333
"150","1317",10.956,0.612,1,0.345333333333333,0.266666666666667
"151","1317",21.405,0.482,1,0.345333333333333,0.136666666666667
"152","1317",23.355,0.502,1,0.345333333333333,0.156666666666667
"153","1317",12.283,0.482,1,0.345333333333333,0.136666666666667
"154","1317",9.257,0.472,1,0.345333333333333,0.126666666666667
"155","1317",11.502,-0.578,1,0.345333333333333,-0.923333333333333
"156","1317",20.039,1.152,1,0.345333333333333,0.806666666666667
"157","1317",21.405,-0.288,1,0.345333333333333,-0.633333333333333
"158","1317",23.736,0.942,1,0.345333333333333,0.596666666666667
"159","1317",11.027,0.722,1,0.345333333333333,0.376666666666667
"160","1317",17.203,-0.108,1,0.345333333333333,-0.453333333333333
"161","1317",10.661,1.462,1,0.345333333333333,1.11666666666667
"162","1317",7.031,-0.028,1,0.345333333333333,-0.373333333333333
"163","1317",13.677,0.702,1,0.345333333333333,0.356666666666667
"164","1317",13.373,0.082,1,0.345333333333333,-0.263333333333333
"165","1317",10.121,-0.108,1,0.345333333333333,-0.453333333333333
"166","1317",10.394,0.322,1,0.345333333333333,-0.0233333333333333
"167","1317",6.973,0.302,1,0.345333333333333,-0.0433333333333333
"168","1317",11.064,-0.098,1,0.345333333333333,-0.443333333333333
"169","1317",11.531,-0.848,1,0.345333333333333,-1.19333333333333
"170","1317",8.253,-1.248,1,0.345333333333333,-1.59333333333333
"171","1317",7.142,0.122,1,0.345333333333333,-0.223333333333333
"172","1317",3.22,0.272,1,0.345333333333333,-0.0733333333333333
"173","1317",15.784,0.582,1,0.345333333333333,0.236666666666667
"174","1317",17.246,0.642,1,0.345333333333333,0.296666666666667
"175","1317",9.337,0.952,1,0.345333333333333,0.606666666666667
"176","1317",15.555,-0.258,1,0.345333333333333,-0.603333333333333
"177","1317",8.382,0.492,1,0.345333333333333,0.146666666666667
"178","1317",11.621,0.992,1,0.345333333333333,0.646666666666667
"179","1317",4.81,0.832,1,0.345333333333333,0.486666666666667
"180","1317",17.869,-0.068,1,0.345333333333333,-0.413333333333333
"181","1317",8.057,-0.088,1,0.345333333333333,-0.433333333333333
"182","1317",11.794,0.972,1,0.345333333333333,0.626666666666667
"183","1317",18.939,0.542,1,0.345333333333333,0.196666666666667
"184","1317",20.261,0.132,1,0.345333333333333,-0.213333333333333
"185","1317",10.066,-0.008,1,0.345333333333333,-0.353333333333333
"186","1317",20.236,0.812,1,0.345333333333333,0.466666666666667
"187","1317",4.508,1.122,1,0.345333333333333,0.776666666666667
"188","1317",18.827,0.062,1,0.345333333333333,-0.283333333333333
"189","1358",-1.347,0.032,0,-0.0196666666666667,0.0516666666666667
"190","1358",8.054,-1.088,0,-0.0196666666666667,-1.06833333333333
"191","1358",15.655,0.372,0,-0.0196666666666667,0.391666666666667
"192","1358",11.648,-0.568,0,-0.0196666666666667,-0.548333333333333
"193","1358",11.629,-0.328,0,-0.0196666666666667,-0.308333333333333
"194","1358",18.687,-0.018,0,-0.0196666666666667,0.00166666666666667
"195","1358",-0.827,-1.208,0,-0.0196666666666667,-1.18833333333333
"196","1358",7.87,-0.098,0,-0.0196666666666667,-0.0783333333333333
"197","1358",18.115,0.942,0,-0.0196666666666667,0.961666666666667
"198","1358",3.792,-1.408,0,-0.0196666666666667,-1.38833333333333
"199","1358",11.03,0.122,0,-0.0196666666666667,0.141666666666667
"200","1358",7.564,0.362,0,-0.0196666666666667,0.381666666666667
"201","1358",3.465,-0.708,0,-0.0196666666666667,-0.688333333333333
"202","1358",15.038,0.252,0,-0.0196666666666667,0.271666666666667
"203","1358",10.184,0.312,0,-0.0196666666666667,0.331666666666667
"204","1358",2.933,-0.678,0,-0.0196666666666667,-0.658333333333333
"205","1358",8.438,-0.148,0,-0.0196666666666667,-0.128333333333333
"206","1358",7.519,-0.168,0,-0.0196666666666667,-0.148333333333333
"207","1358",18.735,1.092,0,-0.0196666666666667,1.11166666666667
"208","1358",10.19,0.232,0,-0.0196666666666667,0.251666666666667
"209","1358",16.294,0.422,0,-0.0196666666666667,0.441666666666667
"210","1358",10.65,1.282,0,-0.0196666666666667,1.30166666666667
"211","1358",10.301,-0.248,0,-0.0196666666666667,-0.228333333333333
"212","1358",17.811,0.952,0,-0.0196666666666667,0.971666666666667
"213","1358",14.646,-0.038,0,-0.0196666666666667,-0.0183333333333333
"214","1358",17.191,-0.398,0,-0.0196666666666667,-0.378333333333333
"215","1358",8.69,0.162,0,-0.0196666666666667,0.181666666666667
"216","1358",21.142,0.682,0,-0.0196666666666667,0.701666666666667
"217","1358",16.499,-0.668,0,-0.0196666666666667,-0.648333333333333
"218","1358",14.591,-0.038,0,-0.0196666666666667,-0.0183333333333333
"219","1374",16.663,0.322,0,-0.0126428571428571,0.334642857142857
"220","1374",-2.155,0.212,0,-0.0126428571428571,0.224642857142857
"221","1374",0.085,0.682,0,-0.0126428571428571,0.694642857142857
"222","1374",18.804,-0.148,0,-0.0126428571428571,-0.135357142857143
"223","1374",2.409,-0.468,0,-0.0126428571428571,-0.455357142857143
"224","1374",16.759,0.842,0,-0.0126428571428571,0.854642857142857
"225","1374",18.948,0.072,0,-0.0126428571428571,0.0846428571428571
"226","1374",10.593,0.332,0,-0.0126428571428571,0.344642857142857
"227","1374",15.557,-0.858,0,-0.0126428571428571,-0.845357142857143
"228","1374",23.419,0.902,0,-0.0126428571428571,0.914642857142857
"229","1374",0.333,1.242,0,-0.0126428571428571,1.25464285714286
"230","1374",-2.002,-0.738,0,-0.0126428571428571,-0.725357142857143
"231","1374",24.041,0.362,0,-0.0126428571428571,0.374642857142857
"232","1374",-2.657,0.712,0,-0.0126428571428571,0.724642857142857
"233","1374",7.603,0.452,0,-0.0126428571428571,0.464642857142857
"234","1374",5.803,-0.598,0,-0.0126428571428571,-0.585357142857143
"235","1374",3.931,-1.028,0,-0.0126428571428571,-1.01535714285714
"236","1374",8.268,-0.338,0,-0.0126428571428571,-0.325357142857143
"237","1374",1.344,-0.948,0,-0.0126428571428571,-0.935357142857143
"238","1374",16.449,0.292,0,-0.0126428571428571,0.304642857142857
"239","1374",2.881,-1.218,0,-0.0126428571428571,-1.20535714285714
"240","1374",20.93,0.492,0,-0.0126428571428571,0.504642857142857
"241","1374",22.086,1.152,0,-0.0126428571428571,1.16464285714286
"242","1374",7.653,-0.758,0,-0.0126428571428571,-0.745357142857143
"243","1374",8.082,-0.298,0,-0.0126428571428571,-0.285357142857143
"244","1374",5.503,-0.478,0,-0.0126428571428571,-0.465357142857143
"245","1374",9.004,0.192,0,-0.0126428571428571,0.204642857142857
"246","1374",12.063,-0.738,0,-0.0126428571428571,-0.725357142857143
"247","1433",12.907,0.812,1,0.712,0.1
"248","1433",18.496,1.332,1,0.712,0.62
"249","1433",20.323,-0.338,1,0.712,-1.05
"250","1433",22.682,1.082,1,0.712,0.37
"251","1433",14.198,0.542,1,0.712,-0.17
"252","1433",24.044,0.382,1,0.712,-0.33
"253","1433",19.571,0.592,1,0.712,-0.12
"254","1433",22.183,0.852,1,0.712,0.14
"255","1433",16.676,-0.368,1,0.712,-1.08
"256","1433",23.327,1.022,1,0.712,0.31
"257","1433",16.394,0.712,1,0.712,0
"258","1433",23.032,0.272,1,0.712,-0.44
"259","1433",18.586,1.182,1,0.712,0.47
"260","1433",15.246,-0.588,1,0.712,-1.3
"261","1433",20.731,1.282,1,0.712,0.57
"262","1433",20.447,0.942,1,0.712,0.23
"263","1433",23.572,1.512,1,0.712,0.8
"264","1433",17.571,0.222,1,0.712,-0.49
"265","1433",24.993,0.992,1,0.712,0.28
"266","1433",24.421,1.362,1,0.712,0.65
"267","1433",11.478,0.482,1,0.712,-0.23
"268","1433",24.812,1.292,1,0.712,0.58
"269","1433",22.093,1.072,1,0.712,0.36
"270","1433",18.716,0.562,1,0.712,-0.15
"271","1433",23.392,-0.218,1,0.712,-0.93
"272","1433",15.992,1.512,1,0.712,0.8
"273","1433",13.254,0.772,1,0.712,0.0600000000000001
"274","1433",24.812,0.952,1,0.712,0.24
"275","1433",22.086,1.392,1,0.712,0.68
"276","1433",24.479,1.002,1,0.712,0.29
"277","1433",16.724,0.932,1,0.712,0.22
"278","1433",20.628,-0.458,1,0.712,-1.17
"279","1433",14.544,-0.198,1,0.712,-0.91
"280","1433",19.033,0.952,1,0.712,0.24
"281","1433",18.727,1.072,1,0.712,0.36
"282","1436",24.133,0.222,1,0.562909090909091,-0.340909090909091
"283","1436",18.77,-0.078,1,0.562909090909091,-0.640909090909091
"284","1436",21.803,1.512,1,0.562909090909091,0.949090909090909
"285","1436",9.561,0.212,1,0.562909090909091,-0.350909090909091
"286","1436",15.132,0.792,1,0.562909090909091,0.229090909090909
"287","1436",22.387,1.342,1,0.562909090909091,0.779090909090909
"288","1436",22.578,0.242,1,0.562909090909091,-0.320909090909091
"289","1436",18.763,-0.298,1,0.562909090909091,-0.860909090909091
"290","1436",18.301,-1.038,1,0.562909090909091,-1.60090909090909
"291","1436",15.879,0.682,1,0.562909090909091,0.119090909090909
"292","1436",20.424,0.802,1,0.562909090909091,0.239090909090909
"293","1436",23.072,0.952,1,0.562909090909091,0.389090909090909
"294","1436",13.12,1.002,1,0.562909090909091,0.439090909090909
"295","1436",18.844,1.142,1,0.562909090909091,0.579090909090909
"296","1436",17.495,0.482,1,0.562909090909091,-0.0809090909090909
"297","1436",15.615,1.512,1,0.562909090909091,0.949090909090909
"298","1436",11.001,0.242,1,0.562909090909091,-0.320909090909091
"299","1436",17.103,1.222,1,0.562909090909091,0.659090909090909
"300","1436",21.56,-0.298,1,0.562909090909091,-0.860909090909091
"301","1436",19.419,-0.338,1,0.562909090909091,-0.900909090909091
"302","1436",18.471,1.042,1,0.562909090909091,0.479090909090909
"303","1436",22.868,0.672,1,0.562909090909091,0.109090909090909
"304","1436",14.138,0.732,1,0.562909090909091,0.169090909090909
"305","1436",23.271,0.822,1,0.562909090909091,0.259090909090909
"306","1436",13.472,0.362,1,0.562909090909091,-0.200909090909091
"307","1436",17.465,-0.318,1,0.562909090909091,-0.880909090909091
"308","1436",16.038,0.682,1,0.562909090909091,0.119090909090909
"309","1436",22.455,0.712,1,0.562909090909091,0.149090909090909
"310","1436",18.984,0.542,1,0.562909090909091,-0.0209090909090909
"311","1436",12.535,0.252,1,0.562909090909091,-0.310909090909091
"312","1436",16.568,0.482,1,0.562909090909091,-0.0809090909090909
"313","1436",22.592,-0.028,1,0.562909090909091,-0.590909090909091
"314","1436",16.886,0.252,1,0.562909090909091,-0.310909090909091
"315","1436",22.985,0.702,1,0.562909090909091,0.139090909090909
"316","1436",6.798,0.212,1,0.562909090909091,-0.350909090909091
"317","1436",5.51,0.342,1,0.562909090909091,-0.220909090909091
"318","1436",24.479,1.342,1,0.562909090909091,0.779090909090909
"319","1436",18.827,1.512,1,0.562909090909091,0.949090909090909
"320","1436",20.268,1.212,1,0.562909090909091,0.649090909090909
"321","1436",24.993,1.122,1,0.562909090909091,0.559090909090909
"322","1436",15.06,0.272,1,0.562909090909091,-0.290909090909091
"323","1436",20.818,0.782,1,0.562909090909091,0.219090909090909
"324","1436",18.33,-0.018,1,0.562909090909091,-0.580909090909091
"325","1436",18.14,0.772,1,0.562909090909091,0.209090909090909
"326","1461",12.962,0.042,0,0.677454545454545,-0.635454545454545
"327","1461",24.545,1.282,0,0.677454545454545,0.604545454545455
"328","1461",13.314,1.122,0,0.677454545454545,0.444545454545455
"329","1461",16.929,1.172,0,0.677454545454545,0.494545454545455
"330","1461",3.796,-1.108,0,0.677454545454545,-1.78545454545455
"331","1461",14.581,0.822,0,0.677454545454545,0.144545454545455
"332","1461",18.719,0.482,0,0.677454545454545,-0.195454545454545
"333","1461",12.595,0.902,0,0.677454545454545,0.224545454545455
"334","1461",17.326,1.022,0,0.677454545454545,0.344545454545455
"335","1461",15.918,0.602,0,0.677454545454545,-0.0754545454545454
"336","1461",23.088,1.272,0,0.677454545454545,0.594545454545455
"337","1461",18.259,1.352,0,0.677454545454545,0.674545454545455
"338","1461",23.517,1.422,0,0.677454545454545,0.744545454545455
"339","1461",14.157,-0.108,0,0.677454545454545,-0.785454545454545
"340","1461",17.999,-0.358,0,0.677454545454545,-1.03545454545455
"341","1461",18.858,1.202,0,0.677454545454545,0.524545454545455
"342","1461",22.183,-0.778,0,0.677454545454545,-1.45545454545455
"343","1461",24.993,1.102,0,0.677454545454545,0.424545454545455
"344","1461",20.928,1.012,0,0.677454545454545,0.334545454545455
"345","1461",22.461,1.262,0,0.677454545454545,0.584545454545455
"346","1461",18.322,1.392,0,0.677454545454545,0.714545454545454
"347","1461",2.895,-0.258,0,0.677454545454545,-0.935454545454545
"348","1461",21.007,0.932,0,0.677454545454545,0.254545454545455
"349","1461",18.471,1.062,0,0.677454545454545,0.384545454545455
"350","1461",24.48,1.212,0,0.677454545454545,0.534545454545455
"351","1461",18.471,0.982,0,0.677454545454545,0.304545454545455
"352","1461",18.831,0.462,0,0.677454545454545,-0.215454545454545
"353","1461",18.114,0.532,0,0.677454545454545,-0.145454545454545
"354","1461",22.685,1.062,0,0.677454545454545,0.384545454545455
"355","1461",-0.338,0.172,0,0.677454545454545,-0.505454545454545
"356","1461",21.09,0.492,0,0.677454545454545,-0.185454545454545
"357","1461",-2.832,-0.668,0,0.677454545454545,-1.34545454545455
"358","1461",17.483,1.262,0,0.677454545454545,0.584545454545455
"359","1462",1.967,0.162,1,-0.66940350877193,0.83140350877193
"360","1462",7.718,-0.758,1,-0.66940350877193,-0.0885964912280702
"361","1462",19.043,-0.708,1,-0.66940350877193,-0.0385964912280702
"362","1462",20.133,-0.818,1,-0.66940350877193,-0.14859649122807
"363","1462",22.289,-1.918,1,-0.66940350877193,-1.24859649122807
"364","1462",14.277,-0.948,1,-0.66940350877193,-0.27859649122807
"365","1462",10.189,-0.798,1,-0.66940350877193,-0.12859649122807
"366","1462",9.607,-1.458,1,-0.66940350877193,-0.78859649122807
"367","1462",6.125,-0.158,1,-0.66940350877193,0.51140350877193
"368","1462",23.818,-0.378,1,-0.66940350877193,0.29140350877193
"369","1462",6.34,-1.068,1,-0.66940350877193,-0.39859649122807
"370","1462",9.437,-0.808,1,-0.66940350877193,-0.13859649122807
"371","1462",8.168,-1.648,1,-0.66940350877193,-0.97859649122807
"372","1462",4.31,-0.288,1,-0.66940350877193,0.38140350877193
"373","1462",6.986,-0.328,1,-0.66940350877193,0.34140350877193
"374","1462",21.452,-0.498,1,-0.66940350877193,0.17140350877193
"375","1462",9.167,-0.158,1,-0.66940350877193,0.51140350877193
"376","1462",9.625,-0.728,1,-0.66940350877193,-0.0585964912280702
"377","1462",0.722,-0.948,1,-0.66940350877193,-0.27859649122807
"378","1462",3.115,-0.728,1,-0.66940350877193,-0.0585964912280702
"379","1462",23.066,-1.508,1,-0.66940350877193,-0.83859649122807
"380","1462",4.518,-0.088,1,-0.66940350877193,0.58140350877193
"381","1462",5.337,-0.638,1,-0.66940350877193,0.0314035087719298
"382","1462",4.103,-0.358,1,-0.66940350877193,0.31140350877193
"383","1462",15.794,-0.658,1,-0.66940350877193,0.0114035087719297
"384","1462",1.975,-0.958,1,-0.66940350877193,-0.28859649122807
"385","1462",2.693,-1.208,1,-0.66940350877193,-0.53859649122807
"386","1462",13.809,-0.378,1,-0.66940350877193,0.29140350877193
"387","1462",7.964,-0.918,1,-0.66940350877193,-0.24859649122807
"388","1462",2.142,0.222,1,-0.66940350877193,0.89140350877193
"389","1462",6.035,0.312,1,-0.66940350877193,0.98140350877193
"390","1462",17.996,-0.488,1,-0.66940350877193,0.18140350877193
"391","1462",20.792,0.302,1,-0.66940350877193,0.97140350877193
"392","1462",9.909,-0.868,1,-0.66940350877193,-0.19859649122807
"393","1462",5.189,-0.708,1,-0.66940350877193,-0.0385964912280702
"394","1462",7.772,-1.178,1,-0.66940350877193,-0.50859649122807
"395","1462",12.074,-0.498,1,-0.66940350877193,0.17140350877193
"396","1462",15.103,0.032,1,-0.66940350877193,0.70140350877193
"397","1462",11.252,-1.318,1,-0.66940350877193,-0.64859649122807
"398","1462",1.283,-1.948,1,-0.66940350877193,-1.27859649122807
"399","1462",16.975,-0.738,1,-0.66940350877193,-0.0685964912280702
"400","1462",8.762,-0.558,1,-0.66940350877193,0.11140350877193
"401","1462",6.789,-0.518,1,-0.66940350877193,0.15140350877193
"402","1462",12.283,-1.098,1,-0.66940350877193,-0.42859649122807
"403","1462",11.479,-0.778,1,-0.66940350877193,-0.10859649122807
"404","1462",9.071,-1.068,1,-0.66940350877193,-0.39859649122807
"405","1462",9.474,-0.388,1,-0.66940350877193,0.28140350877193
"406","1462",12.089,0.222,1,-0.66940350877193,0.89140350877193
"407","1462",16.534,0.112,1,-0.66940350877193,0.78140350877193
"408","1462",6.331,-0.528,1,-0.66940350877193,0.14140350877193
"409","1462",10.386,-0.398,1,-0.66940350877193,0.27140350877193
"410","1462",8.163,-0.358,1,-0.66940350877193,0.31140350877193
"411","1462",18.801,-0.598,1,-0.66940350877193,0.0714035087719298
"412","1462",22.581,-1.708,1,-0.66940350877193,-1.03859649122807
"413","1462",16.095,-0.268,1,-0.66940350877193,0.40140350877193
"414","1462",5.321,-2.058,1,-0.66940350877193,-1.38859649122807
"415","1462",3.819,0.402,1,-0.66940350877193,1.07140350877193
"416","1477",14.15,-0.178,1,0.15958064516129,-0.33758064516129
"417","1477",3.976,-0.108,1,0.15958064516129,-0.26758064516129
"418","1477",3.846,0.262,1,0.15958064516129,0.10241935483871
"419","1477",5.238,-0.358,1,0.15958064516129,-0.51758064516129
"420","1477",9.349,0.982,1,0.15958064516129,0.82241935483871
"421","1477",23.765,0.462,1,0.15958064516129,0.30241935483871
"422","1477",22.84,-0.208,1,0.15958064516129,-0.36758064516129
"423","1477",1.606,0.812,1,0.15958064516129,0.65241935483871
"424","1477",19.269,-0.388,1,0.15958064516129,-0.54758064516129
"425","1477",17.191,0.282,1,0.15958064516129,0.12241935483871
"426","1477",16.288,0.012,1,0.15958064516129,-0.14758064516129
"427","1477",7.106,0.392,1,0.15958064516129,0.23241935483871
"428","1477",20.714,-1.068,1,0.15958064516129,-1.22758064516129
"429","1477",18.171,0.662,1,0.15958064516129,0.50241935483871
"430","1477",21.951,0.002,1,0.15958064516129,-0.15758064516129
"431","1477",-2.832,-0.388,1,0.15958064516129,-0.54758064516129
"432","1477",20.246,1.222,1,0.15958064516129,1.06241935483871
"433","1477",21.75,-0.368,1,0.15958064516129,-0.52758064516129
"434","1477",16.337,-0.588,1,0.15958064516129,-0.74758064516129
"435","1477",16.061,0.642,1,0.15958064516129,0.48241935483871
"436","1477",11.724,0.892,1,0.15958064516129,0.73241935483871
"437","1477",19.401,1.152,1,0.15958064516129,0.99241935483871
"438","1477",2.186,-0.518,1,0.15958064516129,-0.67758064516129
"439","1477",23.204,0.002,1,0.15958064516129,-0.15758064516129
"440","1477",12.755,0.202,1,0.15958064516129,0.0424193548387097
"441","1477",14.076,1.512,1,0.15958064516129,1.35241935483871
"442","1477",22.493,-0.238,1,0.15958064516129,-0.39758064516129
"443","1477",22.714,0.022,1,0.15958064516129,-0.13758064516129
"444","1477",11.031,0.562,1,0.15958064516129,0.40241935483871
"445","1477",18.777,-0.658,1,0.15958064516129,-0.81758064516129
"446","1477",24.107,0.352,1,0.15958064516129,0.19241935483871
"447","1477",23.004,0.702,1,0.15958064516129,0.54241935483871
"448","1477",8.136,-0.588,1,0.15958064516129,-0.74758064516129
"449","1477",10.714,0.152,1,0.15958064516129,-0.00758064516129034
"450","1477",12.59,-0.218,1,0.15958064516129,-0.37758064516129
"451","1477",14.732,0.932,1,0.15958064516129,0.77241935483871
"452","1477",22.396,1.312,1,0.15958064516129,1.15241935483871
"453","1477",16.304,0.352,1,0.15958064516129,0.19241935483871
"454","1477",16.19,-0.748,1,0.15958064516129,-0.90758064516129
"455","1477",7.275,0.652,1,0.15958064516129,0.49241935483871
"456","1477",14.809,0.652,1,0.15958064516129,0.49241935483871
"457","1477",-0.203,0.042,1,0.15958064516129,-0.11758064516129
"458","1477",17.967,-0.808,1,0.15958064516129,-0.96758064516129
"459","1477",24.247,1.342,1,0.15958064516129,1.18241935483871
"460","1477",6.946,1.512,1,0.15958064516129,1.35241935483871
"461","1477",17.791,0.492,1,0.15958064516129,0.33241935483871
"462","1477",8.856,0.152,1,0.15958064516129,-0.00758064516129034
"463","1477",10.349,-0.818,1,0.15958064516129,-0.97758064516129
"464","1477",9.44,-0.918,1,0.15958064516129,-1.07758064516129
"465","1477",4.999,1.072,1,0.15958064516129,0.91241935483871
"466","1477",7.873,0.252,1,0.15958064516129,0.0924193548387097
"467","1477",17.007,-0.548,1,0.15958064516129,-0.70758064516129
"468","1477",16.262,0.072,1,0.15958064516129,-0.0875806451612903
"469","1477",0.466,-1.408,1,0.15958064516129,-1.56758064516129
"470","1477",18.887,0.052,1,0.15958064516129,-0.10758064516129
"471","1477",24.812,-0.118,1,0.15958064516129,-0.27758064516129
"472","1477",15.245,1.212,1,0.15958064516129,1.05241935483871
"473","1477",14.958,-0.268,1,0.15958064516129,-0.42758064516129
"474","1477",12.508,-0.248,1,0.15958064516129,-0.40758064516129
"475","1477",21.853,0.632,1,0.15958064516129,0.47241935483871
"476","1477",20.844,-0.158,1,0.15958064516129,-0.31758064516129
"477","1477",5.418,-0.208,1,0.15958064516129,-0.36758064516129
"478","1499",5.608,-0.678,0,-0.465924528301887,-0.212075471698113
"479","1499",18.352,-0.158,0,-0.465924528301887,0.307924528301887
"480","1499",5.949,-0.468,0,-0.465924528301887,-0.00207547169811323
"481","1499",-1.462,-0.148,0,-0.465924528301887,0.317924528301887
"482","1499",4.087,-0.928,0,-0.465924528301887,-0.462075471698113
"483","1499",10.258,-0.218,0,-0.465924528301887,0.247924528301887
"484","1499",21.791,0.662,0,-0.465924528301887,1.12792452830189
"485","1499",1.365,-0.228,0,-0.465924528301887,0.237924528301887
"486","1499",1.73,-0.368,0,-0.465924528301887,0.0979245283018868
"487","1499",5.093,0.342,0,-0.465924528301887,0.807924528301887
"488","1499",17.572,0.692,0,-0.465924528301887,1.15792452830189
"489","1499",11.211,-0.898,0,-0.465924528301887,-0.432075471698113
"490","1499",6.018,-0.578,0,-0.465924528301887,-0.112075471698113
"491","1499",6.394,-1.178,0,-0.465924528301887,-0.712075471698113
"492","1499",14.681,-1.608,0,-0.465924528301887,-1.14207547169811
"493","1499",11.868,-1.048,0,-0.465924528301887,-0.582075471698113
"494","1499",2.404,0.382,0,-0.465924528301887,0.847924528301887
"495","1499",2.042,-0.958,0,-0.465924528301887,-0.492075471698113
"496","1499",11.685,0.432,0,-0.465924528301887,0.897924528301887
"497","1499",-0.818,-1.808,0,-0.465924528301887,-1.34207547169811
"498","1499",6.718,-1.068,0,-0.465924528301887,-0.602075471698113
"499","1499",13.72,-0.008,0,-0.465924528301887,0.457924528301887
"500","1499",21.907,0.222,0,-0.465924528301887,0.687924528301887
"501","1499",-2.195,-0.498,0,-0.465924528301887,-0.0320754716981132
"502","1499",8.519,-0.258,0,-0.465924528301887,0.207924528301887
"503","1499",1.679,-1.788,0,-0.465924528301887,-1.32207547169811
"504","1499",-1.744,-0.648,0,-0.465924528301887,-0.182075471698113
"505","1499",6.795,-0.178,0,-0.465924528301887,0.287924528301887
"506","1499",4.179,-1.078,0,-0.465924528301887,-0.612075471698113
"507","1499",7.709,-0.398,0,-0.465924528301887,0.0679245283018868
"508","1499",5.35,0.832,0,-0.465924528301887,1.29792452830189
"509","1499",0.259,-0.678,0,-0.465924528301887,-0.212075471698113
"510","1499",7.983,-0.348,0,-0.465924528301887,0.117924528301887
"511","1499",9.901,0.192,0,-0.465924528301887,0.657924528301887
"512","1499",2.497,-1.468,0,-0.465924528301887,-1.00207547169811
"513","1499",23.542,0.362,0,-0.465924528301887,0.827924528301887
"514","1499",13.571,-0.328,0,-0.465924528301887,0.137924528301887
"515","1499",21.421,-0.148,0,-0.465924528301887,0.317924528301887
"516","1499",3.676,-0.938,0,-0.465924528301887,-0.472075471698113
"517","1499",4.856,-0.018,0,-0.465924528301887,0.447924528301887
"518","1499",14.056,0.842,0,-0.465924528301887,1.30792452830189
"519","1499",1.67,-1.598,0,-0.465924528301887,-1.13207547169811
"520","1499",8.401,-0.218,0,-0.465924528301887,0.247924528301887
"521","1499",10.964,-1.068,0,-0.465924528301887,-0.602075471698113
"522","1499",11.955,-0.628,0,-0.465924528301887,-0.162075471698113
"523","1499",1.647,-1.068,0,-0.465924528301887,-0.602075471698113
"524","1499",4.267,-1.118,0,-0.465924528301887,-0.652075471698113
"525","1499",5.376,-0.228,0,-0.465924528301887,0.237924528301887
"526","1499",6.672,0.282,0,-0.465924528301887,0.747924528301887
"527","1499",8.532,-1.818,0,-0.465924528301887,-1.35207547169811
"528","1499",5.681,0.542,0,-0.465924528301887,1.00792452830189
"529","1499",2.727,-1.718,0,-0.465924528301887,-1.25207547169811
"530","1499",7.88,0.102,0,-0.465924528301887,0.567924528301887
"531","1637",4.213,-0.158,0,-0.705407407407407,0.547407407407407
"532","1637",10.524,-0.658,0,-0.705407407407407,0.0474074074074073
"533","1637",5.571,0.622,0,-0.705407407407407,1.32740740740741
"534","1637",4.062,-1.748,0,-0.705407407407407,-1.04259259259259
"535","1637",9.826,0.232,0,-0.705407407407407,0.937407407407407
"536","1637",-0.538,-0.368,0,-0.705407407407407,0.337407407407407
"537","1637",7.032,-0.388,0,-0.705407407407407,0.317407407407407
"538","1637",-1.437,-1.238,0,-0.705407407407407,-0.532592592592593
"539","1637",3.77,-0.968,0,-0.705407407407407,-0.262592592592593
"540","1637",6.689,-0.498,0,-0.705407407407407,0.207407407407407
"541","1637",-2.832,-0.028,0,-0.705407407407407,0.677407407407407
"542","1637",1.74,-1.688,0,-0.705407407407407,-0.982592592592593
"543","1637",4.814,-0.648,0,-0.705407407407407,0.0574074074074074
"544","1637",7.723,-0.688,0,-0.705407407407407,0.0174074074074074
"545","1637",3.595,-1.408,0,-0.705407407407407,-0.702592592592593
"546","1637",24.993,0.742,0,-0.705407407407407,1.44740740740741
"547","1637",17.621,-1.948,0,-0.705407407407407,-1.24259259259259
"548","1637",18.052,-0.688,0,-0.705407407407407,0.0174074074074074
"549","1637",7.138,-1.518,0,-0.705407407407407,-0.812592592592593
"550","1637",2.202,-0.758,0,-0.705407407407407,-0.0525925925925926
"551","1637",6.065,-1.278,0,-0.705407407407407,-0.572592592592593
"552","1637",11.613,-1.548,0,-0.705407407407407,-0.842592592592593
"553","1637",-1.211,-0.708,0,-0.705407407407407,-0.00259259259259259
"554","1637",14.536,0.242,0,-0.705407407407407,0.947407407407407
"555","1637",-2.374,-1.748,0,-0.705407407407407,-1.04259259259259
"556","1637",20.394,0.362,0,-0.705407407407407,1.06740740740741
"557","1637",5.87,-0.568,0,-0.705407407407407,0.137407407407407
"558","1906",14.449,0.132,1,0.511622641509434,-0.379622641509434
"559","1906",20.455,0.382,1,0.511622641509434,-0.129622641509434
"560","1906",22.826,1.082,1,0.511622641509434,0.570377358490566
"561","1906",16.801,-0.538,1,0.511622641509434,-1.04962264150943
"562","1906",9.995,0.992,1,0.511622641509434,0.480377358490566
"563","1906",23.482,-0.588,1,0.511622641509434,-1.09962264150943
"564","1906",17.985,0.822,1,0.511622641509434,0.310377358490566
"565","1906",14.63,0.702,1,0.511622641509434,0.190377358490566
"566","1906",16.667,1.012,1,0.511622641509434,0.500377358490566
"567","1906",14.171,0.602,1,0.511622641509434,0.0903773584905661
"568","1906",20.115,-0.298,1,0.511622641509434,-0.809622641509434
"569","1906",4.805,-0.518,1,0.511622641509434,-1.02962264150943
"570","1906",22.107,0.592,1,0.511622641509434,0.080377358490566
"571","1906",21.122,0.382,1,0.511622641509434,-0.129622641509434
"572","1906",10.484,0.152,1,0.511622641509434,-0.359622641509434
"573","1906",21.028,-0.088,1,0.511622641509434,-0.599622641509434
"574","1906",24.457,0.202,1,0.511622641509434,-0.309622641509434
"575","1906",0.901,-0.278,1,0.511622641509434,-0.789622641509434
"576","1906",13.83,-0.508,1,0.511622641509434,-1.01962264150943
"577","1906",23.345,1.512,1,0.511622641509434,1.00037735849057
"578","1906",22.222,1.122,1,0.511622641509434,0.610377358490566
"579","1906",7.865,1.512,1,0.511622641509434,1.00037735849057
"580","1906",14.798,-0.068,1,0.511622641509434,-0.579622641509434
"581","1906",11.586,0.462,1,0.511622641509434,-0.0496226415094339
"582","1906",7.297,0.362,1,0.511622641509434,-0.149622641509434
"583","1906",21.556,1.082,1,0.511622641509434,0.570377358490566
"584","1906",18.386,1.512,1,0.511622641509434,1.00037735849057
"585","1906",23.062,0.802,1,0.511622641509434,0.290377358490566
"586","1906",12.15,0.272,1,0.511622641509434,-0.239622641509434
"587","1906",24.247,1.152,1,0.511622641509434,0.640377358490566
"588","1906",18.531,1.122,1,0.511622641509434,0.610377358490566
"589","1906",4.94,-0.138,1,0.511622641509434,-0.649622641509434
"590","1906",7.663,0.292,1,0.511622641509434,-0.219622641509434
"591","1906",16.426,0.272,1,0.511622641509434,-0.239622641509434
"592","1906",24.479,-0.138,1,0.511622641509434,-0.649622641509434
"593","1906",22.59,1.292,1,0.511622641509434,0.780377358490566
"594","1906",18.189,1.422,1,0.511622641509434,0.910377358490566
"595","1906",15.602,0.952,1,0.511622641509434,0.440377358490566
"596","1906",11.04,0.002,1,0.511622641509434,-0.509622641509434
"597","1906",12.916,0.532,1,0.511622641509434,0.0203773584905661
"598","1906",6.992,1.512,1,0.511622641509434,1.00037735849057
"599","1906",24.479,1.012,1,0.511622641509434,0.500377358490566
"600","1906",8.609,-0.378,1,0.511622641509434,-0.889622641509434
"601","1906",12.152,0.632,1,0.511622641509434,0.120377358490566
"602","1906",21.572,0.892,1,0.511622641509434,0.380377358490566
"603","1906",17.926,1.292,1,0.511622641509434,0.780377358490566
"604","1906",-1.603,0.282,1,0.511622641509434,-0.229622641509434
"605","1906",23.231,0.102,1,0.511622641509434,-0.409622641509434
"606","1906",10.257,1.012,1,0.511622641509434,0.500377358490566
"607","1906",20.194,-0.048,1,0.511622641509434,-0.559622641509434
"608","1906",16.312,1.012,1,0.511622641509434,0.500377358490566
"609","1906",17.127,0.412,1,0.511622641509434,-0.099622641509434
"610","1906",20.66,-0.188,1,0.511622641509434,-0.699622641509434
"611","1909",12.165,0.482,0,0.248071428571429,0.233928571428571
"612","1909",18.478,0.272,0,0.248071428571429,0.0239285714285714
"613","1909",7.892,-1.288,0,0.248071428571429,-1.53607142857143
"614","1909",8.645,0.762,0,0.248071428571429,0.513928571428571
"615","1909",17.342,0.642,0,0.248071428571429,0.393928571428571
"616","1909",8.357,1.172,0,0.248071428571429,0.923928571428571
"617","1909",13.907,0.182,0,0.248071428571429,-0.0660714285714286
"618","1909",23.096,0.972,0,0.248071428571429,0.723928571428571
"619","1909",7.539,-0.028,0,0.248071428571429,-0.276071428571429
"620","1909",23.286,1.022,0,0.248071428571429,0.773928571428571
"621","1909",14.593,0.892,0,0.248071428571429,0.643928571428571
"622","1909",22.053,-0.018,0,0.248071428571429,-0.266071428571429
"623","1909",12.5,-0.478,0,0.248071428571429,-0.726071428571429
"624","1909",23.93,1.512,0,0.248071428571429,1.26392857142857
"625","1909",4.605,-0.138,0,0.248071428571429,-0.386071428571429
"626","1909",15.322,-0.718,0,0.248071428571429,-0.966071428571429
"627","1909",5.69,-0.738,0,0.248071428571429,-0.986071428571429
"628","1909",18.638,-0.148,0,0.248071428571429,-0.396071428571429
"629","1909",17.06,0.892,0,0.248071428571429,0.643928571428571
"630","1909",19.385,0.532,0,0.248071428571429,0.283928571428571
"631","1909",17.416,-0.178,0,0.248071428571429,-0.426071428571429
"632","1909",20.664,-0.118,0,0.248071428571429,-0.366071428571429
"633","1909",22.585,0.312,0,0.248071428571429,0.0639285714285714
"634","1909",16,-0.258,0,0.248071428571429,-0.506071428571429
"635","1909",7.327,0.682,0,0.248071428571429,0.433928571428571
"636","1909",12.279,0.332,0,0.248071428571429,0.0839285714285714
"637","1909",8.132,1.362,0,0.248071428571429,1.11392857142857
"638","1909",4.967,-0.968,0,0.248071428571429,-1.21607142857143
"639","1942",16.387,0.802,0,0.682,0.12
"640","1942",24.993,1.072,0,0.682,0.39
"641","1942",21.084,0.702,0,0.682,0.0199999999999999
"642","1942",22.337,0.922,0,0.682,0.24
"643","1942",12.398,1.372,0,0.682,0.69
"644","1942",24.041,0.412,0,0.682,-0.27
"645","1942",23.856,1.162,0,0.682,0.48
"646","1942",20.514,-0.568,0,0.682,-1.25
"647","1942",23.023,1.282,0,0.682,0.6
"648","1942",11.015,0.052,0,0.682,-0.63
"649","1942",15.63,0.552,0,0.682,-0.13
"650","1942",23.613,1.052,0,0.682,0.37
"651","1942",16.903,1.192,0,0.682,0.51
"652","1942",13.926,0.312,0,0.682,-0.37
"653","1942",17.344,1.152,0,0.682,0.47
"654","1942",20.979,0.212,0,0.682,-0.47
"655","1942",11.204,0.902,0,0.682,0.22
"656","1942",22.116,1.032,0,0.682,0.35
"657","1942",9.468,0.002,0,0.682,-0.68
"658","1942",18.211,0.132,0,0.682,-0.55
"659","1942",22.681,-0.298,0,0.682,-0.98
"660","1942",21.991,0.442,0,0.682,-0.24
"661","1942",14.13,0.642,0,0.682,-0.04
"662","1942",20.088,1.242,0,0.682,0.56
"663","1942",24.479,1.192,0,0.682,0.51
"664","1942",22.288,0.442,0,0.682,-0.24
"665","1942",3.209,1.512,0,0.682,0.83
"666","1942",14.702,0.532,0,0.682,-0.15
"667","1942",12.606,0.322,0,0.682,-0.36
"668","1946",24.993,1.002,0,0.00405128205128205,0.997948717948718
"669","1946",9.154,-0.308,0,0.00405128205128205,-0.312051282051282
"670","1946",19.017,1.312,0,0.00405128205128205,1.30794871794872
"671","1946",21.062,0.882,0,0.00405128205128205,0.877948717948718
"672","1946",18.04,0.012,0,0.00405128205128205,0.00794871794871795
"673","1946",11.075,1.382,0,0.00405128205128205,1.37794871794872
"674","1946",7.84,-0.278,0,0.00405128205128205,-0.282051282051282
"675","1946",22.326,0.462,0,0.00405128205128205,0.457948717948718
"676","1946",1.755,0.052,0,0.00405128205128205,0.0479487179487179
"677","1946",7.341,-1.068,0,0.00405128205128205,-1.07205128205128
"678","1946",23.834,0.762,0,0.00405128205128205,0.757948717948718
"679","1946",4.784,0.462,0,0.00405128205128205,0.457948717948718
"680","1946",8.755,0.102,0,0.00405128205128205,0.0979487179487179
"681","1946",7.833,0.172,0,0.00405128205128205,0.167948717948718
"682","1946",11.71,0.062,0,0.00405128205128205,0.0579487179487179
"683","1946",22.986,0.492,0,0.00405128205128205,0.487948717948718
"684","1946",16.863,-0.758,0,0.00405128205128205,-0.762051282051282
"685","1946",2.913,0.632,0,0.00405128205128205,0.627948717948718
"686","1946",21.883,-1.058,0,0.00405128205128205,-1.06205128205128
"687","1946",6.358,-0.648,0,0.00405128205128205,-0.652051282051282
"688","1946",7.938,-0.118,0,0.00405128205128205,-0.122051282051282
"689","1946",7.937,-1.378,0,0.00405128205128205,-1.38205128205128
"690","1946",22.254,0.492,0,0.00405128205128205,0.487948717948718
"691","1946",8.375,-1.248,0,0.00405128205128205,-1.25205128205128
"692","1946",18.362,0.402,0,0.00405128205128205,0.397948717948718
"693","1946",12.624,0.312,0,0.00405128205128205,0.307948717948718
"694","1946",14.393,-0.588,0,0.00405128205128205,-0.592051282051282
"695","1946",19.117,-0.008,0,0.00405128205128205,-0.0120512820512821
"696","1946",22.354,0.012,0,0.00405128205128205,0.00794871794871795
"697","1946",17.672,-0.458,0,0.00405128205128205,-0.462051282051282
"698","1946",3.605,-1.398,0,0.00405128205128205,-1.40205128205128
"699","1946",7.778,-0.128,0,0.00405128205128205,-0.132051282051282
"700","1946",14.635,0.792,0,0.00405128205128205,0.787948717948718
"701","1946",10.79,-0.248,0,0.00405128205128205,-0.252051282051282
"702","1946",6.149,-0.158,0,0.00405128205128205,-0.162051282051282
"703","1946",4.468,-0.138,0,0.00405128205128205,-0.142051282051282
"704","1946",3.209,-0.318,0,0.00405128205128205,-0.322051282051282
"705","1946",11.625,0.802,0,0.00405128205128205,0.797948717948718
"706","1946",19.622,-0.138,0,0.00405128205128205,-0.142051282051282
"707","2030",16.028,0.382,0,0.328382978723404,0.0536170212765957
"708","2030",12.927,0.862,0,0.328382978723404,0.533617021276596
"709","2030",9.733,0.072,0,0.328382978723404,-0.256382978723404
"710","2030",20.932,0.782,0,0.328382978723404,0.453617021276596
"711","2030",7.054,1.512,0,0.328382978723404,1.1836170212766
"712","2030",4.461,1.022,0,0.328382978723404,0.693617021276596
"713","2030",18.399,1.182,0,0.328382978723404,0.853617021276596
"714","2030",15.332,1.202,0,0.328382978723404,0.873617021276596
"715","2030",11.536,-0.218,0,0.328382978723404,-0.546382978723404
"716","2030",15.893,0.402,0,0.328382978723404,0.0736170212765958
"717","2030",5.912,-0.458,0,0.328382978723404,-0.786382978723404
"718","2030",23.108,0.552,0,0.328382978723404,0.223617021276596
"719","2030",5.129,0.932,0,0.328382978723404,0.603617021276596
"720","2030",9.32,-0.828,0,0.328382978723404,-1.1563829787234
"721","2030",8.255,-0.918,0,0.328382978723404,-1.2463829787234
"722","2030",4.756,-0.118,0,0.328382978723404,-0.446382978723404
"723","2030",9.184,0.972,0,0.328382978723404,0.643617021276596
"724","2030",6.21,-0.878,0,0.328382978723404,-1.2063829787234
"725","2030",14.699,0.472,0,0.328382978723404,0.143617021276596
"726","2030",15.463,1.512,0,0.328382978723404,1.1836170212766
"727","2030",2.796,-0.188,0,0.328382978723404,-0.516382978723404
"728","2030",15.564,-0.538,0,0.328382978723404,-0.866382978723404
"729","2030",13.452,-0.538,0,0.328382978723404,-0.866382978723404
"730","2030",16.257,0.712,0,0.328382978723404,0.383617021276596
"731","2030",19.887,0.172,0,0.328382978723404,-0.156382978723404
"732","2030",11.883,-1.178,0,0.328382978723404,-1.5063829787234
"733","2030",2.731,0.172,0,0.328382978723404,-0.156382978723404
"734","2030",4.696,0.982,0,0.328382978723404,0.653617021276596
"735","2030",1.227,1.142,0,0.328382978723404,0.813617021276596
"736","2030",15.608,0.702,0,0.328382978723404,0.373617021276596
"737","2030",24.297,1.072,0,0.328382978723404,0.743617021276596
"738","2030",2.625,1.042,0,0.328382978723404,0.713617021276596
"739","2030",22.167,0.282,0,0.328382978723404,-0.0463829787234043
"740","2030",10.916,-0.648,0,0.328382978723404,-0.976382978723404
"741","2030",5.366,-0.178,0,0.328382978723404,-0.506382978723404
"742","2030",9.004,0.212,0,0.328382978723404,-0.116382978723404
"743","2030",13.732,0.932,0,0.328382978723404,0.603617021276596
"744","2030",19.118,0.502,0,0.328382978723404,0.173617021276596
"745","2030",23.736,0.272,0,0.328382978723404,-0.0563829787234043
"746","2030",4.328,-0.078,0,0.328382978723404,-0.406382978723404
"747","2030",6.72,0.242,0,0.328382978723404,-0.0863829787234043
"748","2030",12.692,0.112,0,0.328382978723404,-0.216382978723404
"749","2030",19.624,-0.118,0,0.328382978723404,-0.446382978723404
"750","2030",16.604,1.302,0,0.328382978723404,0.973617021276596
"751","2030",16.569,0.212,0,0.328382978723404,-0.116382978723404
"752","2030",11.47,0.352,0,0.328382978723404,0.0236170212765957
"753","2030",10.275,0.042,0,0.328382978723404,-0.286382978723404
"754","2208",20.633,0.702,1,0.423166666666667,0.278833333333333
"755","2208",17.075,0.002,1,0.423166666666667,-0.421166666666667
"756","2208",5.958,-0.318,1,0.423166666666667,-0.741166666666667
"757","2208",12.663,1.022,1,0.423166666666667,0.598833333333333
"758","2208",13.684,-0.268,1,0.423166666666667,-0.691166666666667
"759","2208",17.699,-0.148,1,0.423166666666667,-0.571166666666667
"760","2208",16.658,1.652,1,0.423166666666667,1.22883333333333
"761","2208",23.449,1.202,1,0.423166666666667,0.778833333333333
"762","2208",23.822,0.012,1,0.423166666666667,-0.411166666666667
"763","2208",7.847,-0.478,1,0.423166666666667,-0.901166666666667
"764","2208",18.46,1.392,1,0.423166666666667,0.968833333333333
"765","2208",22.136,1.122,1,0.423166666666667,0.698833333333333
"766","2208",21.007,0.842,1,0.423166666666667,0.418833333333333
"767","2208",23.141,1.152,1,0.423166666666667,0.728833333333333
"768","2208",7.237,0.202,1,0.423166666666667,-0.221166666666667
"769","2208",22.057,0.662,1,0.423166666666667,0.238833333333333
"770","2208",4.206,-0.298,1,0.423166666666667,-0.721166666666667
"771","2208",17.56,0.772,1,0.423166666666667,0.348833333333333
"772","2208",12.281,0.792,1,0.423166666666667,0.368833333333333
"773","2208",17.706,1.392,1,0.423166666666667,0.968833333333333
"774","2208",20.026,0.432,1,0.423166666666667,0.0088333333333333
"775","2208",21.744,-0.108,1,0.423166666666667,-0.531166666666667
"776","2208",17.163,0.982,1,0.423166666666667,0.558833333333333
"777","2208",11.373,0.852,1,0.423166666666667,0.428833333333333
"778","2208",6.795,-0.188,1,0.423166666666667,-0.611166666666667
"779","2208",23.159,-0.598,1,0.423166666666667,-1.02116666666667
"780","2208",14.315,0.562,1,0.423166666666667,0.138833333333333
"781","2208",3.51,0.182,1,0.423166666666667,-0.241166666666667
"782","2208",10.983,-0.118,1,0.423166666666667,-0.541166666666667
"783","2208",13.021,0.632,1,0.423166666666667,0.208833333333333
"784","2208",7.956,-0.438,1,0.423166666666667,-0.861166666666667
"785","2208",8.782,0.202,1,0.423166666666667,-0.221166666666667
"786","2208",7.155,1.002,1,0.423166666666667,0.578833333333333
"787","2208",17.536,0.572,1,0.423166666666667,0.148833333333333
"788","2208",4.786,0.182,1,0.423166666666667,-0.241166666666667
"789","2208",14.15,0.482,1,0.423166666666667,0.0588333333333333
"790","2208",19.604,-0.068,1,0.423166666666667,-0.491166666666667
"791","2208",16.841,-0.348,1,0.423166666666667,-0.771166666666667
"792","2208",17.839,-0.908,1,0.423166666666667,-1.33116666666667
"793","2208",6.078,0.772,1,0.423166666666667,0.348833333333333
"794","2208",11.21,0.702,1,0.423166666666667,0.278833333333333
"795","2208",12.497,0.932,1,0.423166666666667,0.508833333333333
"796","2208",23.529,0.932,1,0.423166666666667,0.508833333333333
"797","2208",18.196,-0.468,1,0.423166666666667,-0.891166666666667
"798","2208",16.353,-0.118,1,0.423166666666667,-0.541166666666667
"799","2208",20.628,0.792,1,0.423166666666667,0.368833333333333
"800","2208",24.707,0.202,1,0.423166666666667,-0.221166666666667
"801","2208",21.009,0.212,1,0.423166666666667,-0.211166666666667
"802","2208",21.89,0.142,1,0.423166666666667,-0.281166666666667
"803","2208",22.16,0.112,1,0.423166666666667,-0.311166666666667
"804","2208",8.438,-0.368,1,0.423166666666667,-0.791166666666667
"805","2208",9.796,0.782,1,0.423166666666667,0.358833333333333
"806","2208",23.955,1.182,1,0.423166666666667,0.758833333333333
"807","2208",16.76,1.122,1,0.423166666666667,0.698833333333333
"808","2208",16.302,1.202,1,0.423166666666667,0.778833333333333
"809","2208",19.196,0.682,1,0.423166666666667,0.258833333333333
"810","2208",11.457,0.802,1,0.423166666666667,0.378833333333333
"811","2208",20.3,1.032,1,0.423166666666667,0.608833333333333
"812","2208",14.845,0.242,1,0.423166666666667,-0.181166666666667
"813","2208",2.957,-0.218,1,0.423166666666667,-0.641166666666667
"814","2277",3.472,-0.718,1,-0.761934426229508,0.0439344262295083
"815","2277",4.261,1.762,1,-0.761934426229508,2.52393442622951
"816","2277",6.328,-1.258,1,-0.761934426229508,-0.496065573770492
"817","2277",10.308,-0.678,1,-0.761934426229508,0.0839344262295082
"818","2277",4.097,-0.708,1,-0.761934426229508,0.0539344262295083
"819","2277",10.24,-0.598,1,-0.761934426229508,0.163934426229508
"820","2277",8.089,-1.148,1,-0.761934426229508,-0.386065573770492
"821","2277",6.932,-0.798,1,-0.761934426229508,-0.0360655737704918
"822","2277",20.906,-1.378,1,-0.761934426229508,-0.616065573770492
"823","2277",3.522,-0.398,1,-0.761934426229508,0.363934426229508
"824","2277",13.643,-0.548,1,-0.761934426229508,0.213934426229508
"825","2277",12.865,-0.948,1,-0.761934426229508,-0.186065573770492
"826","2277",8.642,-0.138,1,-0.761934426229508,0.623934426229508
"827","2277",5.252,-1.198,1,-0.761934426229508,-0.436065573770492
"828","2277",15.778,-1.008,1,-0.761934426229508,-0.246065573770492
"829","2277",10.371,-0.858,1,-0.761934426229508,-0.0960655737704917
"830","2277",3.235,-0.468,1,-0.761934426229508,0.293934426229508
"831","2277",4.782,-0.678,1,-0.761934426229508,0.0839344262295082
"832","2277",3.677,-0.188,1,-0.761934426229508,0.573934426229508
"833","2277",18.532,-0.218,1,-0.761934426229508,0.543934426229508
"834","2277",1.938,0.502,1,-0.761934426229508,1.26393442622951
"835","2277",8.293,-0.208,1,-0.761934426229508,0.553934426229508
"836","2277",12.412,-0.768,1,-0.761934426229508,-0.00606557377049177
"837","2277",16.13,-0.988,1,-0.761934426229508,-0.226065573770492
"838","2277",2.891,-1.448,1,-0.761934426229508,-0.686065573770492
"839","2277",6.701,-1.718,1,-0.761934426229508,-0.956065573770492
"840","2277",12.075,0.052,1,-0.761934426229508,0.813934426229508
"841","2277",10.425,-0.178,1,-0.761934426229508,0.583934426229508
"842","2277",12.573,-1.308,1,-0.761934426229508,-0.546065573770492
"843","2277",9.146,-1.648,1,-0.761934426229508,-0.886065573770492
"844","2277",4.559,-1.058,1,-0.761934426229508,-0.296065573770492
"845","2277",2.38,-1.158,1,-0.761934426229508,-0.396065573770492
"846","2277",8.309,-0.778,1,-0.761934426229508,-0.0160655737704918
"847","2277",6.061,0.582,1,-0.761934426229508,1.34393442622951
"848","2277",6.098,-0.428,1,-0.761934426229508,0.333934426229508
"849","2277",16.248,-1.458,1,-0.761934426229508,-0.696065573770492
"850","2277",2.462,-1.178,1,-0.761934426229508,-0.416065573770492
"851","2277",4.069,-1.498,1,-0.761934426229508,-0.736065573770492
"852","2277",15.922,-1.278,1,-0.761934426229508,-0.516065573770492
"853","2277",18.118,-0.398,1,-0.761934426229508,0.363934426229508
"854","2277",13.484,0.562,1,-0.761934426229508,1.32393442622951
"855","2277",4.579,-0.528,1,-0.761934426229508,0.233934426229508
"856","2277",14.009,-1.438,1,-0.761934426229508,-0.676065573770492
"857","2277",-1.722,-0.898,1,-0.761934426229508,-0.136065573770492
"858","2277",4.322,0.122,1,-0.761934426229508,0.883934426229508
"859","2277",10.92,-1.208,1,-0.761934426229508,-0.446065573770492
"860","2277",5.081,-1.128,1,-0.761934426229508,-0.366065573770492
"861","2277",5.449,0.442,1,-0.761934426229508,1.20393442622951
"862","2277",12.725,-1.058,1,-0.761934426229508,-0.296065573770492
"863","2277",14.231,-0.858,1,-0.761934426229508,-0.0960655737704917
"864","2277",8.338,-1.078,1,-0.761934426229508,-0.316065573770492
"865","2277",18.592,-1.028,1,-0.761934426229508,-0.266065573770492
"866","2277",14.476,-1.328,1,-0.761934426229508,-0.566065573770492
"867","2277",11.975,-0.298,1,-0.761934426229508,0.463934426229508
"868","2277",10.967,-1.008,1,-0.761934426229508,-0.246065573770492
"869","2277",22.731,-1.808,1,-0.761934426229508,-1.04606557377049
"870","2277",9.048,-1.448,1,-0.761934426229508,-0.686065573770492
"871","2277",2.837,-0.118,1,-0.761934426229508,0.643934426229508
"872","2277",21.723,-1.138,1,-0.761934426229508,-0.376065573770492
"873","2277",5.467,-1.388,1,-0.761934426229508,-0.626065573770492
"874","2277",6.18,-1.318,1,-0.761934426229508,-0.556065573770492
"875","2305",16.405,-0.738,1,-0.628,-0.11
"876","2305",12.823,-1.178,1,-0.628,-0.55
"877","2305",15.256,-0.308,1,-0.628,0.32
"878","2305",12.746,-0.358,1,-0.628,0.27
"879","2305",10.246,-1.518,1,-0.628,-0.89
"880","2305",8.94,-0.518,1,-0.628,0.11
"881","2305",-1.005,-0.368,1,-0.628,0.26
"882","2305",17.401,-0.228,1,-0.628,0.4
"883","2305",15.192,0.102,1,-0.628,0.73
"884","2305",16.174,0.052,1,-0.628,0.68
"885","2305",12.433,-0.148,1,-0.628,0.48
"886","2305",16.331,-0.528,1,-0.628,0.1
"887","2305",6.51,-0.648,1,-0.628,-0.02
"888","2305",4.082,-0.598,1,-0.628,0.03
"889","2305",6.444,-1.058,1,-0.628,-0.43
"890","2305",2.734,-1.178,1,-0.628,-0.55
"891","2305",4.005,-0.358,1,-0.628,0.27
"892","2305",14.364,-1.208,1,-0.628,-0.58
"893","2305",5.624,0.162,1,-0.628,0.79
"894","2305",11.896,-1.548,1,-0.628,-0.92
"895","2305",12.313,0.182,1,-0.628,0.81
"896","2305",10.839,-1.178,1,-0.628,-0.55
"897","2305",12.199,-1.698,1,-0.628,-1.07
"898","2305",15.062,-0.148,1,-0.628,0.48
"899","2305",11.356,-0.438,1,-0.628,0.19
"900","2305",6.292,-0.388,1,-0.628,0.24
"901","2305",7.141,-0.478,1,-0.628,0.15
"902","2305",10.168,0.442,1,-0.628,1.07
"903","2305",10.567,-0.598,1,-0.628,0.03
"904","2305",12.356,-0.568,1,-0.628,0.0600000000000001
"905","2305",5.074,-0.058,1,-0.628,0.57
"906","2305",10.581,-1.088,1,-0.628,-0.46
"907","2305",13.882,-1.178,1,-0.628,-0.55
"908","2305",2.095,-0.468,1,-0.628,0.16
"909","2305",15.898,-0.568,1,-0.628,0.0600000000000001
"910","2305",14.09,-2.138,1,-0.628,-1.51
"911","2305",11.01,-1.608,1,-0.628,-0.98
"912","2305",6.407,-0.708,1,-0.628,-0.08
"913","2305",2.079,-0.008,1,-0.628,0.62
"914","2305",13.632,-0.858,1,-0.628,-0.23
"915","2305",15.303,-0.838,1,-0.628,-0.21
"916","2305",10.264,-0.438,1,-0.628,0.19
"917","2305",10.004,-0.888,1,-0.628,-0.26
"918","2305",15.857,-0.338,1,-0.628,0.29
"919","2305",18.534,-1.288,1,-0.628,-0.66
"920","2305",10.927,0.202,1,-0.628,0.83
"921","2305",9.318,1.242,1,-0.628,1.87
"922","2305",9.917,-0.778,1,-0.628,-0.15
"923","2305",6.727,0.122,1,-0.628,0.75
"924","2305",14.901,-1.458,1,-0.628,-0.83
"925","2305",13.344,-1.928,1,-0.628,-1.3
"926","2305",16.557,-1.128,1,-0.628,-0.5
"927","2305",14.038,-0.588,1,-0.628,0.04
"928","2305",10.067,-1.038,1,-0.628,-0.41
"929","2305",10.743,-1.028,1,-0.628,-0.4
"930","2305",21.352,-0.708,1,-0.628,-0.08
"931","2305",11.658,-0.038,1,-0.628,0.59
"932","2305",17.251,-1.378,1,-0.628,-0.75
"933","2305",16.406,1.192,1,-0.628,1.82
"934","2305",14.009,0.402,1,-0.628,1.03
"935","2305",7.594,-1.158,1,-0.628,-0.53
"936","2305",-0.602,-0.938,1,-0.628,-0.31
"937","2305",-0.928,-0.768,1,-0.628,-0.14
"938","2305",14.558,-0.348,1,-0.628,0.28
"939","2305",11.596,-0.078,1,-0.628,0.55
"940","2305",15.085,-1.098,1,-0.628,-0.47
"941","2305",20.108,-1.268,1,-0.628,-0.64
"942","2336",24.404,-0.228,0,0.441574468085106,-0.669574468085106
"943","2336",23.744,1.132,0,0.441574468085106,0.690425531914894
"944","2336",17.563,0.502,0,0.441574468085106,0.0604255319148936
"945","2336",23.696,0.962,0,0.441574468085106,0.520425531914894
"946","2336",24.344,0.942,0,0.441574468085106,0.500425531914894
"947","2336",14.767,1.012,0,0.441574468085106,0.570425531914894
"948","2336",18.836,0.602,0,0.441574468085106,0.160425531914894
"949","2336",4.472,0.532,0,0.441574468085106,0.0904255319148937
"950","2336",20.346,0.722,0,0.441574468085106,0.280425531914894
"951","2336",6.92,1.282,0,0.441574468085106,0.840425531914894
"952","2336",24.993,0.492,0,0.441574468085106,0.0504255319148936
"953","2336",20.255,0.972,0,0.441574468085106,0.530425531914894
"954","2336",13.082,0.522,0,0.441574468085106,0.0804255319148937
"955","2336",21.774,0.912,0,0.441574468085106,0.470425531914894
"956","2336",19.484,1.072,0,0.441574468085106,0.630425531914894
"957","2336",8.572,0.412,0,0.441574468085106,-0.0295744680851064
"958","2336",21.206,-0.798,0,0.441574468085106,-1.23957446808511
"959","2336",21.218,1.072,0,0.441574468085106,0.630425531914894
"960","2336",18.736,1.092,0,0.441574468085106,0.650425531914894
"961","2336",9.294,0.292,0,0.441574468085106,-0.149574468085106
"962","2336",4.807,0.922,0,0.441574468085106,0.480425531914894
"963","2336",17.54,0.842,0,0.441574468085106,0.400425531914894
"964","2336",13.669,0.452,0,0.441574468085106,0.0104255319148936
"965","2336",20.389,0.082,0,0.441574468085106,-0.359574468085106
"966","2336",23.188,0.912,0,0.441574468085106,0.470425531914894
"967","2336",13.853,-0.218,0,0.441574468085106,-0.659574468085106
"968","2336",21.435,0.352,0,0.441574468085106,-0.0895744680851064
"969","2336",11.351,-0.918,0,0.441574468085106,-1.35957446808511
"970","2336",21.085,-0.158,0,0.441574468085106,-0.599574468085106
"971","2336",21.185,0.452,0,0.441574468085106,0.0104255319148936
"972","2336",10.038,-0.258,0,0.441574468085106,-0.699574468085106
"973","2336",17.242,1.392,0,0.441574468085106,0.950425531914894
"974","2336",11.655,1.392,0,0.441574468085106,0.950425531914894
"975","2336",15.076,0.422,0,0.441574468085106,-0.0195744680851064
"976","2336",10.529,0.662,0,0.441574468085106,0.220425531914894
"977","2336",10.951,-0.138,0,0.441574468085106,-0.579574468085106
"978","2336",18.487,1.072,0,0.441574468085106,0.630425531914894
"979","2336",14.499,0.922,0,0.441574468085106,0.480425531914894
"980","2336",22.12,0.652,0,0.441574468085106,0.210425531914894
"981","2336",12.356,-0.428,0,0.441574468085106,-0.869574468085106
"982","2336",11.23,-0.858,0,0.441574468085106,-1.29957446808511
"983","2336",6.902,0.072,0,0.441574468085106,-0.369574468085106
"984","2336",18.254,-0.078,0,0.441574468085106,-0.519574468085106
"985","2336",22.901,1.172,0,0.441574468085106,0.730425531914894
"986","2336",11.571,-0.638,0,0.441574468085106,-1.07957446808511
"987","2336",24.993,-0.098,0,0.441574468085106,-0.539574468085106
"988","2336",11.32,-0.728,0,0.441574468085106,-1.16957446808511
"989","2458",21.403,-0.048,1,0.227789473684211,-0.275789473684211
"990","2458",14.005,1.302,1,0.227789473684211,1.07421052631579
"991","2458",19.153,0.402,1,0.227789473684211,0.174210526315789
"992","2458",7.814,-1.058,1,0.227789473684211,-1.28578947368421
"993","2458",9.829,-0.178,1,0.227789473684211,-0.405789473684211
"994","2458",22.631,0.232,1,0.227789473684211,0.00421052631578947
"995","2458",23.044,0.312,1,0.227789473684211,0.0842105263157895
"996","2458",22.743,0.852,1,0.227789473684211,0.624210526315789
"997","2458",17.205,0.262,1,0.227789473684211,0.0342105263157895
"998","2458",12.071,0.052,1,0.227789473684211,-0.175789473684211
"999","2458",19.161,-0.468,1,0.227789473684211,-0.695789473684211
"1000","2458",12.332,-0.268,1,0.227789473684211,-0.495789473684211
"1001","2458",22.681,1.512,1,0.227789473684211,1.28421052631579
"1002","2458",4.928,0.182,1,0.227789473684211,-0.0457894736842105
"1003","2458",9.142,0.242,1,0.227789473684211,0.0142105263157895
"1004","2458",24.488,1.072,1,0.227789473684211,0.84421052631579
"1005","2458",13.666,1.172,1,0.227789473684211,0.944210526315789
"1006","2458",21.451,1.082,1,0.227789473684211,0.85421052631579
"1007","2458",5.52,-0.068,1,0.227789473684211,-0.295789473684211
"1008","2458",9.09,1.122,1,0.227789473684211,0.89421052631579
"1009","2458",21.299,-0.218,1,0.227789473684211,-0.445789473684211
"1010","2458",9.922,0.192,1,0.227789473684211,-0.0357894736842105
"1011","2458",17.666,0.062,1,0.227789473684211,-0.165789473684211
"1012","2458",13.095,0.322,1,0.227789473684211,0.0942105263157895
"1013","2458",8.387,-0.448,1,0.227789473684211,-0.67578947368421
"1014","2458",20.21,0.842,1,0.227789473684211,0.614210526315789
"1015","2458",8.056,-0.938,1,0.227789473684211,-1.16578947368421
"1016","2458",23.534,0.332,1,0.227789473684211,0.104210526315789
"1017","2458",15.496,1.342,1,0.227789473684211,1.11421052631579
"1018","2458",5.215,-0.958,1,0.227789473684211,-1.18578947368421
"1019","2458",13.879,-0.888,1,0.227789473684211,-1.11578947368421
"1020","2458",6.952,0.192,1,0.227789473684211,-0.0357894736842105
"1021","2458",11.466,0.872,1,0.227789473684211,0.644210526315789
"1022","2458",9.49,0.772,1,0.227789473684211,0.544210526315789
"1023","2458",22.466,0.422,1,0.227789473684211,0.194210526315789
"1024","2458",15.287,1.102,1,0.227789473684211,0.87421052631579
"1025","2458",5.36,-0.558,1,0.227789473684211,-0.785789473684211
"1026","2458",2.454,0.142,1,0.227789473684211,-0.0857894736842106
"1027","2458",20.689,0.502,1,0.227789473684211,0.274210526315789
"1028","2458",18.814,0.722,1,0.227789473684211,0.494210526315789
"1029","2458",16.793,0.012,1,0.227789473684211,-0.215789473684211
"1030","2458",10.621,0.022,1,0.227789473684211,-0.205789473684211
"1031","2458",10.138,0.052,1,0.227789473684211,-0.175789473684211
"1032","2458",11.333,-0.888,1,0.227789473684211,-1.11578947368421
"1033","2458",10.352,-0.828,1,0.227789473684211,-1.05578947368421
"1034","2458",19.322,0.382,1,0.227789473684211,0.154210526315789
"1035","2458",6.451,0.272,1,0.227789473684211,0.0442105263157895
"1036","2458",16.445,-0.728,1,0.227789473684211,-0.955789473684211
"1037","2458",13.071,1.092,1,0.227789473684211,0.86421052631579
"1038","2458",15.096,0.302,1,0.227789473684211,0.0742105263157894
"1039","2458",9.018,0.512,1,0.227789473684211,0.284210526315789
"1040","2458",10.278,0.462,1,0.227789473684211,0.234210526315789
"1041","2458",11.406,1.022,1,0.227789473684211,0.794210526315789
"1042","2458",21.186,-0.048,1,0.227789473684211,-0.275789473684211
"1043","2458",12.293,0.312,1,0.227789473684211,0.0842105263157895
"1044","2458",11.96,-0.918,1,0.227789473684211,-1.14578947368421
"1045","2458",9.327,0.432,1,0.227789473684211,0.204210526315789
"1046","2467",7.278,-1.388,0,-0.329730769230769,-1.05826923076923
"1047","2467",10.811,-0.848,0,-0.329730769230769,-0.518269230769231
"1048","2467",10.838,-0.308,0,-0.329730769230769,0.0217307692307692
"1049","2467",15.614,-0.358,0,-0.329730769230769,-0.0282692307692308
"1050","2467",0.462,-0.648,0,-0.329730769230769,-0.318269230769231
"1051","2467",23.126,0.382,0,-0.329730769230769,0.711730769230769
"1052","2467",0.436,-0.108,0,-0.329730769230769,0.221730769230769
"1053","2467",20.276,-0.458,0,-0.329730769230769,-0.128269230769231
"1054","2467",11.854,0.702,0,-0.329730769230769,1.03173076923077
"1055","2467",11.796,-0.428,0,-0.329730769230769,-0.0982692307692308
"1056","2467",6.681,-1.158,0,-0.329730769230769,-0.828269230769231
"1057","2467",14.965,-0.138,0,-0.329730769230769,0.191730769230769
"1058","2467",19.048,-0.598,0,-0.329730769230769,-0.268269230769231
"1059","2467",-0.15,-0.018,0,-0.329730769230769,0.311730769230769
"1060","2467",5.794,-0.298,0,-0.329730769230769,0.0317307692307692
"1061","2467",7.854,-0.808,0,-0.329730769230769,-0.478269230769231
"1062","2467",13.718,-0.278,0,-0.329730769230769,0.0517307692307692
"1063","2467",5.509,-1.018,0,-0.329730769230769,-0.688269230769231
"1064","2467",23.294,0.272,0,-0.329730769230769,0.601730769230769
"1065","2467",-2.422,0.542,0,-0.329730769230769,0.871730769230769
"1066","2467",17.691,-0.348,0,-0.329730769230769,-0.0182692307692308
"1067","2467",3.031,-0.678,0,-0.329730769230769,-0.348269230769231
"1068","2467",9.067,-0.748,0,-0.329730769230769,-0.418269230769231
"1069","2467",17.59,-0.218,0,-0.329730769230769,0.111730769230769
"1070","2467",16.866,0.532,0,-0.329730769230769,0.861730769230769
"1071","2467",2.851,-0.798,0,-0.329730769230769,-0.468269230769231
"1072","2467",7.268,0.402,0,-0.329730769230769,0.731730769230769
"1073","2467",14.486,-0.478,0,-0.329730769230769,-0.148269230769231
"1074","2467",24.012,-0.588,0,-0.329730769230769,-0.258269230769231
"1075","2467",7.056,-0.308,0,-0.329730769230769,0.0217307692307692
"1076","2467",12.031,-0.358,0,-0.329730769230769,-0.0282692307692308
"1077","2467",7.003,0.122,0,-0.329730769230769,0.451730769230769
"1078","2467",7.262,-0.658,0,-0.329730769230769,-0.328269230769231
"1079","2467",14.525,-0.658,0,-0.329730769230769,-0.328269230769231
"1080","2467",4.076,-0.598,0,-0.329730769230769,-0.268269230769231
"1081","2467",5.191,-0.908,0,-0.329730769230769,-0.578269230769231
"1082","2467",16.51,0.282,0,-0.329730769230769,0.611730769230769
"1083","2467",17.246,1.022,0,-0.329730769230769,1.35173076923077
"1084","2467",3.678,-1.068,0,-0.329730769230769,-0.738269230769231
"1085","2467",0.861,0.062,0,-0.329730769230769,0.391730769230769
"1086","2467",-0.26,-1.368,0,-0.329730769230769,-1.03826923076923
"1087","2467",14.484,-0.248,0,-0.329730769230769,0.0817307692307692
"1088","2467",10.623,-0.118,0,-0.329730769230769,0.211730769230769
"1089","2467",2.669,-0.158,0,-0.329730769230769,0.171730769230769
"1090","2467",18.706,-0.528,0,-0.329730769230769,-0.198269230769231
"1091","2467",9.273,-0.208,0,-0.329730769230769,0.121730769230769
"1092","2467",19.114,-0.308,0,-0.329730769230769,0.0217307692307692
"1093","2467",8.125,0.212,0,-0.329730769230769,0.541730769230769
"1094","2467",6.415,0.062,0,-0.329730769230769,0.391730769230769
"1095","2467",13.456,-0.678,0,-0.329730769230769,-0.348269230769231
"1096","2467",4.667,-0.618,0,-0.329730769230769,-0.288269230769231
"1097","2467",5.316,-0.238,0,-0.329730769230769,0.0917307692307692
"1098","2526",19.112,-0.528,1,0.326912280701754,-0.854912280701754
"1099","2526",16.9,0.522,1,0.326912280701754,0.195087719298246
"1100","2526",19.698,0.692,1,0.326912280701754,0.365087719298246
"1101","2526",17.776,0.412,1,0.326912280701754,0.0850877192982456
"1102","2526",20.733,0.852,1,0.326912280701754,0.525087719298246
"1103","2526",10.941,0.752,1,0.326912280701754,0.425087719298246
"1104","2526",18.86,1.222,1,0.326912280701754,0.895087719298246
"1105","2526",18.392,0.172,1,0.326912280701754,-0.154912280701754
"1106","2526",12.087,-0.668,1,0.326912280701754,-0.994912280701754
"1107","2526",16.605,-0.258,1,0.326912280701754,-0.584912280701754
"1108","2526",12.09,-0.028,1,0.326912280701754,-0.354912280701754
"1109","2526",24.993,1.122,1,0.326912280701754,0.795087719298246
"1110","2526",21.453,0.632,1,0.326912280701754,0.305087719298246
"1111","2526",17.178,-0.358,1,0.326912280701754,-0.684912280701754
"1112","2526",19.963,-0.118,1,0.326912280701754,-0.444912280701754
"1113","2526",16.036,0.142,1,0.326912280701754,-0.184912280701754
"1114","2526",18.227,1.122,1,0.326912280701754,0.795087719298246
"1115","2526",22.412,-0.588,1,0.326912280701754,-0.914912280701754
"1116","2526",17.262,0.842,1,0.326912280701754,0.515087719298246
"1117","2526",12.712,-0.188,1,0.326912280701754,-0.514912280701754
"1118","2526",22.841,0.232,1,0.326912280701754,-0.0949122807017544
"1119","2526",22.437,-0.168,1,0.326912280701754,-0.494912280701754
"1120","2526",17.212,1.512,1,0.326912280701754,1.18508771929825
"1121","2526",11.594,-0.298,1,0.326912280701754,-0.624912280701754
"1122","2526",17.008,0.812,1,0.326912280701754,0.485087719298246
"1123","2526",13.369,-0.008,1,0.326912280701754,-0.334912280701754
"1124","2526",19.47,0.032,1,0.326912280701754,-0.294912280701754
"1125","2526",17.064,1.212,1,0.326912280701754,0.885087719298246
"1126","2526",21.537,-0.348,1,0.326912280701754,-0.674912280701754
"1127","2526",11.453,0.212,1,0.326912280701754,-0.114912280701754
"1128","2526",12.838,1.292,1,0.326912280701754,0.965087719298246
"1129","2526",10.81,0.532,1,0.326912280701754,0.205087719298246
"1130","2526",16.602,0.262,1,0.326912280701754,-0.0649122807017544
"1131","2526",22.387,0.512,1,0.326912280701754,0.185087719298246
"1132","2526",9.628,0.202,1,0.326912280701754,-0.124912280701754
"1133","2526",14.569,0.552,1,0.326912280701754,0.225087719298246
"1134","2526",22.381,0.352,1,0.326912280701754,0.0250877192982456
"1135","2526",17.491,-0.258,1,0.326912280701754,-0.584912280701754
"1136","2526",20.592,-0.428,1,0.326912280701754,-0.754912280701754
"1137","2526",11.739,1.262,1,0.326912280701754,0.935087719298246
"1138","2526",19.698,-1.168,1,0.326912280701754,-1.49491228070175
"1139","2526",15.184,-0.408,1,0.326912280701754,-0.734912280701754
"1140","2526",18.236,0.472,1,0.326912280701754,0.145087719298246
"1141","2526",2.81,0.492,1,0.326912280701754,0.165087719298246
"1142","2526",23.59,1.152,1,0.326912280701754,0.825087719298246
"1143","2526",24.247,0.702,1,0.326912280701754,0.375087719298246
"1144","2526",22.039,0.842,1,0.326912280701754,0.515087719298246
"1145","2526",22.541,0.192,1,0.326912280701754,-0.134912280701754
"1146","2526",12.738,0.932,1,0.326912280701754,0.605087719298246
"1147","2526",18.77,0.422,1,0.326912280701754,0.0950877192982456
"1148","2526",9.843,0.762,1,0.326912280701754,0.435087719298246
"1149","2526",11.436,0.562,1,0.326912280701754,0.235087719298246
"1150","2526",12.841,0.802,1,0.326912280701754,0.475087719298246
"1151","2526",22.354,1.022,1,0.326912280701754,0.695087719298246
"1152","2526",20.372,-0.228,1,0.326912280701754,-0.554912280701754
"1153","2526",7.359,-0.708,1,0.326912280701754,-1.03491228070175
"1154","2526",21.511,-0.428,1,0.326912280701754,-0.754912280701754
"1155","2626",11.331,0.492,0,-0.0648421052631579,0.556842105263158
"1156","2626",18.24,0.552,0,-0.0648421052631579,0.616842105263158
"1157","2626",6.624,-0.948,0,-0.0648421052631579,-0.883157894736842
"1158","2626",12.141,-0.428,0,-0.0648421052631579,-0.363157894736842
"1159","2626",15.039,0.112,0,-0.0648421052631579,0.176842105263158
"1160","2626",14.276,-0.948,0,-0.0648421052631579,-0.883157894736842
"1161","2626",24.993,-0.028,0,-0.0648421052631579,0.0368421052631579
"1162","2626",21.004,0.822,0,-0.0648421052631579,0.886842105263158
"1163","2626",7.775,-0.128,0,-0.0648421052631579,-0.0631578947368421
"1164","2626",9.463,0.772,0,-0.0648421052631579,0.836842105263158
"1165","2626",10.274,0.062,0,-0.0648421052631579,0.126842105263158
"1166","2626",17.489,-1.548,0,-0.0648421052631579,-1.48315789473684
"1167","2626",10.35,-0.448,0,-0.0648421052631579,-0.383157894736842
"1168","2626",23.7,-0.168,0,-0.0648421052631579,-0.103157894736842
"1169","2626",-2.544,-1.308,0,-0.0648421052631579,-1.24315789473684
"1170","2626",11.136,-0.138,0,-0.0648421052631579,-0.0731578947368421
"1171","2626",9.414,0.312,0,-0.0648421052631579,0.376842105263158
"1172","2626",18.085,0.702,0,-0.0648421052631579,0.766842105263158
"1173","2626",15.991,-0.098,0,-0.0648421052631579,-0.0331578947368421
"1174","2626",10.53,0.122,0,-0.0648421052631579,0.186842105263158
"1175","2626",11.221,0.062,0,-0.0648421052631579,0.126842105263158
"1176","2626",24.812,0.892,0,-0.0648421052631579,0.956842105263158
"1177","2626",13.897,-0.118,0,-0.0648421052631579,-0.0531578947368421
"1178","2626",2.57,-0.688,0,-0.0648421052631579,-0.623157894736842
"1179","2626",10.167,-0.708,0,-0.0648421052631579,-0.643157894736842
"1180","2626",15.783,0.072,0,-0.0648421052631579,0.136842105263158
"1181","2626",15.397,0.012,0,-0.0648421052631579,0.0768421052631579
"1182","2626",17.411,-0.098,0,-0.0648421052631579,-0.0331578947368421
"1183","2626",6.759,0.062,0,-0.0648421052631579,0.126842105263158
"1184","2626",17.917,-0.258,0,-0.0648421052631579,-0.193157894736842
"1185","2626",6.745,0.402,0,-0.0648421052631579,0.466842105263158
"1186","2626",15.246,-0.248,0,-0.0648421052631579,-0.183157894736842
"1187","2626",7.693,0.482,0,-0.0648421052631579,0.546842105263158
"1188","2626",18.336,0.562,0,-0.0648421052631579,0.626842105263158
"1189","2626",7.089,-0.358,0,-0.0648421052631579,-0.293157894736842
"1190","2626",8.64,-0.428,0,-0.0648421052631579,-0.363157894736842
"1191","2626",21.656,0.062,0,-0.0648421052631579,0.126842105263158
"1192","2626",22.421,0.072,0,-0.0648421052631579,0.136842105263158
"1193","2629",18.301,0.622,1,-0.137649122807018,0.759649122807018
"1194","2629",16.488,0.422,1,-0.137649122807018,0.559649122807018
"1195","2629",11.437,0.942,1,-0.137649122807018,1.07964912280702
"1196","2629",19.78,-0.358,1,-0.137649122807018,-0.220350877192982
"1197","2629",19.628,0.132,1,-0.137649122807018,0.269649122807018
"1198","2629",21.665,-0.118,1,-0.137649122807018,0.0196491228070176
"1199","2629",10.63,-0.688,1,-0.137649122807018,-0.550350877192982
"1200","2629",16.231,-0.328,1,-0.137649122807018,-0.190350877192982
"1201","2629",20.891,-0.278,1,-0.137649122807018,-0.140350877192982
"1202","2629",2.882,0.602,1,-0.137649122807018,0.739649122807018
"1203","2629",10.861,-0.028,1,-0.137649122807018,0.109649122807018
"1204","2629",14.691,-0.768,1,-0.137649122807018,-0.630350877192982
"1205","2629",12.327,-0.418,1,-0.137649122807018,-0.280350877192982
"1206","2629",3.599,0.482,1,-0.137649122807018,0.619649122807018
"1207","2629",23.792,1.212,1,-0.137649122807018,1.34964912280702
"1208","2629",15.18,0.502,1,-0.137649122807018,0.639649122807018
"1209","2629",21.592,1.302,1,-0.137649122807018,1.43964912280702
"1210","2629",19.242,-0.148,1,-0.137649122807018,-0.0103508771929824
"1211","2629",14.189,-0.138,1,-0.137649122807018,-0.000350877192982463
"1212","2629",12.134,0.422,1,-0.137649122807018,0.559649122807018
"1213","2629",13.097,-0.708,1,-0.137649122807018,-0.570350877192982
"1214","2629",13.913,0.352,1,-0.137649122807018,0.489649122807018
"1215","2629",11.437,-0.148,1,-0.137649122807018,-0.0103508771929824
"1216","2629",11.116,-0.318,1,-0.137649122807018,-0.180350877192982
"1217","2629",19.111,-0.768,1,-0.137649122807018,-0.630350877192982
"1218","2629",9.026,0.302,1,-0.137649122807018,0.439649122807018
"1219","2629",11.476,0.862,1,-0.137649122807018,0.999649122807018
"1220","2629",19.188,0.422,1,-0.137649122807018,0.559649122807018
"1221","2629",22.354,0.122,1,-0.137649122807018,0.259649122807018
"1222","2629",4.099,0.892,1,-0.137649122807018,1.02964912280702
"1223","2629",22.507,-0.998,1,-0.137649122807018,-0.860350877192982
"1224","2629",21.076,-0.738,1,-0.137649122807018,-0.600350877192982
"1225","2629",9.696,0.212,1,-0.137649122807018,0.349649122807018
"1226","2629",11.684,-0.228,1,-0.137649122807018,-0.0903508771929825
"1227","2629",5.547,-1.448,1,-0.137649122807018,-1.31035087719298
"1228","2629",16.089,-0.828,1,-0.137649122807018,-0.690350877192982
"1229","2629",22.193,0.152,1,-0.137649122807018,0.289649122807018
"1230","2629",13.635,0.242,1,-0.137649122807018,0.379649122807018
"1231","2629",16.748,0.652,1,-0.137649122807018,0.789649122807018
"1232","2629",14.209,-1.268,1,-0.137649122807018,-1.13035087719298
"1233","2629",19.688,-1.138,1,-0.137649122807018,-1.00035087719298
"1234","2629",18.323,-0.078,1,-0.137649122807018,0.0596491228070175
"1235","2629",11.32,-0.468,1,-0.137649122807018,-0.330350877192983
"1236","2629",15.967,0.252,1,-0.137649122807018,0.389649122807018
"1237","2629",17.776,-0.298,1,-0.137649122807018,-0.160350877192982
"1238","2629",7.213,-0.988,1,-0.137649122807018,-0.850350877192982
"1239","2629",15.864,-0.978,1,-0.137649122807018,-0.840350877192982
"1240","2629",16.306,-0.688,1,-0.137649122807018,-0.550350877192982
"1241","2629",6.611,-1.018,1,-0.137649122807018,-0.880350877192982
"1242","2629",14.444,0.282,1,-0.137649122807018,0.419649122807017
"1243","2629",14.218,-0.708,1,-0.137649122807018,-0.570350877192982
"1244","2629",10.781,-0.048,1,-0.137649122807018,0.0896491228070175
"1245","2629",13.667,0.042,1,-0.137649122807018,0.179649122807018
"1246","2629",19.931,1.262,1,-0.137649122807018,1.39964912280702
"1247","2629",13.217,-1.888,1,-0.137649122807018,-1.75035087719298
"1248","2629",17.705,-0.598,1,-0.137649122807018,-0.460350877192982
"1249","2629",22.971,-0.918,1,-0.137649122807018,-0.780350877192982
"1250","2639",10.647,-0.658,0,-0.964428571428571,0.306428571428571
"1251","2639",4.819,-1.088,0,-0.964428571428571,-0.123571428571429
"1252","2639",3.139,-2.078,0,-0.964428571428571,-1.11357142857143
"1253","2639",5.241,-1.128,0,-0.964428571428571,-0.163571428571428
"1254","2639",17.968,-1.308,0,-0.964428571428571,-0.343571428571429
"1255","2639",1.02,0.172,0,-0.964428571428571,1.13642857142857
"1256","2639",2.908,-0.178,0,-0.964428571428571,0.786428571428571
"1257","2639",2.006,-1.178,0,-0.964428571428571,-0.213571428571429
"1258","2639",3.757,-0.128,0,-0.964428571428571,0.836428571428571
"1259","2639",2.776,-0.558,0,-0.964428571428571,0.406428571428571
"1260","2639",16.579,-1.348,0,-0.964428571428571,-0.383571428571429
"1261","2639",5.147,-1.318,0,-0.964428571428571,-0.353571428571429
"1262","2639",23.056,-1.218,0,-0.964428571428571,-0.253571428571429
"1263","2639",2.212,-0.478,0,-0.964428571428571,0.486428571428571
"1264","2639",6.535,-1.108,0,-0.964428571428571,-0.143571428571429
"1265","2639",10.127,-0.898,0,-0.964428571428571,0.0664285714285714
"1266","2639",4.773,-1.738,0,-0.964428571428571,-0.773571428571429
"1267","2639",2.132,-0.628,0,-0.964428571428571,0.336428571428571
"1268","2639",10.793,-1.368,0,-0.964428571428571,-0.403571428571429
"1269","2639",8.065,-0.368,0,-0.964428571428571,0.596428571428571
"1270","2639",-1.482,-0.748,0,-0.964428571428571,0.216428571428571
"1271","2639",6.597,0.302,0,-0.964428571428571,1.26642857142857
"1272","2639",9.631,-1.098,0,-0.964428571428571,-0.133571428571429
"1273","2639",2.227,-1.788,0,-0.964428571428571,-0.823571428571429
"1274","2639",4.676,0.102,0,-0.964428571428571,1.06642857142857
"1275","2639",-0.831,-0.668,0,-0.964428571428571,0.296428571428571
"1276","2639",4.897,-2.128,0,-0.964428571428571,-1.16357142857143
"1277","2639",6.166,-0.888,0,-0.964428571428571,0.0764285714285714
"1278","2639",3.861,-0.948,0,-0.964428571428571,0.0164285714285715
"1279","2639",11.041,-1.448,0,-0.964428571428571,-0.483571428571429
"1280","2639",-1.892,-2.018,0,-0.964428571428571,-1.05357142857143
"1281","2639",2.699,-1.128,0,-0.964428571428571,-0.163571428571428
"1282","2639",13.295,-1.788,0,-0.964428571428571,-0.823571428571429
"1283","2639",-0.763,-1.088,0,-0.964428571428571,-0.123571428571429
"1284","2639",13.807,-0.538,0,-0.964428571428571,0.426428571428571
"1285","2639",3.089,-1.138,0,-0.964428571428571,-0.173571428571428
"1286","2639",20.618,-0.138,0,-0.964428571428571,0.826428571428571
"1287","2639",8.978,-1.458,0,-0.964428571428571,-0.493571428571429
"1288","2639",6.208,-1.518,0,-0.964428571428571,-0.553571428571429
"1289","2639",11.076,-1.228,0,-0.964428571428571,-0.263571428571429
"1290","2639",0.42,-0.058,0,-0.964428571428571,0.906428571428571
"1291","2639",9.832,-0.498,0,-0.964428571428571,0.466428571428571
"1292","2651",9.962,-0.448,0,0.0630526315789474,-0.511052631578947
"1293","2651",8.016,-1.088,0,0.0630526315789474,-1.15105263157895
"1294","2651",12.146,0.542,0,0.0630526315789474,0.478947368421053
"1295","2651",20.648,0.532,0,0.0630526315789474,0.468947368421053
"1296","2651",9.011,-0.808,0,0.0630526315789474,-0.871052631578947
"1297","2651",12.2,-0.008,0,0.0630526315789474,-0.0710526315789474
"1298","2651",16.845,-0.278,0,0.0630526315789474,-0.341052631578947
"1299","2651",15.189,0.592,0,0.0630526315789474,0.528947368421053
"1300","2651",5.889,0.262,0,0.0630526315789474,0.198947368421053
"1301","2651",7.195,0.612,0,0.0630526315789474,0.548947368421053
"1302","2651",4.706,-0.188,0,0.0630526315789474,-0.251052631578947
"1303","2651",12.156,0.072,0,0.0630526315789474,0.00894736842105263
"1304","2651",11.076,0.152,0,0.0630526315789474,0.0889473684210526
"1305","2651",3.992,-0.118,0,0.0630526315789474,-0.181052631578947
"1306","2651",17.492,0.882,0,0.0630526315789474,0.818947368421053
"1307","2651",22.492,1.422,0,0.0630526315789474,1.35894736842105
"1308","2651",2.255,0.062,0,0.0630526315789474,-0.00105263157894736
"1309","2651",6.873,0.252,0,0.0630526315789474,0.188947368421053
"1310","2651",8.364,0.042,0,0.0630526315789474,-0.0210526315789474
"1311","2651",22.245,0.032,0,0.0630526315789474,-0.0310526315789474
"1312","2651",16.992,-0.908,0,0.0630526315789474,-0.971052631578947
"1313","2651",23.992,0.012,0,0.0630526315789474,-0.0510526315789474
"1314","2651",8.1,-0.888,0,0.0630526315789474,-0.951052631578947
"1315","2651",14.937,-0.398,0,0.0630526315789474,-0.461052631578947
"1316","2651",10.816,0.142,0,0.0630526315789474,0.0789473684210526
"1317","2651",-1.923,-0.528,0,0.0630526315789474,-0.591052631578947
"1318","2651",13.972,0.162,0,0.0630526315789474,0.0989473684210526
"1319","2651",18.038,0.612,0,0.0630526315789474,0.548947368421053
"1320","2651",21.981,0.952,0,0.0630526315789474,0.888947368421053
"1321","2651",12.432,0.522,0,0.0630526315789474,0.458947368421053
"1322","2651",13.055,0.802,0,0.0630526315789474,0.738947368421053
"1323","2651",-0.687,-0.338,0,0.0630526315789474,-0.401052631578947
"1324","2651",4.97,-1.768,0,0.0630526315789474,-1.83105263157895
"1325","2651",2.983,-0.008,0,0.0630526315789474,-0.0710526315789474
"1326","2651",8.997,0.552,0,0.0630526315789474,0.488947368421053
"1327","2651",20.663,0.782,0,0.0630526315789474,0.718947368421053
"1328","2651",5.678,0.542,0,0.0630526315789474,0.478947368421053
"1329","2651",-2.544,-0.368,0,0.0630526315789474,-0.431052631578947
"1330","2655",15.129,-1.038,0,-0.701653846153846,-0.336346153846154
"1331","2655",7.248,0.032,0,-0.701653846153846,0.733653846153846
"1332","2655",7.582,-1.498,0,-0.701653846153846,-0.796346153846154
"1333","2655",10.892,-1.178,0,-0.701653846153846,-0.476346153846154
"1334","2655",19.962,-0.078,0,-0.701653846153846,0.623653846153846
"1335","2655",22.18,-0.858,0,-0.701653846153846,-0.156346153846154
"1336","2655",6.248,-1.198,0,-0.701653846153846,-0.496346153846154
"1337","2655",5.108,-0.968,0,-0.701653846153846,-0.266346153846154
"1338","2655",4.976,-0.368,0,-0.701653846153846,0.333653846153846
"1339","2655",13.933,-0.078,0,-0.701653846153846,0.623653846153846
"1340","2655",17.89,-0.668,0,-0.701653846153846,0.0336538461538461
"1341","2655",5.999,-0.878,0,-0.701653846153846,-0.176346153846154
"1342","2655",8.547,-1.008,0,-0.701653846153846,-0.306346153846154
"1343","2655",12.407,-1.308,0,-0.701653846153846,-0.606346153846154
"1344","2655",14.811,-0.548,0,-0.701653846153846,0.153653846153846
"1345","2655",15.9,-1.308,0,-0.701653846153846,-0.606346153846154
"1346","2655",12.09,-0.858,0,-0.701653846153846,-0.156346153846154
"1347","2655",3.715,-0.338,0,-0.701653846153846,0.363653846153846
"1348","2655",21.934,-0.168,0,-0.701653846153846,0.533653846153846
"1349","2655",16.625,-0.568,0,-0.701653846153846,0.133653846153846
"1350","2655",12.526,-0.418,0,-0.701653846153846,0.283653846153846
"1351","2655",4.066,-0.848,0,-0.701653846153846,-0.146346153846154
"1352","2655",14.117,-1.518,0,-0.701653846153846,-0.816346153846154
"1353","2655",3.28,-2.188,0,-0.701653846153846,-1.48634615384615
"1354","2655",20.533,-0.948,0,-0.701653846153846,-0.246346153846154
"1355","2655",13.168,0.242,0,-0.701653846153846,0.943653846153846
"1356","2655",14.41,-0.808,0,-0.701653846153846,-0.106346153846154
"1357","2655",14.318,-0.708,0,-0.701653846153846,-0.00634615384615378
"1358","2655",-1.725,-1.818,0,-0.701653846153846,-1.11634615384615
"1359","2655",-0.625,-1.828,0,-0.701653846153846,-1.12634615384615
"1360","2655",14.746,0.132,0,-0.701653846153846,0.833653846153846
"1361","2655",16.068,-0.668,0,-0.701653846153846,0.0336538461538461
"1362","2655",19.514,-0.358,0,-0.701653846153846,0.343653846153846
"1363","2655",1.27,-1.608,0,-0.701653846153846,-0.906346153846154
"1364","2655",22.559,0.442,0,-0.701653846153846,1.14365384615385
"1365","2655",17.231,0.902,0,-0.701653846153846,1.60365384615385
"1366","2655",11.087,-0.418,0,-0.701653846153846,0.283653846153846
"1367","2655",18.557,-1.448,0,-0.701653846153846,-0.746346153846154
"1368","2655",14.52,-0.808,0,-0.701653846153846,-0.106346153846154
"1369","2655",15.01,-0.878,0,-0.701653846153846,-0.176346153846154
"1370","2655",12.504,-0.318,0,-0.701653846153846,0.383653846153846
"1371","2655",4.541,-0.778,0,-0.701653846153846,-0.0763461538461538
"1372","2655",7.949,-1.208,0,-0.701653846153846,-0.506346153846154
"1373","2655",16.614,-0.748,0,-0.701653846153846,-0.0463461538461538
"1374","2655",7.448,-0.678,0,-0.701653846153846,0.0236538461538461
"1375","2655",8.571,-0.558,0,-0.701653846153846,0.143653846153846
"1376","2655",4.961,-1.288,0,-0.701653846153846,-0.586346153846154
"1377","2655",15.57,-0.208,0,-0.701653846153846,0.493653846153846
"1378","2655",17.205,-0.548,0,-0.701653846153846,0.153653846153846
"1379","2655",20.854,0.482,0,-0.701653846153846,1.18365384615385
"1380","2655",14.665,0.162,0,-0.701653846153846,0.863653846153846
"1381","2655",23.261,-0.368,0,-0.701653846153846,0.333653846153846
"1382","2658",7.02,-0.028,1,0.438444444444444,-0.466444444444444
"1383","2658",11.371,1.222,1,0.438444444444444,0.783555555555556
"1384","2658",9.459,0.702,1,0.438444444444444,0.263555555555555
"1385","2658",12.779,1.422,1,0.438444444444444,0.983555555555556
"1386","2658",5.368,-0.398,1,0.438444444444444,-0.836444444444445
"1387","2658",19.28,0.252,1,0.438444444444444,-0.186444444444444
"1388","2658",12.86,0.952,1,0.438444444444444,0.513555555555556
"1389","2658",23.447,0.942,1,0.438444444444444,0.503555555555556
"1390","2658",7.98,-0.528,1,0.438444444444444,-0.966444444444444
"1391","2658",14.366,0.462,1,0.438444444444444,0.0235555555555556
"1392","2658",12.164,-0.238,1,0.438444444444444,-0.676444444444444
"1393","2658",16.154,1.022,1,0.438444444444444,0.583555555555556
"1394","2658",13.662,0.672,1,0.438444444444444,0.233555555555556
"1395","2658",22.388,-0.648,1,0.438444444444444,-1.08644444444444
"1396","2658",18.324,-0.408,1,0.438444444444444,-0.846444444444444
"1397","2658",10.639,1.512,1,0.438444444444444,1.07355555555556
"1398","2658",4.616,-0.258,1,0.438444444444444,-0.696444444444444
"1399","2658",13.242,-0.308,1,0.438444444444444,-0.746444444444444
"1400","2658",15.631,0.152,1,0.438444444444444,-0.286444444444445
"1401","2658",13.355,0.922,1,0.438444444444444,0.483555555555556
"1402","2658",18.233,-0.068,1,0.438444444444444,-0.506444444444444
"1403","2658",22.924,0.482,1,0.438444444444444,0.0435555555555555
"1404","2658",13.33,1.102,1,0.438444444444444,0.663555555555556
"1405","2658",16.226,1.512,1,0.438444444444444,1.07355555555556
"1406","2658",9.418,0.662,1,0.438444444444444,0.223555555555556
"1407","2658",3.291,0.382,1,0.438444444444444,-0.0564444444444445
"1408","2658",12.612,0.782,1,0.438444444444444,0.343555555555556
"1409","2658",16.533,0.222,1,0.438444444444444,-0.216444444444444
"1410","2658",16.172,0.652,1,0.438444444444444,0.213555555555556
"1411","2658",16.757,0.302,1,0.438444444444444,-0.136444444444444
"1412","2658",18.079,-0.328,1,0.438444444444444,-0.766444444444444
"1413","2658",13.816,0.302,1,0.438444444444444,-0.136444444444444
"1414","2658",-0.929,-1.178,1,0.438444444444444,-1.61644444444444
"1415","2658",-0.279,-0.568,1,0.438444444444444,-1.00644444444444
"1416","2658",18.037,0.712,1,0.438444444444444,0.273555555555555
"1417","2658",18.19,0.782,1,0.438444444444444,0.343555555555556
"1418","2658",13.081,0.882,1,0.438444444444444,0.443555555555556
"1419","2658",11.027,1.342,1,0.438444444444444,0.903555555555556
"1420","2658",5.77,0.692,1,0.438444444444444,0.253555555555555
"1421","2658",10.72,0.142,1,0.438444444444444,-0.296444444444445
"1422","2658",13.466,0.322,1,0.438444444444444,-0.116444444444444
"1423","2658",15.498,0.842,1,0.438444444444444,0.403555555555556
"1424","2658",19.082,0.482,1,0.438444444444444,0.0435555555555555
"1425","2658",16.587,0.512,1,0.438444444444444,0.0735555555555555
"1426","2658",21.081,1.342,1,0.438444444444444,0.903555555555556
"1427","2755",18.264,-0.188,1,0.556042553191489,-0.744042553191489
"1428","2755",9.891,0.872,1,0.556042553191489,0.315957446808511
"1429","2755",13.237,0.442,1,0.556042553191489,-0.114042553191489
"1430","2755",23.665,0.192,1,0.556042553191489,-0.364042553191489
"1431","2755",7.236,1.182,1,0.556042553191489,0.625957446808511
"1432","2755",12.625,-0.248,1,0.556042553191489,-0.804042553191489
"1433","2755",22.643,1.072,1,0.556042553191489,0.515957446808511
"1434","2755",17.796,0.602,1,0.556042553191489,0.0459574468085107
"1435","2755",15.684,0.662,1,0.556042553191489,0.105957446808511
"1436","2755",14.642,0.112,1,0.556042553191489,-0.444042553191489
"1437","2755",23.785,1.512,1,0.556042553191489,0.955957446808511
"1438","2755",10.989,0.882,1,0.556042553191489,0.325957446808511
"1439","2755",7.124,-0.218,1,0.556042553191489,-0.774042553191489
"1440","2755",20.627,0.582,1,0.556042553191489,0.0259574468085106
"1441","2755",9.433,-0.088,1,0.556042553191489,-0.644042553191489
"1442","2755",12.083,-0.008,1,0.556042553191489,-0.564042553191489
"1443","2755",11.374,0.622,1,0.556042553191489,0.0659574468085107
"1444","2755",23.108,-0.218,1,0.556042553191489,-0.774042553191489
"1445","2755",22.295,-0.468,1,0.556042553191489,-1.02404255319149
"1446","2755",9.947,0.602,1,0.556042553191489,0.0459574468085107
"1447","2755",20.438,0.052,1,0.556042553191489,-0.504042553191489
"1448","2755",14.17,-0.168,1,0.556042553191489,-0.724042553191489
"1449","2755",18.734,1.142,1,0.556042553191489,0.585957446808511
"1450","2755",17.499,0.932,1,0.556042553191489,0.375957446808511
"1451","2755",20.124,0.312,1,0.556042553191489,-0.244042553191489
"1452","2755",20.3,1.022,1,0.556042553191489,0.465957446808511
"1453","2755",20.929,0.442,1,0.556042553191489,-0.114042553191489
"1454","2755",5.869,0.592,1,0.556042553191489,0.0359574468085107
"1455","2755",22.428,-0.028,1,0.556042553191489,-0.584042553191489
"1456","2755",21.614,1.512,1,0.556042553191489,0.955957446808511
"1457","2755",20.021,0.482,1,0.556042553191489,-0.0740425531914893
"1458","2755",17.117,1.072,1,0.556042553191489,0.515957446808511
"1459","2755",17.988,0.772,1,0.556042553191489,0.215957446808511
"1460","2755",3.111,-1.058,1,0.556042553191489,-1.61404255319149
"1461","2755",19.737,1.152,1,0.556042553191489,0.595957446808511
"1462","2755",20.136,0.302,1,0.556042553191489,-0.254042553191489
"1463","2755",21.14,1.072,1,0.556042553191489,0.515957446808511
"1464","2755",8.448,1.512,1,0.556042553191489,0.955957446808511
"1465","2755",15.941,1.262,1,0.556042553191489,0.705957446808511
"1466","2755",22.694,1.082,1,0.556042553191489,0.525957446808511
"1467","2755",14.546,1.312,1,0.556042553191489,0.755957446808511
"1468","2755",22.167,0.302,1,0.556042553191489,-0.254042553191489
"1469","2755",21.738,1.372,1,0.556042553191489,0.815957446808511
"1470","2755",24.479,-0.828,1,0.556042553191489,-1.38404255319149
"1471","2755",8.879,1.302,1,0.556042553191489,0.745957446808511
"1472","2755",24.993,0.622,1,0.556042553191489,0.0659574468085107
"1473","2755",2.708,0.692,1,0.556042553191489,0.135957446808511
"1474","2768",1.467,0.422,0,-0.0536,0.4756
"1475","2768",5.666,-1.958,0,-0.0536,-1.9044
"1476","2768",6.49,0.362,0,-0.0536,0.4156
"1477","2768",14.487,0.282,0,-0.0536,0.3356
"1478","2768",19.67,-0.068,0,-0.0536,-0.0144
"1479","2768",10.159,0.332,0,-0.0536,0.3856
"1480","2768",17.824,0.782,0,-0.0536,0.8356
"1481","2768",5.853,-1.168,0,-0.0536,-1.1144
"1482","2768",2.482,-0.378,0,-0.0536,-0.3244
"1483","2768",20.586,-0.008,0,-0.0536,0.0456
"1484","2768",3.358,-0.808,0,-0.0536,-0.7544
"1485","2768",17.956,1.202,0,-0.0536,1.2556
"1486","2768",6.012,-0.458,0,-0.0536,-0.4044
"1487","2768",4.097,-1.378,0,-0.0536,-1.3244
"1488","2768",11.419,1.362,0,-0.0536,1.4156
"1489","2768",19.581,0.082,0,-0.0536,0.1356
"1490","2768",10.447,-0.478,0,-0.0536,-0.4244
"1491","2768",3.835,0.082,0,-0.0536,0.1356
"1492","2768",8.735,0.112,0,-0.0536,0.1656
"1493","2768",24.812,-0.738,0,-0.0536,-0.6844
"1494","2768",2.542,0.502,0,-0.0536,0.5556
"1495","2768",22.038,1.512,0,-0.0536,1.5656
"1496","2768",12.812,0.092,0,-0.0536,0.1456
"1497","2768",2.531,-1.758,0,-0.0536,-1.7044
"1498","2768",17.314,0.732,0,-0.0536,0.7856
"1499","2771",6.629,-0.158,0,-0.339454545454545,0.181454545454545
"1500","2771",11.07,-1.048,0,-0.339454545454545,-0.708545454545455
"1501","2771",10.93,0.452,0,-0.339454545454545,0.791454545454545
"1502","2771",6.584,-1.288,0,-0.339454545454545,-0.948545454545455
"1503","2771",9.528,-0.438,0,-0.339454545454545,-0.0985454545454545
"1504","2771",6.966,-0.178,0,-0.339454545454545,0.161454545454545
"1505","2771",17.129,-0.328,0,-0.339454545454545,0.0114545454545454
"1506","2771",12.749,-0.118,0,-0.339454545454545,0.221454545454545
"1507","2771",13.353,-0.778,0,-0.339454545454545,-0.438545454545455
"1508","2771",23.217,-0.538,0,-0.339454545454545,-0.198545454545455
"1509","2771",18.901,-0.478,0,-0.339454545454545,-0.138545454545455
"1510","2771",10.738,-1.228,0,-0.339454545454545,-0.888545454545455
"1511","2771",11.93,-0.128,0,-0.339454545454545,0.211454545454545
"1512","2771",10.896,-0.418,0,-0.339454545454545,-0.0785454545454545
"1513","2771",6.324,0.132,0,-0.339454545454545,0.471454545454545
"1514","2771",24.993,0.252,0,-0.339454545454545,0.591454545454545
"1515","2771",6.759,0.002,0,-0.339454545454545,0.341454545454545
"1516","2771",4.494,-0.498,0,-0.339454545454545,-0.158545454545455
"1517","2771",11.226,0.302,0,-0.339454545454545,0.641454545454545
"1518","2771",0.488,-0.788,0,-0.339454545454545,-0.448545454545455
"1519","2771",22.896,-0.048,0,-0.339454545454545,0.291454545454545
"1520","2771",21.657,0.152,0,-0.339454545454545,0.491454545454545
"1521","2771",12.176,-0.308,0,-0.339454545454545,0.0314545454545455
"1522","2771",21.071,0.622,0,-0.339454545454545,0.961454545454545
"1523","2771",-2.832,-0.678,0,-0.339454545454545,-0.338545454545455
"1524","2771",7.558,-0.618,0,-0.339454545454545,-0.278545454545455
"1525","2771",18.739,0.382,0,-0.339454545454545,0.721454545454545
"1526","2771",5.744,-0.498,0,-0.339454545454545,-0.158545454545455
"1527","2771",7.68,-0.528,0,-0.339454545454545,-0.188545454545455
"1528","2771",14.324,-0.748,0,-0.339454545454545,-0.408545454545455
"1529","2771",8.252,-0.798,0,-0.339454545454545,-0.458545454545455
"1530","2771",18.192,-0.568,0,-0.339454545454545,-0.228545454545454
"1531","2771",19.244,0.032,0,-0.339454545454545,0.371454545454545
"1532","2771",17.634,0.342,0,-0.339454545454545,0.681454545454546
"1533","2771",4.988,-0.188,0,-0.339454545454545,0.151454545454545
"1534","2771",8.923,-1.238,0,-0.339454545454545,-0.898545454545455
"1535","2771",10.187,-1.158,0,-0.339454545454545,-0.818545454545454
"1536","2771",9.595,0.112,0,-0.339454545454545,0.451454545454545
"1537","2771",6.086,-1.498,0,-0.339454545454545,-1.15854545454545
"1538","2771",22.886,-0.858,0,-0.339454545454545,-0.518545454545455
"1539","2771",1.317,-0.438,0,-0.339454545454545,-0.0985454545454545
"1540","2771",14.66,-0.658,0,-0.339454545454545,-0.318545454545455
"1541","2771",17.606,-0.128,0,-0.339454545454545,0.211454545454545
"1542","2771",13.495,-0.078,0,-0.339454545454545,0.261454545454545
"1543","2771",7.267,0.222,0,-0.339454545454545,0.561454545454545
"1544","2771",7.952,0.342,0,-0.339454545454545,0.681454545454546
"1545","2771",14.442,0.002,0,-0.339454545454545,0.341454545454545
"1546","2771",10.2,-0.338,0,-0.339454545454545,0.00145454545454543
"1547","2771",9.589,0.302,0,-0.339454545454545,0.641454545454545
"1548","2771",21.02,-1.098,0,-0.339454545454545,-0.758545454545455
"1549","2771",-0.809,-0.768,0,-0.339454545454545,-0.428545454545455
"1550","2771",8.321,-0.608,0,-0.339454545454545,-0.268545454545455
"1551","2771",20.884,0.312,0,-0.339454545454545,0.651454545454546
"1552","2771",23.623,0.302,0,-0.339454545454545,0.641454545454545
"1553","2771",1.955,-0.678,0,-0.339454545454545,-0.338545454545455
"1554","2818",17.432,-0.408,0,0.108666666666667,-0.516666666666667
"1555","2818",21.255,0.572,0,0.108666666666667,0.463333333333333
"1556","2818",16.656,0.912,0,0.108666666666667,0.803333333333333
"1557","2818",17.465,0.052,0,0.108666666666667,-0.0566666666666667
"1558","2818",14.834,0.382,0,0.108666666666667,0.273333333333333
"1559","2818",16.251,-0.048,0,0.108666666666667,-0.156666666666667
"1560","2818",10.226,0.002,0,0.108666666666667,-0.106666666666667
"1561","2818",8.355,-0.848,0,0.108666666666667,-0.956666666666667
"1562","2818",5.834,-0.888,0,0.108666666666667,-0.996666666666667
"1563","2818",21.605,-0.058,0,0.108666666666667,-0.166666666666667
"1564","2818",22.483,-0.238,0,0.108666666666667,-0.346666666666667
"1565","2818",8.127,0.702,0,0.108666666666667,0.593333333333333
"1566","2818",21.059,0.692,0,0.108666666666667,0.583333333333333
"1567","2818",5.849,0.212,0,0.108666666666667,0.103333333333333
"1568","2818",11.555,0.422,0,0.108666666666667,0.313333333333333
"1569","2818",17.703,1.022,0,0.108666666666667,0.913333333333333
"1570","2818",13.528,0.712,0,0.108666666666667,0.603333333333333
"1571","2818",18.498,0.252,0,0.108666666666667,0.143333333333333
"1572","2818",12.654,-0.428,0,0.108666666666667,-0.536666666666667
"1573","2818",12.472,-0.358,0,0.108666666666667,-0.466666666666667
"1574","2818",8.635,0.842,0,0.108666666666667,0.733333333333333
"1575","2818",16.931,0.662,0,0.108666666666667,0.553333333333333
"1576","2818",19.715,-0.738,0,0.108666666666667,-0.846666666666667
"1577","2818",21.739,-0.188,0,0.108666666666667,-0.296666666666667
"1578","2818",11.127,0.062,0,0.108666666666667,-0.0466666666666667
"1579","2818",6.522,0.322,0,0.108666666666667,0.213333333333333
"1580","2818",10.707,-0.628,0,0.108666666666667,-0.736666666666667
"1581","2818",12.557,1.512,0,0.108666666666667,1.40333333333333
"1582","2818",19.676,0.902,0,0.108666666666667,0.793333333333333
"1583","2818",16.733,0.892,0,0.108666666666667,0.783333333333333
"1584","2818",19.715,0.042,0,0.108666666666667,-0.0666666666666667
"1585","2818",8.775,0.582,0,0.108666666666667,0.473333333333333
"1586","2818",21.085,0.942,0,0.108666666666667,0.833333333333333
"1587","2818",7.576,-0.838,0,0.108666666666667,-0.946666666666667
"1588","2818",14.698,-0.598,0,0.108666666666667,-0.706666666666667
"1589","2818",7.645,-0.238,0,0.108666666666667,-0.346666666666667
"1590","2818",17.883,0.362,0,0.108666666666667,0.253333333333333
"1591","2818",2.991,-0.548,0,0.108666666666667,-0.656666666666667
"1592","2818",6.464,-0.888,0,0.108666666666667,-0.996666666666667
"1593","2818",5.608,-0.568,0,0.108666666666667,-0.676666666666667
"1594","2818",14.189,0.272,0,0.108666666666667,0.163333333333333
"1595","2818",17.847,-0.258,0,0.108666666666667,-0.366666666666667
"1596","2917",11.57,-1.868,0,-0.798232558139535,-1.06976744186047
"1597","2917",1.536,0.312,0,-0.798232558139535,1.11023255813953
"1598","2917",4.925,-0.808,0,-0.798232558139535,-0.00976744186046519
"1599","2917",13.57,-0.988,0,-0.798232558139535,-0.189767441860465
"1600","2917",13.604,-0.248,0,-0.798232558139535,0.550232558139535
"1601","2917",17.634,-0.858,0,-0.798232558139535,-0.0597674418604651
"1602","2917",-1.423,0.132,0,-0.798232558139535,0.930232558139535
"1603","2917",4.064,-0.578,0,-0.798232558139535,0.220232558139535
"1604","2917",21.499,0.102,0,-0.798232558139535,0.900232558139535
"1605","2917",4.289,-0.298,0,-0.798232558139535,0.500232558139535
"1606","2917",5.852,-1.078,0,-0.798232558139535,-0.279767441860465
"1607","2917",4.098,-1.498,0,-0.798232558139535,-0.699767441860465
"1608","2917",1.624,-1.568,0,-0.798232558139535,-0.769767441860465
"1609","2917",3.489,0.982,0,-0.798232558139535,1.78023255813953
"1610","2917",11.744,0.072,0,-0.798232558139535,0.870232558139535
"1611","2917",0.609,-0.238,0,-0.798232558139535,0.560232558139535
"1612","2917",18.137,-1.578,0,-0.798232558139535,-0.779767441860465
"1613","2917",-1.732,-1.928,0,-0.798232558139535,-1.12976744186047
"1614","2917",14.873,0.962,0,-0.798232558139535,1.76023255813953
"1615","2917",6.258,-0.768,0,-0.798232558139535,0.0302325581395348
"1616","2917",-0.576,-0.838,0,-0.798232558139535,-0.0397674418604651
"1617","2917",4.627,-1.608,0,-0.798232558139535,-0.809767441860465
"1618","2917",0.384,-0.618,0,-0.798232558139535,0.180232558139535
"1619","2917",10.342,0.702,0,-0.798232558139535,1.50023255813953
"1620","2917",0.239,-0.888,0,-0.798232558139535,-0.0897674418604651
"1621","2917",24.247,-0.578,0,-0.798232558139535,0.220232558139535
"1622","2917",10.428,-1.178,0,-0.798232558139535,-0.379767441860465
"1623","2917",14.199,-0.898,0,-0.798232558139535,-0.0997674418604652
"1624","2917",17.695,-0.518,0,-0.798232558139535,0.280232558139535
"1625","2917",15.034,-0.388,0,-0.798232558139535,0.410232558139535
"1626","2917",14.447,-1.338,0,-0.798232558139535,-0.539767441860465
"1627","2917",0.578,-2.108,0,-0.798232558139535,-1.30976744186047
"1628","2917",5.163,-1.368,0,-0.798232558139535,-0.569767441860465
"1629","2917",0.426,1.732,0,-0.798232558139535,2.53023255813953
"1630","2917",13.096,-1.338,0,-0.798232558139535,-0.539767441860465
"1631","2917",18.929,-0.468,0,-0.798232558139535,0.330232558139535
"1632","2917",16.19,-0.828,0,-0.798232558139535,-0.0297674418604651
"1633","2917",6.245,-1.488,0,-0.798232558139535,-0.689767441860465
"1634","2917",5.514,-0.588,0,-0.798232558139535,0.210232558139535
"1635","2917",0.936,-2.468,0,-0.798232558139535,-1.66976744186047
"1636","2917",5.898,-1.368,0,-0.798232558139535,-0.569767441860465
"1637","2917",2.191,-1.818,0,-0.798232558139535,-1.01976744186047
"1638","2917",0.643,-2.328,0,-0.798232558139535,-1.52976744186046
"1639","2990",21.791,1.222,1,0.654708333333333,0.567291666666667
"1640","2990",21.14,0.432,1,0.654708333333333,-0.222708333333333
"1641","2990",22.418,1.452,1,0.654708333333333,0.797291666666667
"1642","2990",20.752,0.122,1,0.654708333333333,-0.532708333333333
"1643","2990",23.029,0.192,1,0.654708333333333,-0.462708333333333
"1644","2990",13.969,-0.458,1,0.654708333333333,-1.11270833333333
"1645","2990",24.993,1.122,1,0.654708333333333,0.467291666666667
"1646","2990",19.192,-0.178,1,0.654708333333333,-0.832708333333333
"1647","2990",22.639,0.092,1,0.654708333333333,-0.562708333333333
"1648","2990",15.507,1.452,1,0.654708333333333,0.797291666666667
"1649","2990",20.192,1.242,1,0.654708333333333,0.587291666666667
"1650","2990",24.401,0.902,1,0.654708333333333,0.247291666666667
"1651","2990",17.099,0.222,1,0.654708333333333,-0.432708333333333
"1652","2990",22.016,0.892,1,0.654708333333333,0.237291666666667
"1653","2990",24.401,1.082,1,0.654708333333333,0.427291666666667
"1654","2990",15.119,-0.598,1,0.654708333333333,-1.25270833333333
"1655","2990",13.823,1.422,1,0.654708333333333,0.767291666666667
"1656","2990",21.02,0.802,1,0.654708333333333,0.147291666666667
"1657","2990",16.93,1.512,1,0.654708333333333,0.857291666666667
"1658","2990",20.249,1.022,1,0.654708333333333,0.367291666666667
"1659","2990",21.345,0.852,1,0.654708333333333,0.197291666666667
"1660","2990",16.162,-0.928,1,0.654708333333333,-1.58270833333333
"1661","2990",16.317,0.852,1,0.654708333333333,0.197291666666667
"1662","2990",22.845,0.822,1,0.654708333333333,0.167291666666667
"1663","2990",19.29,1.232,1,0.654708333333333,0.577291666666667
"1664","2990",24.479,0.212,1,0.654708333333333,-0.442708333333333
"1665","2990",11.616,-0.428,1,0.654708333333333,-1.08270833333333
"1666","2990",18.008,1.212,1,0.654708333333333,0.557291666666667
"1667","2990",19.12,1.112,1,0.654708333333333,0.457291666666667
"1668","2990",19.689,0.142,1,0.654708333333333,-0.512708333333333
"1669","2990",23.002,1.262,1,0.654708333333333,0.607291666666667
"1670","2990",18.86,0.642,1,0.654708333333333,-0.0127083333333333
"1671","2990",16.825,-0.768,1,0.654708333333333,-1.42270833333333
"1672","2990",22.219,0.552,1,0.654708333333333,-0.102708333333333
"1673","2990",18.092,1.332,1,0.654708333333333,0.677291666666667
"1674","2990",17.209,0.252,1,0.654708333333333,-0.402708333333333
"1675","2990",9.139,0.262,1,0.654708333333333,-0.392708333333333
"1676","2990",18.608,1.262,1,0.654708333333333,0.607291666666667
"1677","2990",20.577,0.792,1,0.654708333333333,0.137291666666667
"1678","2990",13.859,0.482,1,0.654708333333333,-0.172708333333333
"1679","2990",20.682,-0.058,1,0.654708333333333,-0.712708333333333
"1680","2990",17.246,1.512,1,0.654708333333333,0.857291666666667
"1681","2990",9.574,1.512,1,0.654708333333333,0.857291666666667
"1682","2990",6.315,-0.288,1,0.654708333333333,-0.942708333333333
"1683","2990",17.979,1.072,1,0.654708333333333,0.417291666666667
"1684","2990",21.396,1.002,1,0.654708333333333,0.347291666666667
"1685","2990",10.175,1.332,1,0.654708333333333,0.677291666666667
"1686","2990",14.192,0.242,1,0.654708333333333,-0.412708333333333
"1687","2995",16.13,0.042,0,-0.301695652173913,0.343695652173913
"1688","2995",3.507,1.832,0,-0.301695652173913,2.13369565217391
"1689","2995",13.641,-0.298,0,-0.301695652173913,0.00369565217391304
"1690","2995",9.476,-0.328,0,-0.301695652173913,-0.026304347826087
"1691","2995",13.207,-0.438,0,-0.301695652173913,-0.136304347826087
"1692","2995",16.358,0.482,0,-0.301695652173913,0.783695652173913
"1693","2995",24.107,0.032,0,-0.301695652173913,0.333695652173913
"1694","2995",7.63,-1.408,0,-0.301695652173913,-1.10630434782609
"1695","2995",17.47,-1.688,0,-0.301695652173913,-1.38630434782609
"1696","2995",7.089,0.532,0,-0.301695652173913,0.833695652173913
"1697","2995",3.493,-1.298,0,-0.301695652173913,-0.996304347826087
"1698","2995",4.933,0.162,0,-0.301695652173913,0.463695652173913
"1699","2995",7.756,-0.938,0,-0.301695652173913,-0.636304347826087
"1700","2995",4.244,-1.078,0,-0.301695652173913,-0.776304347826087
"1701","2995",17.727,0.762,0,-0.301695652173913,1.06369565217391
"1702","2995",3.066,-0.268,0,-0.301695652173913,0.033695652173913
"1703","2995",22.835,1.112,0,-0.301695652173913,1.41369565217391
"1704","2995",0.635,-0.948,0,-0.301695652173913,-0.646304347826087
"1705","2995",8.297,-0.758,0,-0.301695652173913,-0.456304347826087
"1706","2995",14.608,-0.538,0,-0.301695652173913,-0.236304347826087
"1707","2995",7.128,-0.708,0,-0.301695652173913,-0.406304347826087
"1708","2995",15.14,0.312,0,-0.301695652173913,0.613695652173913
"1709","2995",2.776,-0.968,0,-0.301695652173913,-0.666304347826087
"1710","2995",12.825,-1.688,0,-0.301695652173913,-1.38630434782609
"1711","2995",2.98,-0.988,0,-0.301695652173913,-0.686304347826087
"1712","2995",19.253,-0.038,0,-0.301695652173913,0.263695652173913
"1713","2995",-0.535,-0.998,0,-0.301695652173913,-0.696304347826087
"1714","2995",21.935,0.012,0,-0.301695652173913,0.313695652173913
"1715","2995",10.96,-0.268,0,-0.301695652173913,0.033695652173913
"1716","2995",1.31,0.582,0,-0.301695652173913,0.883695652173913
"1717","2995",0.431,-0.288,0,-0.301695652173913,0.0136956521739131
"1718","2995",14.888,-0.838,0,-0.301695652173913,-0.536304347826087
"1719","2995",9.699,-1.678,0,-0.301695652173913,-1.37630434782609
"1720","2995",-0.836,0.162,0,-0.301695652173913,0.463695652173913
"1721","2995",8.533,1.232,0,-0.301695652173913,1.53369565217391
"1722","2995",0.495,-1.338,0,-0.301695652173913,-1.03630434782609
"1723","2995",8.144,0.982,0,-0.301695652173913,1.28369565217391
"1724","2995",6.445,-0.158,0,-0.301695652173913,0.143695652173913
"1725","2995",19.705,-1.618,0,-0.301695652173913,-1.31630434782609
"1726","2995",9.527,-1.278,0,-0.301695652173913,-0.976304347826087
"1727","2995",-1.009,-1.638,0,-0.301695652173913,-1.33630434782609
"1728","2995",13.142,0.792,0,-0.301695652173913,1.09369565217391
"1729","2995",18.421,0.242,0,-0.301695652173913,0.543695652173913
"1730","2995",20.998,0.602,0,-0.301695652173913,0.903695652173913
"1731","2995",1.568,0.662,0,-0.301695652173913,0.963695652173913
"1732","2995",-1.011,0.062,0,-0.301695652173913,0.363695652173913
"1733","3013",22.221,0.022,0,-0.0442264150943396,0.0662264150943396
"1734","3013",21.474,0.692,0,-0.0442264150943396,0.73622641509434
"1735","3013",0.495,-0.478,0,-0.0442264150943396,-0.43377358490566
"1736","3013",1.263,0.202,0,-0.0442264150943396,0.24622641509434
"1737","3013",17.047,0.092,0,-0.0442264150943396,0.13622641509434
"1738","3013",13.695,0.002,0,-0.0442264150943396,0.0462264150943396
"1739","3013",20.64,0.002,0,-0.0442264150943396,0.0462264150943396
"1740","3013",20.633,0.222,0,-0.0442264150943396,0.26622641509434
"1741","3013",20.317,0.412,0,-0.0442264150943396,0.45622641509434
"1742","3013",7.119,0.022,0,-0.0442264150943396,0.0662264150943396
"1743","3013",9.408,-0.598,0,-0.0442264150943396,-0.55377358490566
"1744","3013",17.372,0.402,0,-0.0442264150943396,0.44622641509434
"1745","3013",13.491,0.142,0,-0.0442264150943396,0.18622641509434
"1746","3013",17.485,0.262,0,-0.0442264150943396,0.30622641509434
"1747","3013",21.485,-0.478,0,-0.0442264150943396,-0.43377358490566
"1748","3013",11.153,-0.518,0,-0.0442264150943396,-0.47377358490566
"1749","3013",12.377,0.662,0,-0.0442264150943396,0.70622641509434
"1750","3013",3.18,-0.278,0,-0.0442264150943396,-0.23377358490566
"1751","3013",10.309,0.032,0,-0.0442264150943396,0.0762264150943396
"1752","3013",16.722,-0.428,0,-0.0442264150943396,-0.38377358490566
"1753","3013",5.696,-0.968,0,-0.0442264150943396,-0.92377358490566
"1754","3013",17.717,-0.618,0,-0.0442264150943396,-0.57377358490566
"1755","3013",20.159,0.252,0,-0.0442264150943396,0.29622641509434
"1756","3013",8.732,-0.138,0,-0.0442264150943396,-0.0937735849056604
"1757","3013",-1.1,-0.778,0,-0.0442264150943396,-0.73377358490566
"1758","3013",10.899,-0.048,0,-0.0442264150943396,-0.00377358490566038
"1759","3013",8.613,-0.398,0,-0.0442264150943396,-0.35377358490566
"1760","3013",15.741,0.192,0,-0.0442264150943396,0.23622641509434
"1761","3013",16.495,0.482,0,-0.0442264150943396,0.52622641509434
"1762","3013",5.531,0.312,0,-0.0442264150943396,0.35622641509434
"1763","3013",22.377,-0.768,0,-0.0442264150943396,-0.72377358490566
"1764","3013",7.008,-0.248,0,-0.0442264150943396,-0.20377358490566
"1765","3013",5.229,-0.708,0,-0.0442264150943396,-0.66377358490566
"1766","3013",12.215,0.372,0,-0.0442264150943396,0.41622641509434
"1767","3013",14.92,0.402,0,-0.0442264150943396,0.44622641509434
"1768","3013",13.009,0.232,0,-0.0442264150943396,0.27622641509434
"1769","3013",-0.008,-0.578,0,-0.0442264150943396,-0.53377358490566
"1770","3013",15.898,-0.458,0,-0.0442264150943396,-0.41377358490566
"1771","3013",6.993,0.462,0,-0.0442264150943396,0.50622641509434
"1772","3013",7.7,0.102,0,-0.0442264150943396,0.14622641509434
"1773","3013",6.428,-0.118,0,-0.0442264150943396,-0.0737735849056604
"1774","3013",12.867,-0.608,0,-0.0442264150943396,-0.56377358490566
"1775","3013",20.811,0.272,0,-0.0442264150943396,0.31622641509434
"1776","3013",5.783,0.512,0,-0.0442264150943396,0.55622641509434
"1777","3013",18.846,0.032,0,-0.0442264150943396,0.0762264150943396
"1778","3013",2.285,0.322,0,-0.0442264150943396,0.36622641509434
"1779","3013",16.208,1.022,0,-0.0442264150943396,1.06622641509434
"1780","3013",22.311,0.262,0,-0.0442264150943396,0.30622641509434
"1781","3013",-1.215,-0.188,0,-0.0442264150943396,-0.14377358490566
"1782","3013",19.696,-0.168,0,-0.0442264150943396,-0.12377358490566
"1783","3013",22.854,0.772,0,-0.0442264150943396,0.81622641509434
"1784","3013",15.408,-0.998,0,-0.0442264150943396,-0.95377358490566
"1785","3013",14.382,-0.948,0,-0.0442264150943396,-0.90377358490566
"1786","3020",5.137,-0.308,1,0.230135593220339,-0.538135593220339
"1787","3020",9.819,-1.098,1,0.230135593220339,-1.32813559322034
"1788","3020",20.025,-1.158,1,0.230135593220339,-1.38813559322034
"1789","3020",22.012,0.902,1,0.230135593220339,0.671864406779661
"1790","3020",16.083,0.692,1,0.230135593220339,0.461864406779661
"1791","3020",21.474,0.682,1,0.230135593220339,0.451864406779661
"1792","3020",17.756,0.342,1,0.230135593220339,0.111864406779661
"1793","3020",19.702,0.772,1,0.230135593220339,0.541864406779661
"1794","3020",11.789,0.682,1,0.230135593220339,0.451864406779661
"1795","3020",7.395,-0.118,1,0.230135593220339,-0.348135593220339
"1796","3020",12.158,1.032,1,0.230135593220339,0.801864406779661
"1797","3020",11.461,-0.498,1,0.230135593220339,-0.728135593220339
"1798","3020",4.094,-1.258,1,0.230135593220339,-1.48813559322034
"1799","3020",10.755,-0.468,1,0.230135593220339,-0.698135593220339
"1800","3020",21.164,-0.148,1,0.230135593220339,-0.378135593220339
"1801","3020",15.936,0.132,1,0.230135593220339,-0.098135593220339
"1802","3020",14.254,0.482,1,0.230135593220339,0.251864406779661
"1803","3020",14.128,-0.538,1,0.230135593220339,-0.768135593220339
"1804","3020",16.42,0.902,1,0.230135593220339,0.671864406779661
"1805","3020",17.291,0.222,1,0.230135593220339,-0.00813559322033897
"1806","3020",22.245,0.212,1,0.230135593220339,-0.018135593220339
"1807","3020",24.319,1.182,1,0.230135593220339,0.951864406779661
"1808","3020",24.993,-0.968,1,0.230135593220339,-1.19813559322034
"1809","3020",22.781,0.152,1,0.230135593220339,-0.078135593220339
"1810","3020",16.205,-0.398,1,0.230135593220339,-0.628135593220339
"1811","3020",16.67,1.032,1,0.230135593220339,0.801864406779661
"1812","3020",14.069,-0.308,1,0.230135593220339,-0.538135593220339
"1813","3020",17.839,0.692,1,0.230135593220339,0.461864406779661
"1814","3020",-2.528,0.712,1,0.230135593220339,0.481864406779661
"1815","3020",13.555,0.212,1,0.230135593220339,-0.018135593220339
"1816","3020",21.011,0.572,1,0.230135593220339,0.341864406779661
"1817","3020",8.057,-0.278,1,0.230135593220339,-0.508135593220339
"1818","3020",17.393,0.932,1,0.230135593220339,0.701864406779661
"1819","3020",14.94,0.662,1,0.230135593220339,0.431864406779661
"1820","3020",11.591,-1.128,1,0.230135593220339,-1.35813559322034
"1821","3020",8.656,0.942,1,0.230135593220339,0.711864406779661
"1822","3020",3.571,1.152,1,0.230135593220339,0.921864406779661
"1823","3020",10.857,-0.258,1,0.230135593220339,-0.488135593220339
"1824","3020",6.151,0.052,1,0.230135593220339,-0.178135593220339
"1825","3020",13.335,0.262,1,0.230135593220339,0.031864406779661
"1826","3020",21.468,0.132,1,0.230135593220339,-0.098135593220339
"1827","3020",3.617,-0.718,1,0.230135593220339,-0.948135593220339
"1828","3020",22.151,-0.548,1,0.230135593220339,-0.778135593220339
"1829","3020",17.699,1.092,1,0.230135593220339,0.861864406779661
"1830","3020",18.828,0.232,1,0.230135593220339,0.00186440677966104
"1831","3020",17.757,0.702,1,0.230135593220339,0.471864406779661
"1832","3020",10.247,0.842,1,0.230135593220339,0.611864406779661
"1833","3020",20.066,0.612,1,0.230135593220339,0.381864406779661
"1834","3020",19.287,0.582,1,0.230135593220339,0.351864406779661
"1835","3020",17.706,0.232,1,0.230135593220339,0.00186440677966104
"1836","3020",13.261,0.942,1,0.230135593220339,0.711864406779661
"1837","3020",9.664,0.602,1,0.230135593220339,0.371864406779661
"1838","3020",18.686,-0.148,1,0.230135593220339,-0.378135593220339
"1839","3020",-0.451,-0.078,1,0.230135593220339,-0.308135593220339
"1840","3020",20.069,0.942,1,0.230135593220339,0.711864406779661
"1841","3020",17.39,0.212,1,0.230135593220339,-0.018135593220339
"1842","3020",13.656,1.182,1,0.230135593220339,0.951864406779661
"1843","3020",2.172,0.012,1,0.230135593220339,-0.218135593220339
"1844","3020",11.485,0.072,1,0.230135593220339,-0.158135593220339
"1845","3039",22.522,-0.248,1,0.347714285714286,-0.595714285714286
"1846","3039",16.08,0.242,1,0.347714285714286,-0.105714285714286
"1847","3039",21.175,-0.678,1,0.347714285714286,-1.02571428571429
"1848","3039",22.989,1.042,1,0.347714285714286,0.694285714285714
"1849","3039",10.546,-0.528,1,0.347714285714286,-0.875714285714286
"1850","3039",16.267,1.192,1,0.347714285714286,0.844285714285714
"1851","3039",4.395,0.202,1,0.347714285714286,-0.145714285714286
"1852","3039",15.792,0.942,1,0.347714285714286,0.594285714285714
"1853","3039",20.051,1.122,1,0.347714285714286,0.774285714285714
"1854","3039",18.331,1.002,1,0.347714285714286,0.654285714285714
"1855","3039",20.458,1.342,1,0.347714285714286,0.994285714285714
"1856","3039",12.246,0.082,1,0.347714285714286,-0.265714285714286
"1857","3039",7.748,-0.908,1,0.347714285714286,-1.25571428571429
"1858","3039",24.812,0.232,1,0.347714285714286,-0.115714285714286
"1859","3039",17.491,0.002,1,0.347714285714286,-0.345714285714286
"1860","3039",19.167,0.942,1,0.347714285714286,0.594285714285714
"1861","3039",20.082,0.982,1,0.347714285714286,0.634285714285714
"1862","3039",14.116,-0.558,1,0.347714285714286,-0.905714285714286
"1863","3039",17.908,-0.388,1,0.347714285714286,-0.735714285714286
"1864","3039",23.09,0.882,1,0.347714285714286,0.534285714285714
"1865","3039",10.975,0.402,1,0.347714285714286,0.0542857142857143
"1866","3088",13.758,0.352,0,-0.472615384615385,0.824615384615385
"1867","3088",22.091,0.702,0,-0.472615384615385,1.17461538461538
"1868","3088",4.23,-0.438,0,-0.472615384615385,0.0346153846153846
"1869","3088",15.095,-0.038,0,-0.472615384615385,0.434615384615385
"1870","3088",11.913,0.292,0,-0.472615384615385,0.764615384615385
"1871","3088",10.447,-0.138,0,-0.472615384615385,0.334615384615385
"1872","3088",0.363,-0.138,0,-0.472615384615385,0.334615384615385
"1873","3088",11.141,-0.458,0,-0.472615384615385,0.0146153846153846
"1874","3088",8.298,-0.628,0,-0.472615384615385,-0.155384615384615
"1875","3088",2.38,0.412,0,-0.472615384615385,0.884615384615385
"1876","3088",4.838,-1.788,0,-0.472615384615385,-1.31538461538462
"1877","3088",4.5,-0.708,0,-0.472615384615385,-0.235384615384615
"1878","3088",14.97,0.552,0,-0.472615384615385,1.02461538461538
"1879","3088",4.896,0.792,0,-0.472615384615385,1.26461538461538
"1880","3088",12.177,-1.038,0,-0.472615384615385,-0.565384615384615
"1881","3088",14.987,-0.778,0,-0.472615384615385,-0.305384615384615
"1882","3088",1.314,-1.548,0,-0.472615384615385,-1.07538461538462
"1883","3088",4.007,0.082,0,-0.472615384615385,0.554615384615385
"1884","3088",17.404,0.602,0,-0.472615384615385,1.07461538461538
"1885","3088",17.599,-1.668,0,-0.472615384615385,-1.19538461538462
"1886","3088",8.139,-1.098,0,-0.472615384615385,-0.625384615384615
"1887","3088",3.242,-0.998,0,-0.472615384615385,-0.525384615384615
"1888","3088",0.036,-0.858,0,-0.472615384615385,-0.385384615384615
"1889","3088",2.211,0.672,0,-0.472615384615385,1.14461538461538
"1890","3088",5.27,0.522,0,-0.472615384615385,0.994615384615385
"1891","3088",7.731,-0.138,0,-0.472615384615385,0.334615384615385
"1892","3088",6.953,-1.078,0,-0.472615384615385,-0.605384615384615
"1893","3088",4.635,-2.508,0,-0.472615384615385,-2.03538461538462
"1894","3088",18.384,0.032,0,-0.472615384615385,0.504615384615385
"1895","3088",6.92,-1.818,0,-0.472615384615385,-1.34538461538462
"1896","3088",4.828,0.002,0,-0.472615384615385,0.474615384615385
"1897","3088",16.941,-0.418,0,-0.472615384615385,0.0546153846153846
"1898","3088",8.339,-0.988,0,-0.472615384615385,-0.515384615384615
"1899","3088",4.784,-0.848,0,-0.472615384615385,-0.375384615384615
"1900","3088",19.106,-0.338,0,-0.472615384615385,0.134615384615385
"1901","3088",8.896,-0.408,0,-0.472615384615385,0.0646153846153846
"1902","3088",3.027,-1.458,0,-0.472615384615385,-0.985384615384615
"1903","3088",14.065,-0.628,0,-0.472615384615385,-0.155384615384615
"1904","3088",16.773,-0.498,0,-0.472615384615385,-0.0253846153846154
"1905","3152",12.032,0.012,0,0.0310384615384615,-0.0190384615384615
"1906","3152",16.855,0.882,0,0.0310384615384615,0.850961538461538
"1907","3152",8.486,-1.138,0,0.0310384615384615,-1.16903846153846
"1908","3152",5.826,0.542,0,0.0310384615384615,0.510961538461538
"1909","3152",12.818,0.612,0,0.0310384615384615,0.580961538461538
"1910","3152",24.993,0.792,0,0.0310384615384615,0.760961538461538
"1911","3152",23.08,0.612,0,0.0310384615384615,0.580961538461538
"1912","3152",13.592,-1.368,0,0.0310384615384615,-1.39903846153846
"1913","3152",14.926,0.662,0,0.0310384615384615,0.630961538461538
"1914","3152",17.58,1.072,0,0.0310384615384615,1.04096153846154
"1915","3152",13.564,1.172,0,0.0310384615384615,1.14096153846154
"1916","3152",24.993,0.762,0,0.0310384615384615,0.730961538461538
"1917","3152",8.789,-0.778,0,0.0310384615384615,-0.809038461538462
"1918","3152",23.127,0.952,0,0.0310384615384615,0.920961538461538
"1919","3152",12.714,0.652,0,0.0310384615384615,0.620961538461538
"1920","3152",18.934,0.482,0,0.0310384615384615,0.450961538461538
"1921","3152",6.466,-0.268,0,0.0310384615384615,-0.299038461538462
"1922","3152",18.051,-1.018,0,0.0310384615384615,-1.04903846153846
"1923","3152",22.254,-0.258,0,0.0310384615384615,-0.289038461538462
"1924","3152",13.128,-0.418,0,0.0310384615384615,-0.449038461538461
"1925","3152",23.818,0.842,0,0.0310384615384615,0.810961538461538
"1926","3152",1.439,-1.368,0,0.0310384615384615,-1.39903846153846
"1927","3152",5.576,-0.138,0,0.0310384615384615,-0.169038461538462
"1928","3152",19.71,-0.298,0,0.0310384615384615,-0.329038461538462
"1929","3152",-2.094,-0.428,0,0.0310384615384615,-0.459038461538462
"1930","3152",2.986,0.702,0,0.0310384615384615,0.670961538461538
"1931","3152",22.553,0.822,0,0.0310384615384615,0.790961538461538
"1932","3152",1.791,0.832,0,0.0310384615384615,0.800961538461538
"1933","3152",19.482,-0.848,0,0.0310384615384615,-0.879038461538462
"1934","3152",2.982,0.782,0,0.0310384615384615,0.750961538461538
"1935","3152",14.932,1.212,0,0.0310384615384615,1.18096153846154
"1936","3152",8.491,-0.778,0,0.0310384615384615,-0.809038461538462
"1937","3152",22.344,0.652,0,0.0310384615384615,0.620961538461538
"1938","3152",20.36,-1.038,0,0.0310384615384615,-1.06903846153846
"1939","3152",15.751,-0.628,0,0.0310384615384615,-0.659038461538462
"1940","3152",19.572,1.202,0,0.0310384615384615,1.17096153846154
"1941","3152",6.251,-1.298,0,0.0310384615384615,-1.32903846153846
"1942","3152",10.161,-0.908,0,0.0310384615384615,-0.939038461538462
"1943","3152",20.953,-0.218,0,0.0310384615384615,-0.249038461538462
"1944","3152",7.024,-0.508,0,0.0310384615384615,-0.539038461538462
"1945","3152",12.152,0.332,0,0.0310384615384615,0.300961538461539
"1946","3152",16.213,-0.278,0,0.0310384615384615,-0.309038461538462
"1947","3152",9.781,-0.648,0,0.0310384615384615,-0.679038461538462
"1948","3152",-2.5,0.202,0,0.0310384615384615,0.170961538461538
"1949","3152",14.184,-1.258,0,0.0310384615384615,-1.28903846153846
"1950","3152",-1.237,-0.168,0,0.0310384615384615,-0.199038461538462
"1951","3152",15.562,1.262,0,0.0310384615384615,1.23096153846154
"1952","3152",9.519,-1.128,0,0.0310384615384615,-1.15903846153846
"1953","3152",7.537,-0.788,0,0.0310384615384615,-0.819038461538462
"1954","3152",12.144,-0.938,0,0.0310384615384615,-0.969038461538462
"1955","3152",18.943,1.262,0,0.0310384615384615,1.23096153846154
"1956","3152",18.282,1.212,0,0.0310384615384615,1.18096153846154
"1957","3332",11.922,0.822,0,0.611473684210526,0.210526315789474
"1958","3332",16.781,0.952,0,0.611473684210526,0.340526315789474
"1959","3332",22.317,-0.218,0,0.611473684210526,-0.829473684210526
"1960","3332",23.054,1.292,0,0.611473684210526,0.680526315789474
"1961","3332",0.996,0.372,0,0.611473684210526,-0.239473684210526
"1962","3332",13.306,0.292,0,0.611473684210526,-0.319473684210526
"1963","3332",21.848,0.532,0,0.611473684210526,-0.0794736842105263
"1964","3332",2.204,0.302,0,0.611473684210526,-0.309473684210526
"1965","3332",12.782,-0.468,0,0.611473684210526,-1.07947368421053
"1966","3332",16.163,0.882,0,0.611473684210526,0.270526315789474
"1967","3332",15.93,1.362,0,0.611473684210526,0.750526315789474
"1968","3332",19.805,0.752,0,0.611473684210526,0.140526315789474
"1969","3332",23.054,-0.178,0,0.611473684210526,-0.789473684210526
"1970","3332",22.661,0.532,0,0.611473684210526,-0.0794736842105263
"1971","3332",11.461,-0.328,0,0.611473684210526,-0.939473684210526
"1972","3332",6.246,0.062,0,0.611473684210526,-0.549473684210526
"1973","3332",24.993,1.122,0,0.611473684210526,0.510526315789474
"1974","3332",14.997,1.142,0,0.611473684210526,0.530526315789474
"1975","3332",13.567,1.042,0,0.611473684210526,0.430526315789474
"1976","3332",22.856,0.832,0,0.611473684210526,0.220526315789474
"1977","3332",10.06,1.362,0,0.611473684210526,0.750526315789474
"1978","3332",5.719,-0.188,0,0.611473684210526,-0.799473684210526
"1979","3332",7.341,0.022,0,0.611473684210526,-0.589473684210526
"1980","3332",17.632,-0.248,0,0.611473684210526,-0.859473684210526
"1981","3332",15.569,0.672,0,0.611473684210526,0.0605263157894738
"1982","3332",7.554,0.082,0,0.611473684210526,-0.529473684210526
"1983","3332",16.206,0.972,0,0.611473684210526,0.360526315789474
"1984","3332",9.355,1.172,0,0.611473684210526,0.560526315789474
"1985","3332",11.531,-0.628,0,0.611473684210526,-1.23947368421053
"1986","3332",7.41,1.212,0,0.611473684210526,0.600526315789474
"1987","3332",23.619,1.012,0,0.611473684210526,0.400526315789474
"1988","3332",10.749,1.262,0,0.611473684210526,0.650526315789474
"1989","3332",18.119,1.162,0,0.611473684210526,0.550526315789474
"1990","3332",22.896,0.762,0,0.611473684210526,0.150526315789474
"1991","3332",3.628,0.762,0,0.611473684210526,0.150526315789474
"1992","3332",13.063,0.882,0,0.611473684210526,0.270526315789474
"1993","3332",13.033,1.342,0,0.611473684210526,0.730526315789474
"1994","3332",12.143,0.522,0,0.611473684210526,-0.0894736842105263
"1995","3351",8.879,0.582,0,0.326102564102564,0.255897435897436
"1996","3351",6.98,1.372,0,0.326102564102564,1.04589743589744
"1997","3351",6.652,0.372,0,0.326102564102564,0.0458974358974359
"1998","3351",4.361,-0.098,0,0.326102564102564,-0.424102564102564
"1999","3351",3.377,-1.488,0,0.326102564102564,-1.81410256410256
"2000","3351",13.294,0.262,0,0.326102564102564,-0.0641025641025641
"2001","3351",4.388,-2.028,0,0.326102564102564,-2.35410256410256
"2002","3351",4.972,0.832,0,0.326102564102564,0.505897435897436
"2003","3351",17.262,0.032,0,0.326102564102564,-0.294102564102564
"2004","3351",16.297,0.352,0,0.326102564102564,0.0258974358974359
"2005","3351",12.815,0.532,0,0.326102564102564,0.205897435897436
"2006","3351",13.233,0.982,0,0.326102564102564,0.655897435897436
"2007","3351",24.301,-0.188,0,0.326102564102564,-0.514102564102564
"2008","3351",-0.417,-0.708,0,0.326102564102564,-1.03410256410256
"2009","3351",13.276,0.932,0,0.326102564102564,0.605897435897436
"2010","3351",5.305,0.812,0,0.326102564102564,0.485897435897436
"2011","3351",2.781,0.592,0,0.326102564102564,0.265897435897436
"2012","3351",13.188,1.422,0,0.326102564102564,1.09589743589744
"2013","3351",14.7,0.892,0,0.326102564102564,0.565897435897436
"2014","3351",21.054,1.212,0,0.326102564102564,0.885897435897436
"2015","3351",12.381,1.392,0,0.326102564102564,1.06589743589744
"2016","3351",22.616,0.342,0,0.326102564102564,0.0158974358974359
"2017","3351",5.453,-0.568,0,0.326102564102564,-0.894102564102564
"2018","3351",6.41,1.142,0,0.326102564102564,0.815897435897436
"2019","3351",14.87,-0.798,0,0.326102564102564,-1.12410256410256
"2020","3351",15.227,-0.018,0,0.326102564102564,-0.344102564102564
"2021","3351",-0.598,0.672,0,0.326102564102564,0.345897435897436
"2022","3351",17.06,0.432,0,0.326102564102564,0.105897435897436
"2023","3351",22.697,1.182,0,0.326102564102564,0.855897435897436
"2024","3351",11.147,1.512,0,0.326102564102564,1.18589743589744
"2025","3351",17.175,0.512,0,0.326102564102564,0.185897435897436
"2026","3351",12.905,-0.258,0,0.326102564102564,-0.584102564102564
"2027","3351",14.594,-0.278,0,0.326102564102564,-0.604102564102564
"2028","3351",24.993,1.122,0,0.326102564102564,0.795897435897436
"2029","3351",-1.095,-0.798,0,0.326102564102564,-1.12410256410256
"2030","3351",5.637,0.902,0,0.326102564102564,0.575897435897436
"2031","3351",20.708,0.512,0,0.326102564102564,0.185897435897436
"2032","3351",10.064,-1.178,0,0.326102564102564,-1.50410256410256
"2033","3351",8.2,0.222,0,0.326102564102564,-0.104102564102564
"2034","3377",14.34,-0.938,0,-0.585333333333333,-0.352666666666667
"2035","3377",5.271,-1.188,0,-0.585333333333333,-0.602666666666667
"2036","3377",6.933,-0.628,0,-0.585333333333333,-0.0426666666666666
"2037","3377",13.531,-0.948,0,-0.585333333333333,-0.362666666666667
"2038","3377",2.697,-0.368,0,-0.585333333333333,0.217333333333333
"2039","3377",12.221,-0.448,0,-0.585333333333333,0.137333333333333
"2040","3377",16.269,-0.908,0,-0.585333333333333,-0.322666666666667
"2041","3377",0.155,-0.578,0,-0.585333333333333,0.00733333333333341
"2042","3377",18.275,-0.918,0,-0.585333333333333,-0.332666666666667
"2043","3377",2.066,-0.788,0,-0.585333333333333,-0.202666666666667
"2044","3377",7.783,-1.838,0,-0.585333333333333,-1.25266666666667
"2045","3377",8.285,-1.158,0,-0.585333333333333,-0.572666666666667
"2046","3377",7.378,-1.248,0,-0.585333333333333,-0.662666666666667
"2047","3377",5.227,-0.128,0,-0.585333333333333,0.457333333333333
"2048","3377",3.486,-0.658,0,-0.585333333333333,-0.0726666666666667
"2049","3377",8.869,0.102,0,-0.585333333333333,0.687333333333333
"2050","3377",15.436,0.792,0,-0.585333333333333,1.37733333333333
"2051","3377",-2.832,-0.048,0,-0.585333333333333,0.537333333333333
"2052","3377",3.079,-0.648,0,-0.585333333333333,-0.0626666666666666
"2053","3377",6.659,-0.488,0,-0.585333333333333,0.0973333333333334
"2054","3377",21.669,-0.718,0,-0.585333333333333,-0.132666666666667
"2055","3377",19.026,-0.688,0,-0.585333333333333,-0.102666666666667
"2056","3377",2.322,1.092,0,-0.585333333333333,1.67733333333333
"2057","3377",12.873,-1.458,0,-0.585333333333333,-0.872666666666667
"2058","3377",10.538,0.232,0,-0.585333333333333,0.817333333333333
"2059","3377",7.441,-0.918,0,-0.585333333333333,-0.332666666666667
"2060","3377",9.481,-0.908,0,-0.585333333333333,-0.322666666666667
"2061","3377",23.116,-1.438,0,-0.585333333333333,-0.852666666666667
"2062","3377",1.155,-0.138,0,-0.585333333333333,0.447333333333333
"2063","3377",20.537,-0.838,0,-0.585333333333333,-0.252666666666667
"2064","3377",5.404,-0.808,0,-0.585333333333333,-0.222666666666667
"2065","3377",-0.704,-1.088,0,-0.585333333333333,-0.502666666666667
"2066","3377",19.052,-0.268,0,-0.585333333333333,0.317333333333333
"2067","3377",16.637,-0.378,0,-0.585333333333333,0.207333333333333
"2068","3377",14.117,-0.388,0,-0.585333333333333,0.197333333333333
"2069","3377",0.114,1.042,0,-0.585333333333333,1.62733333333333
"2070","3377",14.413,-0.768,0,-0.585333333333333,-0.182666666666667
"2071","3377",4.82,-0.088,0,-0.585333333333333,0.497333333333333
"2072","3377",5.888,-1.858,0,-0.585333333333333,-1.27266666666667
"2073","3377",17.617,0.462,0,-0.585333333333333,1.04733333333333
"2074","3377",-0.227,-0.498,0,-0.585333333333333,0.0873333333333334
"2075","3377",3.833,-2.248,0,-0.585333333333333,-1.66266666666667
"2076","3377",10.298,-0.178,0,-0.585333333333333,0.407333333333333
"2077","3377",-0.009,-0.488,0,-0.585333333333333,0.0973333333333334
"2078","3377",18.863,0.022,0,-0.585333333333333,0.607333333333333
"2079","3427",13.874,-0.038,1,0.153020408163265,-0.191020408163265
"2080","3427",13.824,-0.498,1,0.153020408163265,-0.651020408163265
"2081","3427",19.372,0.422,1,0.153020408163265,0.268979591836735
"2082","3427",21.296,-0.718,1,0.153020408163265,-0.871020408163265
"2083","3427",24.107,-0.258,1,0.153020408163265,-0.411020408163265
"2084","3427",20.232,0.062,1,0.153020408163265,-0.0910204081632653
"2085","3427",24.401,0.632,1,0.153020408163265,0.478979591836735
"2086","3427",15.381,-0.678,1,0.153020408163265,-0.831020408163265
"2087","3427",22.779,-0.088,1,0.153020408163265,-0.241020408163265
"2088","3427",13.774,0.862,1,0.153020408163265,0.708979591836735
"2089","3427",18.072,-0.418,1,0.153020408163265,-0.571020408163265
"2090","3427",15.127,-0.038,1,0.153020408163265,-0.191020408163265
"2091","3427",23.163,1.312,1,0.153020408163265,1.15897959183673
"2092","3427",18.013,1.002,1,0.153020408163265,0.848979591836735
"2093","3427",16.703,0.862,1,0.153020408163265,0.708979591836735
"2094","3427",19.561,-0.268,1,0.153020408163265,-0.421020408163265
"2095","3427",22.245,1.312,1,0.153020408163265,1.15897959183673
"2096","3427",21.508,0.512,1,0.153020408163265,0.358979591836735
"2097","3427",15.642,-0.418,1,0.153020408163265,-0.571020408163265
"2098","3427",22.667,0.922,1,0.153020408163265,0.768979591836735
"2099","3427",20.877,0.022,1,0.153020408163265,-0.131020408163265
"2100","3427",22.273,-0.018,1,0.153020408163265,-0.171020408163265
"2101","3427",21.828,-0.258,1,0.153020408163265,-0.411020408163265
"2102","3427",24.993,0.432,1,0.153020408163265,0.278979591836735
"2103","3427",16.374,-0.118,1,0.153020408163265,-0.271020408163265
"2104","3427",16.622,0.622,1,0.153020408163265,0.468979591836735
"2105","3427",13.571,1.282,1,0.153020408163265,1.12897959183673
"2106","3427",18.049,1.512,1,0.153020408163265,1.35897959183673
"2107","3427",20.784,0.062,1,0.153020408163265,-0.0910204081632653
"2108","3427",16.641,1.082,1,0.153020408163265,0.928979591836735
"2109","3427",17.28,-0.298,1,0.153020408163265,-0.451020408163265
"2110","3427",21.872,-0.158,1,0.153020408163265,-0.311020408163265
"2111","3427",24.812,-0.298,1,0.153020408163265,-0.451020408163265
"2112","3427",22.801,-0.048,1,0.153020408163265,-0.201020408163265
"2113","3427",20.961,0.432,1,0.153020408163265,0.278979591836735
"2114","3427",20.786,-0.908,1,0.153020408163265,-1.06102040816327
"2115","3427",20.621,0.672,1,0.153020408163265,0.518979591836735
"2116","3427",21.444,-1.288,1,0.153020408163265,-1.44102040816327
"2117","3427",20.319,-0.008,1,0.153020408163265,-0.161020408163265
"2118","3427",21.038,0.422,1,0.153020408163265,0.268979591836735
"2119","3427",19.8,-0.218,1,0.153020408163265,-0.371020408163265
"2120","3427",23.817,-0.758,1,0.153020408163265,-0.911020408163265
"2121","3427",23.83,0.792,1,0.153020408163265,0.638979591836735
"2122","3427",23.09,0.482,1,0.153020408163265,0.328979591836735
"2123","3427",19.606,-1.318,1,0.153020408163265,-1.47102040816327
"2124","3427",21.378,0.172,1,0.153020408163265,0.0189795918367347
"2125","3427",12.046,0.442,1,0.153020408163265,0.288979591836735
"2126","3427",24.147,-0.168,1,0.153020408163265,-0.321020408163265
"2127","3427",12.663,0.452,1,0.153020408163265,0.298979591836735
"2128","3498",4.259,1.152,1,0.659547169811321,0.492452830188679
"2129","3498",14.653,0.702,1,0.659547169811321,0.0424528301886792
"2130","3498",3.243,1.262,1,0.659547169811321,0.602452830188679
"2131","3498",13.372,-0.078,1,0.659547169811321,-0.737547169811321
"2132","3498",14.035,0.932,1,0.659547169811321,0.272452830188679
"2133","3498",16.807,1.512,1,0.659547169811321,0.852452830188679
"2134","3498",20.251,1.022,1,0.659547169811321,0.362452830188679
"2135","3498",19.222,0.372,1,0.659547169811321,-0.287547169811321
"2136","3498",18.402,0.902,1,0.659547169811321,0.242452830188679
"2137","3498",13.488,0.892,1,0.659547169811321,0.232452830188679
"2138","3498",21.797,1.222,1,0.659547169811321,0.562452830188679
"2139","3498",13.707,-0.088,1,0.659547169811321,-0.747547169811321
"2140","3498",3.213,0.682,1,0.659547169811321,0.0224528301886793
"2141","3498",19.8,-1.088,1,0.659547169811321,-1.74754716981132
"2142","3498",14.261,1.282,1,0.659547169811321,0.622452830188679
"2143","3498",4.845,0.102,1,0.659547169811321,-0.557547169811321
"2144","3498",13.094,0.532,1,0.659547169811321,-0.127547169811321
"2145","3498",21.444,1.182,1,0.659547169811321,0.522452830188679
"2146","3498",21.035,0.982,1,0.659547169811321,0.322452830188679
"2147","3498",10.276,-0.148,1,0.659547169811321,-0.807547169811321
"2148","3498",19.268,0.602,1,0.659547169811321,-0.0575471698113208
"2149","3498",21.366,0.532,1,0.659547169811321,-0.127547169811321
"2150","3498",20.514,0.272,1,0.659547169811321,-0.387547169811321
"2151","3498",15.495,0.472,1,0.659547169811321,-0.187547169811321
"2152","3498",19.987,1.392,1,0.659547169811321,0.732452830188679
"2153","3498",24.076,0.402,1,0.659547169811321,-0.257547169811321
"2154","3498",19.707,-0.108,1,0.659547169811321,-0.767547169811321
"2155","3498",15.019,0.762,1,0.659547169811321,0.102452830188679
"2156","3498",18.704,0.572,1,0.659547169811321,-0.0875471698113208
"2157","3498",20.707,1.422,1,0.659547169811321,0.762452830188679
"2158","3498",17.769,-0.098,1,0.659547169811321,-0.757547169811321
"2159","3498",12.357,1.282,1,0.659547169811321,0.622452830188679
"2160","3498",21.051,1.082,1,0.659547169811321,0.422452830188679
"2161","3498",18.28,-0.478,1,0.659547169811321,-1.13754716981132
"2162","3498",21.539,0.422,1,0.659547169811321,-0.237547169811321
"2163","3498",17.922,0.042,1,0.659547169811321,-0.617547169811321
"2164","3498",20.064,0.832,1,0.659547169811321,0.172452830188679
"2165","3498",19.083,0.942,1,0.659547169811321,0.282452830188679
"2166","3498",16.85,0.452,1,0.659547169811321,-0.207547169811321
"2167","3498",17.581,1.372,1,0.659547169811321,0.712452830188679
"2168","3498",10.937,0.192,1,0.659547169811321,-0.467547169811321
"2169","3498",14.755,-0.188,1,0.659547169811321,-0.847547169811321
"2170","3498",11.785,1.262,1,0.659547169811321,0.602452830188679
"2171","3498",16.289,0.122,1,0.659547169811321,-0.537547169811321
"2172","3498",19.958,0.062,1,0.659547169811321,-0.597547169811321
"2173","3498",19.68,1.142,1,0.659547169811321,0.482452830188679
"2174","3498",15.517,1.262,1,0.659547169811321,0.602452830188679
"2175","3498",16.848,0.282,1,0.659547169811321,-0.377547169811321
"2176","3498",18.808,1.012,1,0.659547169811321,0.352452830188679
"2177","3498",21.688,0.872,1,0.659547169811321,0.212452830188679
"2178","3498",16.686,0.802,1,0.659547169811321,0.142452830188679
"2179","3498",7.007,1.122,1,0.659547169811321,0.462452830188679
"2180","3498",20.193,1.512,1,0.659547169811321,0.852452830188679
"2181","3499",15.165,0.562,1,0.449894736842105,0.112105263157895
"2182","3499",10.491,0.592,1,0.449894736842105,0.142105263157895
"2183","3499",7.605,-0.748,1,0.449894736842105,-1.19789473684211
"2184","3499",17.419,0.792,1,0.449894736842105,0.342105263157895
"2185","3499",23.294,0.502,1,0.449894736842105,0.0521052631578947
"2186","3499",20.432,1.342,1,0.449894736842105,0.892105263157895
"2187","3499",14.298,-0.098,1,0.449894736842105,-0.547894736842105
"2188","3499",14.418,1.092,1,0.449894736842105,0.642105263157895
"2189","3499",22.418,0.752,1,0.449894736842105,0.302105263157895
"2190","3499",10.986,0.762,1,0.449894736842105,0.312105263157895
"2191","3499",13.816,0.802,1,0.449894736842105,0.352105263157895
"2192","3499",7.846,0.932,1,0.449894736842105,0.482105263157895
"2193","3499",4.769,0.342,1,0.449894736842105,-0.107894736842105
"2194","3499",12.938,1.102,1,0.449894736842105,0.652105263157895
"2195","3499",9.513,-0.278,1,0.449894736842105,-0.727894736842105
"2196","3499",8.87,0.412,1,0.449894736842105,-0.0378947368421053
"2197","3499",10.953,0.842,1,0.449894736842105,0.392105263157895
"2198","3499",16.741,-0.138,1,0.449894736842105,-0.587894736842105
"2199","3499",19.923,-1.168,1,0.449894736842105,-1.61789473684211
"2200","3499",4.237,1.182,1,0.449894736842105,0.732105263157895
"2201","3499",5.813,-0.458,1,0.449894736842105,-0.907894736842105
"2202","3499",22.468,0.562,1,0.449894736842105,0.112105263157895
"2203","3499",19.258,1.342,1,0.449894736842105,0.892105263157895
"2204","3499",11.363,0.932,1,0.449894736842105,0.482105263157895
"2205","3499",4.487,0.982,1,0.449894736842105,0.532105263157895
"2206","3499",12.35,0.352,1,0.449894736842105,-0.0978947368421053
"2207","3499",17.867,0.752,1,0.449894736842105,0.302105263157895
"2208","3499",15.259,-0.028,1,0.449894736842105,-0.477894736842105
"2209","3499",17.932,0.702,1,0.449894736842105,0.252105263157895
"2210","3499",17.594,0.472,1,0.449894736842105,0.0221052631578947
"2211","3499",19.406,-0.028,1,0.449894736842105,-0.477894736842105
"2212","3499",7.931,-0.388,1,0.449894736842105,-0.837894736842105
"2213","3499",10.527,0.732,1,0.449894736842105,0.282105263157895
"2214","3499",12.543,0.192,1,0.449894736842105,-0.257894736842105
"2215","3499",4.48,-0.238,1,0.449894736842105,-0.687894736842105
"2216","3499",12.47,-0.688,1,0.449894736842105,-1.13789473684211
"2217","3499",18.148,1.082,1,0.449894736842105,0.632105263157895
"2218","3499",8.48,1.242,1,0.449894736842105,0.792105263157895
"2219","3533",1.26,-0.338,1,-0.134458333333333,-0.203541666666667
"2220","3533",23.168,0.132,1,-0.134458333333333,0.266458333333333
"2221","3533",15.237,-0.348,1,-0.134458333333333,-0.213541666666667
"2222","3533",2.21,0.482,1,-0.134458333333333,0.616458333333333
"2223","3533",11.038,-0.438,1,-0.134458333333333,-0.303541666666667
"2224","3533",4.36,-0.368,1,-0.134458333333333,-0.233541666666667
"2225","3533",-0.06,0.252,1,-0.134458333333333,0.386458333333333
"2226","3533",-2.142,-0.938,1,-0.134458333333333,-0.803541666666667
"2227","3533",2.913,-0.148,1,-0.134458333333333,-0.0135416666666667
"2228","3533",2.117,-0.818,1,-0.134458333333333,-0.683541666666667
"2229","3533",17.225,-0.798,1,-0.134458333333333,-0.663541666666667
"2230","3533",16.494,-0.178,1,-0.134458333333333,-0.0435416666666667
"2231","3533",22.969,0.892,1,-0.134458333333333,1.02645833333333
"2232","3533",9.246,-0.398,1,-0.134458333333333,-0.263541666666667
"2233","3533",18.938,-0.128,1,-0.134458333333333,0.00645833333333332
"2234","3533",16.73,0.922,1,-0.134458333333333,1.05645833333333
"2235","3533",6.68,0.472,1,-0.134458333333333,0.606458333333333
"2236","3533",2.834,0.592,1,-0.134458333333333,0.726458333333333
"2237","3533",8.753,-0.588,1,-0.134458333333333,-0.453541666666667
"2238","3533",8.167,-0.798,1,-0.134458333333333,-0.663541666666667
"2239","3533",5.383,-0.838,1,-0.134458333333333,-0.703541666666667
"2240","3533",0.432,0.232,1,-0.134458333333333,0.366458333333333
"2241","3533",17.449,0.442,1,-0.134458333333333,0.576458333333333
"2242","3533",12.114,-0.218,1,-0.134458333333333,-0.0835416666666667
"2243","3533",16.069,-0.438,1,-0.134458333333333,-0.303541666666667
"2244","3533",13.543,0.132,1,-0.134458333333333,0.266458333333333
"2245","3533",6.913,0.372,1,-0.134458333333333,0.506458333333333
"2246","3533",17.55,-0.538,1,-0.134458333333333,-0.403541666666667
"2247","3533",-2.582,0.792,1,-0.134458333333333,0.926458333333333
"2248","3533",-2.832,0.182,1,-0.134458333333333,0.316458333333333
"2249","3533",4.25,-0.208,1,-0.134458333333333,-0.0735416666666667
"2250","3533",8.456,0.422,1,-0.134458333333333,0.556458333333333
"2251","3533",18.417,-1.158,1,-0.134458333333333,-1.02354166666667
"2252","3533",13.957,0.472,1,-0.134458333333333,0.606458333333333
"2253","3533",4.27,-0.308,1,-0.134458333333333,-0.173541666666667
"2254","3533",13.51,-0.008,1,-0.134458333333333,0.126458333333333
"2255","3533",10.121,-0.418,1,-0.134458333333333,-0.283541666666667
"2256","3533",17.361,-0.218,1,-0.134458333333333,-0.0835416666666667
"2257","3533",21.01,-0.618,1,-0.134458333333333,-0.483541666666667
"2258","3533",13.419,-0.708,1,-0.134458333333333,-0.573541666666667
"2259","3533",15.733,-0.778,1,-0.134458333333333,-0.643541666666667
"2260","3533",21.199,-0.478,1,-0.134458333333333,-0.343541666666667
"2261","3533",9.87,0.472,1,-0.134458333333333,0.606458333333333
"2262","3533",13.037,-0.618,1,-0.134458333333333,-0.483541666666667
"2263","3533",18.261,0.622,1,-0.134458333333333,0.756458333333333
"2264","3533",14.916,0.532,1,-0.134458333333333,0.666458333333333
"2265","3533",4.799,-0.408,1,-0.134458333333333,-0.273541666666667
"2266","3533",4.872,-0.628,1,-0.134458333333333,-0.493541666666667
"2267","3610",12.164,0.632,1,0.120125,0.511875
"2268","3610",16.902,0.322,1,0.120125,0.201875
"2269","3610",14.908,0.492,1,0.120125,0.371875
"2270","3610",17.915,-0.108,1,0.120125,-0.228125
"2271","3610",22.713,1.372,1,0.120125,1.251875
"2272","3610",18.94,0.342,1,0.120125,0.221875
"2273","3610",14.811,0.942,1,0.120125,0.821875
"2274","3610",21.734,-0.078,1,0.120125,-0.198125
"2275","3610",22.293,0.852,1,0.120125,0.731875
"2276","3610",16.439,0.942,1,0.120125,0.821875
"2277","3610",17.522,0.012,1,0.120125,-0.108125
"2278","3610",22.384,0.722,1,0.120125,0.601875
"2279","3610",1.443,-1.048,1,0.120125,-1.168125
"2280","3610",14.46,0.452,1,0.120125,0.331875
"2281","3610",24.545,0.942,1,0.120125,0.821875
"2282","3610",14.387,0.502,1,0.120125,0.381875
"2283","3610",15.053,-0.448,1,0.120125,-0.568125
"2284","3610",21.034,1.012,1,0.120125,0.891875
"2285","3610",4.695,-0.418,1,0.120125,-0.538125
"2286","3610",11.691,-0.078,1,0.120125,-0.198125
"2287","3610",14.63,0.432,1,0.120125,0.311875
"2288","3610",15.045,0.062,1,0.120125,-0.058125
"2289","3610",16.854,-0.488,1,0.120125,-0.608125
"2290","3610",17.409,0.272,1,0.120125,0.151875
"2291","3610",3.005,-0.548,1,0.120125,-0.668125
"2292","3610",8.924,-0.758,1,0.120125,-0.878125
"2293","3610",23.336,0.652,1,0.120125,0.531875
"2294","3610",23.822,-0.708,1,0.120125,-0.828125
"2295","3610",6.207,-0.658,1,0.120125,-0.778125
"2296","3610",18.111,0.472,1,0.120125,0.351875
"2297","3610",22.813,-0.578,1,0.120125,-0.698125
"2298","3610",8.622,0.842,1,0.120125,0.721875
"2299","3610",21.31,0.132,1,0.120125,0.011875
"2300","3610",2.785,-0.458,1,0.120125,-0.578125
"2301","3610",14.759,-0.648,1,0.120125,-0.768125
"2302","3610",23.619,-0.108,1,0.120125,-0.228125
"2303","3610",11.267,-0.548,1,0.120125,-0.668125
"2304","3610",16.139,1.332,1,0.120125,1.211875
"2305","3610",14.598,0.432,1,0.120125,0.311875
"2306","3610",23.723,1.262,1,0.120125,1.141875
"2307","3610",8.565,-0.678,1,0.120125,-0.798125
"2308","3610",15.896,0.792,1,0.120125,0.671875
"2309","3610",9.03,0.892,1,0.120125,0.771875
"2310","3610",11.243,1.292,1,0.120125,1.171875
"2311","3610",8.633,-0.398,1,0.120125,-0.518125
"2312","3610",9.949,-0.188,1,0.120125,-0.308125
"2313","3610",20.863,-0.228,1,0.120125,-0.348125
"2314","3610",14.126,-0.008,1,0.120125,-0.128125
"2315","3610",13.942,0.602,1,0.120125,0.481875
"2316","3610",17.007,1.072,1,0.120125,0.951875
"2317","3610",18.874,-0.258,1,0.120125,-0.378125
"2318","3610",5.228,-0.488,1,0.120125,-0.608125
"2319","3610",9.993,-0.318,1,0.120125,-0.438125
"2320","3610",13.301,-0.038,1,0.120125,-0.158125
"2321","3610",16.428,0.042,1,0.120125,-0.078125
"2322","3610",19.533,0.092,1,0.120125,-0.028125
"2323","3610",8.92,-0.368,1,0.120125,-0.488125
"2324","3610",9.762,-0.408,1,0.120125,-0.528125
"2325","3610",22.357,-0.478,1,0.120125,-0.598125
"2326","3610",21.776,-0.248,1,0.120125,-0.368125
"2327","3610",19.899,-0.408,1,0.120125,-0.528125
"2328","3610",12.565,0.812,1,0.120125,0.691875
"2329","3610",22.688,-0.338,1,0.120125,-0.458125
"2330","3610",19.128,-0.808,1,0.120125,-0.928125
"2331","3657",22.04,1.062,0,-0.649176470588235,1.71117647058824
"2332","3657",2.832,-1.258,0,-0.649176470588235,-0.608823529411765
"2333","3657",21.136,-0.068,0,-0.649176470588235,0.581176470588235
"2334","3657",13.156,-0.288,0,-0.649176470588235,0.361176470588235
"2335","3657",17.508,0.452,0,-0.649176470588235,1.10117647058824
"2336","3657",5.122,-0.748,0,-0.649176470588235,-0.0988235294117646
"2337","3657",7.147,-0.478,0,-0.649176470588235,0.171176470588235
"2338","3657",3.448,-0.078,0,-0.649176470588235,0.571176470588235
"2339","3657",17.736,-1.048,0,-0.649176470588235,-0.398823529411765
"2340","3657",20.048,0.252,0,-0.649176470588235,0.901176470588235
"2341","3657",3.967,-0.438,0,-0.649176470588235,0.211176470588235
"2342","3657",0.93,-1.398,0,-0.649176470588235,-0.748823529411765
"2343","3657",3.008,-0.168,0,-0.649176470588235,0.481176470588235
"2344","3657",11.809,-0.538,0,-0.649176470588235,0.111176470588235
"2345","3657",12.267,1.022,0,-0.649176470588235,1.67117647058824
"2346","3657",21.082,-0.688,0,-0.649176470588235,-0.0388235294117646
"2347","3657",8.043,-1.358,0,-0.649176470588235,-0.708823529411765
"2348","3657",8.152,-1.068,0,-0.649176470588235,-0.418823529411765
"2349","3657",6.504,-0.858,0,-0.649176470588235,-0.208823529411765
"2350","3657",-1.073,-1.948,0,-0.649176470588235,-1.29882352941176
"2351","3657",2.984,-0.828,0,-0.649176470588235,-0.178823529411765
"2352","3657",13.382,-0.128,0,-0.649176470588235,0.521176470588235
"2353","3657",2.671,-0.718,0,-0.649176470588235,-0.0688235294117646
"2354","3657",18.61,1.512,0,-0.649176470588235,2.16117647058824
"2355","3657",5.528,-1.358,0,-0.649176470588235,-0.708823529411765
"2356","3657",12.486,-1.978,0,-0.649176470588235,-1.32882352941176
"2357","3657",1.471,-0.928,0,-0.649176470588235,-0.278823529411765
"2358","3657",-1.712,-0.248,0,-0.649176470588235,0.401176470588235
"2359","3657",2.993,-0.918,0,-0.649176470588235,-0.268823529411765
"2360","3657",23.205,0.452,0,-0.649176470588235,1.10117647058824
"2361","3657",23.053,-1.598,0,-0.649176470588235,-0.948823529411765
"2362","3657",3.583,-1.358,0,-0.649176470588235,-0.708823529411765
"2363","3657",6.506,-0.128,0,-0.649176470588235,0.521176470588235
"2364","3657",24.993,-1.148,0,-0.649176470588235,-0.498823529411765
"2365","3657",23.413,0.212,0,-0.649176470588235,0.861176470588235
"2366","3657",8.141,0.172,0,-0.649176470588235,0.821176470588235
"2367","3657",4.858,-1.038,0,-0.649176470588235,-0.388823529411765
"2368","3657",1.912,-1.488,0,-0.649176470588235,-0.838823529411765
"2369","3657",2.957,-1.838,0,-0.649176470588235,-1.18882352941176
"2370","3657",16.732,-1.338,0,-0.649176470588235,-0.688823529411765
"2371","3657",0.008,-0.678,0,-0.649176470588235,-0.0288235294117647
"2372","3657",3.973,0.172,0,-0.649176470588235,0.821176470588235
"2373","3657",11.771,-1.058,0,-0.649176470588235,-0.408823529411765
"2374","3657",17.662,-0.628,0,-0.649176470588235,0.0211764705882354
"2375","3657",8.464,-0.768,0,-0.649176470588235,-0.118823529411765
"2376","3657",6.69,-0.458,0,-0.649176470588235,0.191176470588235
"2377","3657",15.549,-0.938,0,-0.649176470588235,-0.288823529411765
"2378","3657",-1.045,-1.068,0,-0.649176470588235,-0.418823529411765
"2379","3657",1.125,-0.898,0,-0.649176470588235,-0.248823529411765
"2380","3657",5.891,-2.008,0,-0.649176470588235,-1.35882352941176
"2381","3657",12.864,-0.448,0,-0.649176470588235,0.201176470588235
"2382","3688",11.233,0.132,1,0.405023255813953,-0.273023255813953
"2383","3688",1.076,1.262,1,0.405023255813953,0.856976744186047
"2384","3688",21.734,0.542,1,0.405023255813953,0.136976744186047
"2385","3688",1.776,-0.028,1,0.405023255813953,-0.433023255813954
"2386","3688",7.838,0.182,1,0.405023255813953,-0.223023255813953
"2387","3688",21.161,0.722,1,0.405023255813953,0.316976744186046
"2388","3688",23.363,0.762,1,0.405023255813953,0.356976744186047
"2389","3688",21.023,-0.008,1,0.405023255813953,-0.413023255813953
"2390","3688",24.138,1.332,1,0.405023255813953,0.926976744186047
"2391","3688",19.719,0.062,1,0.405023255813953,-0.343023255813953
"2392","3688",7.043,0.482,1,0.405023255813953,0.0769767441860465
"2393","3688",22.022,0.732,1,0.405023255813953,0.326976744186046
"2394","3688",18.839,0.392,1,0.405023255813953,-0.0130232558139535
"2395","3688",17.999,0.442,1,0.405023255813953,0.0369767441860465
"2396","3688",20.358,0.102,1,0.405023255813953,-0.303023255813954
"2397","3688",20.449,-0.458,1,0.405023255813953,-0.863023255813953
"2398","3688",5.425,0.362,1,0.405023255813953,-0.0430232558139535
"2399","3688",18.309,0.722,1,0.405023255813953,0.316976744186046
"2400","3688",8.156,0.132,1,0.405023255813953,-0.273023255813953
"2401","3688",22.031,0.512,1,0.405023255813953,0.106976744186047
"2402","3688",14.129,0.902,1,0.405023255813953,0.496976744186047
"2403","3688",7.762,-0.138,1,0.405023255813953,-0.543023255813953
"2404","3688",15.969,0.932,1,0.405023255813953,0.526976744186047
"2405","3688",18.614,1.432,1,0.405023255813953,1.02697674418605
"2406","3688",6.928,-0.078,1,0.405023255813953,-0.483023255813954
"2407","3688",21.935,-0.058,1,0.405023255813953,-0.463023255813953
"2408","3688",17.308,0.222,1,0.405023255813953,-0.183023255813953
"2409","3688",21.444,-0.358,1,0.405023255813953,-0.763023255813953
"2410","3688",19.62,0.752,1,0.405023255813953,0.346976744186047
"2411","3688",19.566,1.072,1,0.405023255813953,0.666976744186047
"2412","3688",20.677,1.262,1,0.405023255813953,0.856976744186047
"2413","3688",1.84,0.152,1,0.405023255813953,-0.253023255813953
"2414","3688",11.178,0.952,1,0.405023255813953,0.546976744186046
"2415","3688",3.078,-0.048,1,0.405023255813953,-0.453023255813953
"2416","3688",19.906,-1.408,1,0.405023255813953,-1.81302325581395
"2417","3688",15.102,0.382,1,0.405023255813953,-0.0230232558139535
"2418","3688",10.226,0.852,1,0.405023255813953,0.446976744186046
"2419","3688",14.372,0.542,1,0.405023255813953,0.136976744186047
"2420","3688",11.252,0.532,1,0.405023255813953,0.126976744186047
"2421","3688",13.589,0.502,1,0.405023255813953,0.0969767441860465
"2422","3688",14.073,0.502,1,0.405023255813953,0.0969767441860465
"2423","3688",11.021,0.422,1,0.405023255813953,0.0169767441860465
"2424","3688",6.938,-0.288,1,0.405023255813953,-0.693023255813954
"2425","3705",18.032,1.292,1,0.234666666666667,1.05733333333333
"2426","3705",3.78,0.062,1,0.234666666666667,-0.172666666666667
"2427","3705",0.583,0.072,1,0.234666666666667,-0.162666666666667
"2428","3705",4.215,0.432,1,0.234666666666667,0.197333333333333
"2429","3705",10.16,0.612,1,0.234666666666667,0.377333333333333
"2430","3705",23.152,-0.458,1,0.234666666666667,-0.692666666666667
"2431","3705",16.286,0.802,1,0.234666666666667,0.567333333333333
"2432","3705",8.147,-0.328,1,0.234666666666667,-0.562666666666667
"2433","3705",4.285,-0.078,1,0.234666666666667,-0.312666666666667
"2434","3705",4.72,-0.288,1,0.234666666666667,-0.522666666666667
"2435","3705",12.963,1.292,1,0.234666666666667,1.05733333333333
"2436","3705",13.207,0.302,1,0.234666666666667,0.0673333333333333
"2437","3705",8.845,1.512,1,0.234666666666667,1.27733333333333
"2438","3705",13.695,0.412,1,0.234666666666667,0.177333333333333
"2439","3705",10.921,0.112,1,0.234666666666667,-0.122666666666667
"2440","3705",15.469,0.212,1,0.234666666666667,-0.0226666666666667
"2441","3705",15.554,0.542,1,0.234666666666667,0.307333333333333
"2442","3705",9.283,-1.048,1,0.234666666666667,-1.28266666666667
"2443","3705",10.957,0.052,1,0.234666666666667,-0.182666666666667
"2444","3705",11.411,-0.748,1,0.234666666666667,-0.982666666666667
"2445","3705",16.918,0.592,1,0.234666666666667,0.357333333333333
"2446","3705",1.133,0.842,1,0.234666666666667,0.607333333333333
"2447","3705",12.889,0.072,1,0.234666666666667,-0.162666666666667
"2448","3705",8.741,1.012,1,0.234666666666667,0.777333333333333
"2449","3705",0.525,-1.478,1,0.234666666666667,-1.71266666666667
"2450","3705",4.054,0.752,1,0.234666666666667,0.517333333333333
"2451","3705",10.712,-1.138,1,0.234666666666667,-1.37266666666667
"2452","3705",16.977,-0.178,1,0.234666666666667,-0.412666666666667
"2453","3705",-1.254,1.182,1,0.234666666666667,0.947333333333333
"2454","3705",12.542,0.382,1,0.234666666666667,0.147333333333333
"2455","3705",11.598,-0.278,1,0.234666666666667,-0.512666666666667
"2456","3705",6.196,0.712,1,0.234666666666667,0.477333333333333
"2457","3705",13.162,1.012,1,0.234666666666667,0.777333333333333
"2458","3705",9.542,-1.188,1,0.234666666666667,-1.42266666666667
"2459","3705",12.647,0.372,1,0.234666666666667,0.137333333333333
"2460","3705",17.57,0.182,1,0.234666666666667,-0.0526666666666667
"2461","3705",-2.832,0.122,1,0.234666666666667,-0.112666666666667
"2462","3705",17.517,1.452,1,0.234666666666667,1.21733333333333
"2463","3705",4.522,-0.138,1,0.234666666666667,-0.372666666666667
"2464","3705",17.241,-0.098,1,0.234666666666667,-0.332666666666667
"2465","3705",-0.128,0.192,1,0.234666666666667,-0.0426666666666667
"2466","3705",20.067,0.622,1,0.234666666666667,0.387333333333333
"2467","3705",17.701,0.372,1,0.234666666666667,0.137333333333333
"2468","3705",12.223,0.192,1,0.234666666666667,-0.0426666666666667
"2469","3705",8.998,0.232,1,0.234666666666667,-0.00266666666666665
"2470","3716",23.14,-0.018,0,-0.420682926829268,0.402682926829268
"2471","3716",-2.832,-0.678,0,-0.420682926829268,-0.257317073170732
"2472","3716",6.189,-1.578,0,-0.420682926829268,-1.15731707317073
"2473","3716",15.271,0.502,0,-0.420682926829268,0.922682926829268
"2474","3716",8.067,0.042,0,-0.420682926829268,0.462682926829268
"2475","3716",13.131,0.212,0,-0.420682926829268,0.632682926829268
"2476","3716",5.206,-0.358,0,-0.420682926829268,0.0626829268292683
"2477","3716",-1.922,-1.498,0,-0.420682926829268,-1.07731707317073
"2478","3716",20.271,-0.508,0,-0.420682926829268,-0.0873170731707317
"2479","3716",-0.568,-2.128,0,-0.420682926829268,-1.70731707317073
"2480","3716",23.855,0.282,0,-0.420682926829268,0.702682926829268
"2481","3716",19.359,0.202,0,-0.420682926829268,0.622682926829268
"2482","3716",8.052,-0.188,0,-0.420682926829268,0.232682926829268
"2483","3716",23.912,0.482,0,-0.420682926829268,0.902682926829268
"2484","3716",9.431,-0.918,0,-0.420682926829268,-0.497317073170732
"2485","3716",14.477,-0.568,0,-0.420682926829268,-0.147317073170732
"2486","3716",5.902,-1.498,0,-0.420682926829268,-1.07731707317073
"2487","3716",17.321,0.832,0,-0.420682926829268,1.25268292682927
"2488","3716",-2.559,-1.048,0,-0.420682926829268,-0.627317073170732
"2489","3716",19.716,0.462,0,-0.420682926829268,0.882682926829268
"2490","3716",11.522,0.212,0,-0.420682926829268,0.632682926829268
"2491","3716",21.964,1.062,0,-0.420682926829268,1.48268292682927
"2492","3716",10.911,-1.068,0,-0.420682926829268,-0.647317073170732
"2493","3716",1.242,-1.128,0,-0.420682926829268,-0.707317073170732
"2494","3716",8.494,-0.808,0,-0.420682926829268,-0.387317073170732
"2495","3716",3.115,-1.208,0,-0.420682926829268,-0.787317073170732
"2496","3716",0.066,-0.338,0,-0.420682926829268,0.0826829268292683
"2497","3716",4.418,-1.218,0,-0.420682926829268,-0.797317073170732
"2498","3716",18.031,0.002,0,-0.420682926829268,0.422682926829268
"2499","3716",13.74,-1.308,0,-0.420682926829268,-0.887317073170732
"2500","3716",4.521,-0.318,0,-0.420682926829268,0.102682926829268
"2501","3716",20.579,-0.418,0,-0.420682926829268,0.0026829268292683
"2502","3716",8.494,-1.208,0,-0.420682926829268,-0.787317073170732
"2503","3716",1.248,-1.058,0,-0.420682926829268,-0.637317073170732
"2504","3716",1.316,0.942,0,-0.420682926829268,1.36268292682927
"2505","3716",16.706,0.482,0,-0.420682926829268,0.902682926829268
"2506","3716",21.512,1.262,0,-0.420682926829268,1.68268292682927
"2507","3716",3.441,-0.508,0,-0.420682926829268,-0.0873170731707317
"2508","3716",22.894,-1.158,0,-0.420682926829268,-0.737317073170732
"2509","3716",-0.167,-0.538,0,-0.420682926829268,-0.117317073170732
"2510","3716",5.649,-0.958,0,-0.420682926829268,-0.537317073170732
"2511","3838",8.291,-0.898,1,0.145333333333333,-1.04333333333333
"2512","3838",22.805,0.432,1,0.145333333333333,0.286666666666667
"2513","3838",10.294,0.792,1,0.145333333333333,0.646666666666667
"2514","3838",8.57,-0.178,1,0.145333333333333,-0.323333333333333
"2515","3838",9.137,1.182,1,0.145333333333333,1.03666666666667
"2516","3838",10.041,0.642,1,0.145333333333333,0.496666666666667
"2517","3838",24.133,0.592,1,0.145333333333333,0.446666666666667
"2518","3838",16.83,-0.528,1,0.145333333333333,-0.673333333333333
"2519","3838",21.067,0.982,1,0.145333333333333,0.836666666666667
"2520","3838",10.882,0.392,1,0.145333333333333,0.246666666666667
"2521","3838",9.545,-0.318,1,0.145333333333333,-0.463333333333333
"2522","3838",16.25,1.072,1,0.145333333333333,0.926666666666667
"2523","3838",17.068,-0.178,1,0.145333333333333,-0.323333333333333
"2524","3838",11.128,0.052,1,0.145333333333333,-0.0933333333333334
"2525","3838",9.478,0.502,1,0.145333333333333,0.356666666666667
"2526","3838",12.112,-1.218,1,0.145333333333333,-1.36333333333333
"2527","3838",17.645,1.132,1,0.145333333333333,0.986666666666667
"2528","3838",9.79,-0.848,1,0.145333333333333,-0.993333333333333
"2529","3838",13.003,0.772,1,0.145333333333333,0.626666666666667
"2530","3838",8.949,-0.068,1,0.145333333333333,-0.213333333333333
"2531","3838",16.003,-1.448,1,0.145333333333333,-1.59333333333333
"2532","3838",23.371,0.232,1,0.145333333333333,0.0866666666666667
"2533","3838",16.158,-0.768,1,0.145333333333333,-0.913333333333333
"2534","3838",21.923,0.202,1,0.145333333333333,0.0566666666666667
"2535","3838",20.116,0.162,1,0.145333333333333,0.0166666666666667
"2536","3838",23.443,1.022,1,0.145333333333333,0.876666666666667
"2537","3838",17.732,0.952,1,0.145333333333333,0.806666666666667
"2538","3838",10.112,0.422,1,0.145333333333333,0.276666666666667
"2539","3838",20.322,0.812,1,0.145333333333333,0.666666666666667
"2540","3838",13.402,0.532,1,0.145333333333333,0.386666666666667
"2541","3838",13.697,-1.208,1,0.145333333333333,-1.35333333333333
"2542","3838",12.424,0.342,1,0.145333333333333,0.196666666666667
"2543","3838",16.261,0.312,1,0.145333333333333,0.166666666666667
"2544","3838",20.583,0.102,1,0.145333333333333,-0.0433333333333333
"2545","3838",22.365,-0.578,1,0.145333333333333,-0.723333333333333
"2546","3838",12.05,0.142,1,0.145333333333333,-0.00333333333333335
"2547","3838",18.182,-0.288,1,0.145333333333333,-0.433333333333333
"2548","3838",20.305,0.902,1,0.145333333333333,0.756666666666667
"2549","3838",12.176,0.152,1,0.145333333333333,0.00666666666666665
"2550","3838",24.623,-0.388,1,0.145333333333333,-0.533333333333333
"2551","3838",11.715,0.452,1,0.145333333333333,0.306666666666667
"2552","3838",12.005,0.212,1,0.145333333333333,0.0666666666666667
"2553","3838",15.513,0.682,1,0.145333333333333,0.536666666666667
"2554","3838",21.2,-0.118,1,0.145333333333333,-0.263333333333333
"2555","3838",23.053,-0.728,1,0.145333333333333,-0.873333333333333
"2556","3838",22.284,-0.548,1,0.145333333333333,-0.693333333333333
"2557","3838",19.685,-0.108,1,0.145333333333333,-0.253333333333333
"2558","3838",18.325,0.812,1,0.145333333333333,0.666666666666667
"2559","3838",14.045,-0.958,1,0.145333333333333,-1.10333333333333
"2560","3838",22.735,0.612,1,0.145333333333333,0.466666666666667
"2561","3838",8.675,0.942,1,0.145333333333333,0.796666666666667
"2562","3838",14.401,-0.538,1,0.145333333333333,-0.683333333333333
"2563","3838",18.628,0.662,1,0.145333333333333,0.516666666666667
"2564","3838",22.862,0.552,1,0.145333333333333,0.406666666666667
"2565","3881",0.785,0.042,0,0.127609756097561,-0.085609756097561
"2566","3881",7.293,0.712,0,0.127609756097561,0.584390243902439
"2567","3881",2.543,0.112,0,0.127609756097561,-0.015609756097561
"2568","3881",16.815,-0.008,0,0.127609756097561,-0.135609756097561
"2569","3881",13.392,-0.068,0,0.127609756097561,-0.195609756097561
"2570","3881",15.85,0.762,0,0.127609756097561,0.634390243902439
"2571","3881",10.853,0.162,0,0.127609756097561,0.034390243902439
"2572","3881",5.29,-0.138,0,0.127609756097561,-0.265609756097561
"2573","3881",4.723,-0.348,0,0.127609756097561,-0.475609756097561
"2574","3881",5.816,-0.048,0,0.127609756097561,-0.175609756097561
"2575","3881",4.765,-0.408,0,0.127609756097561,-0.535609756097561
"2576","3881",15.77,-0.468,0,0.127609756097561,-0.595609756097561
"2577","3881",22.835,-0.358,0,0.127609756097561,-0.485609756097561
"2578","3881",2.875,-0.208,0,0.127609756097561,-0.335609756097561
"2579","3881",11.29,0.192,0,0.127609756097561,0.064390243902439
"2580","3881",3.631,0.382,0,0.127609756097561,0.254390243902439
"2581","3881",6.215,-0.288,0,0.127609756097561,-0.415609756097561
"2582","3881",18.368,-0.918,0,0.127609756097561,-1.04560975609756
"2583","3881",14.728,-0.278,0,0.127609756097561,-0.405609756097561
"2584","3881",23.736,-0.238,0,0.127609756097561,-0.365609756097561
"2585","3881",14.77,-0.118,0,0.127609756097561,-0.245609756097561
"2586","3881",18.472,0.772,0,0.127609756097561,0.644390243902439
"2587","3881",19.277,0.392,0,0.127609756097561,0.264390243902439
"2588","3881",12.535,1.172,0,0.127609756097561,1.04439024390244
"2589","3881",5.924,0.552,0,0.127609756097561,0.424390243902439
"2590","3881",8.141,-0.628,0,0.127609756097561,-0.755609756097561
"2591","3881",19.74,0.512,0,0.127609756097561,0.384390243902439
"2592","3881",22.056,0.972,0,0.127609756097561,0.844390243902439
"2593","3881",9.178,0.642,0,0.127609756097561,0.514390243902439
"2594","3881",21.434,0.792,0,0.127609756097561,0.664390243902439
"2595","3881",13.282,-0.118,0,0.127609756097561,-0.245609756097561
"2596","3881",7.557,-0.678,0,0.127609756097561,-0.805609756097561
"2597","3881",6.373,0.542,0,0.127609756097561,0.414390243902439
"2598","3881",13.388,0.992,0,0.127609756097561,0.864390243902439
"2599","3881",19.845,-0.298,0,0.127609756097561,-0.425609756097561
"2600","3881",8.64,0.302,0,0.127609756097561,0.174390243902439
"2601","3881",6.098,0.572,0,0.127609756097561,0.444390243902439
"2602","3881",24.079,1.152,0,0.127609756097561,1.02439024390244
"2603","3881",14.7,-0.058,0,0.127609756097561,-0.185609756097561
"2604","3881",5.112,-0.358,0,0.127609756097561,-0.485609756097561
"2605","3881",11.744,-0.468,0,0.127609756097561,-0.595609756097561
"2606","3967",14.543,-0.498,0,-0.225115384615385,-0.272884615384615
"2607","3967",13.424,-0.798,0,-0.225115384615385,-0.572884615384615
"2608","3967",9.408,-0.548,0,-0.225115384615385,-0.322884615384615
"2609","3967",0.492,-0.368,0,-0.225115384615385,-0.142884615384615
"2610","3967",9.09,-0.948,0,-0.225115384615385,-0.722884615384615
"2611","3967",14.43,-0.538,0,-0.225115384615385,-0.312884615384615
"2612","3967",9.086,-0.988,0,-0.225115384615385,-0.762884615384615
"2613","3967",11.489,-0.388,0,-0.225115384615385,-0.162884615384615
"2614","3967",10.613,-0.858,0,-0.225115384615385,-0.632884615384615
"2615","3967",9.66,-0.678,0,-0.225115384615385,-0.452884615384615
"2616","3967",14.805,-0.208,0,-0.225115384615385,0.0171153846153846
"2617","3967",23.664,1.082,0,-0.225115384615385,1.30711538461538
"2618","3967",10.786,-0.808,0,-0.225115384615385,-0.582884615384615
"2619","3967",22.677,0.502,0,-0.225115384615385,0.727115384615385
"2620","3967",15.041,-0.628,0,-0.225115384615385,-0.402884615384615
"2621","3967",15.241,0.552,0,-0.225115384615385,0.777115384615385
"2622","3967",12.924,0.782,0,-0.225115384615385,1.00711538461538
"2623","3967",17.995,-0.248,0,-0.225115384615385,-0.0228846153846154
"2624","3967",1.918,0.592,0,-0.225115384615385,0.817115384615385
"2625","3967",23.696,0.232,0,-0.225115384615385,0.457115384615385
"2626","3967",21.386,-0.368,0,-0.225115384615385,-0.142884615384615
"2627","3967",-0.052,-1.328,0,-0.225115384615385,-1.10288461538462
"2628","3967",11.376,-0.198,0,-0.225115384615385,0.0271153846153846
"2629","3967",7.944,-0.968,0,-0.225115384615385,-0.742884615384615
"2630","3967",9.008,0.272,0,-0.225115384615385,0.497115384615385
"2631","3967",3.693,0.102,0,-0.225115384615385,0.327115384615385
"2632","3967",15.008,-0.708,0,-0.225115384615385,-0.482884615384615
"2633","3967",8.199,-1.048,0,-0.225115384615385,-0.822884615384615
"2634","3967",0.023,-0.778,0,-0.225115384615385,-0.552884615384615
"2635","3967",17.075,0.452,0,-0.225115384615385,0.677115384615385
"2636","3967",11.198,-0.288,0,-0.225115384615385,-0.0628846153846154
"2637","3967",19.423,-0.038,0,-0.225115384615385,0.187115384615385
"2638","3967",2.913,-0.278,0,-0.225115384615385,-0.0528846153846154
"2639","3967",3.197,-0.208,0,-0.225115384615385,0.0171153846153846
"2640","3967",7.264,1.132,0,-0.225115384615385,1.35711538461538
"2641","3967",16.354,-0.158,0,-0.225115384615385,0.0671153846153846
"2642","3967",19.654,0.322,0,-0.225115384615385,0.547115384615385
"2643","3967",20.518,-0.278,0,-0.225115384615385,-0.0528846153846154
"2644","3967",10.313,0.752,0,-0.225115384615385,0.977115384615385
"2645","3967",2.558,-0.208,0,-0.225115384615385,0.0171153846153846
"2646","3967",19.956,-0.538,0,-0.225115384615385,-0.312884615384615
"2647","3967",19.138,-1.128,0,-0.225115384615385,-0.902884615384615
"2648","3967",5.924,-0.828,0,-0.225115384615385,-0.602884615384615
"2649","3967",3.036,-0.688,0,-0.225115384615385,-0.462884615384615
"2650","3967",13.352,-0.438,0,-0.225115384615385,-0.212884615384615
"2651","3967",19.056,-0.288,0,-0.225115384615385,-0.0628846153846154
"2652","3967",-1.476,-0.358,0,-0.225115384615385,-0.132884615384615
"2653","3967",15.802,1.032,0,-0.225115384615385,1.25711538461538
"2654","3967",5.253,-0.498,0,-0.225115384615385,-0.272884615384615
"2655","3967",19.612,1.282,0,-0.225115384615385,1.50711538461538
"2656","3967",20.99,-0.168,0,-0.225115384615385,0.0571153846153846
"2657","3967",17.147,-0.508,0,-0.225115384615385,-0.282884615384615
"2658","3992",23.339,0.002,1,0.365396226415094,-0.363396226415094
"2659","3992",3.158,0.082,1,0.365396226415094,-0.283396226415094
"2660","3992",13.568,0.502,1,0.365396226415094,0.136603773584906
"2661","3992",8.769,-0.298,1,0.365396226415094,-0.663396226415094
"2662","3992",5.092,0.392,1,0.365396226415094,0.0266037735849057
"2663","3992",12.847,-0.488,1,0.365396226415094,-0.853396226415094
"2664","3992",17.031,0.292,1,0.365396226415094,-0.0733962264150944
"2665","3992",4.875,0.912,1,0.365396226415094,0.546603773584906
"2666","3992",15.753,0.702,1,0.365396226415094,0.336603773584906
"2667","3992",8.693,-0.988,1,0.365396226415094,-1.35339622641509
"2668","3992",21.469,-1.398,1,0.365396226415094,-1.76339622641509
"2669","3992",22.804,-0.488,1,0.365396226415094,-0.853396226415094
"2670","3992",16.301,-0.188,1,0.365396226415094,-0.553396226415094
"2671","3992",22.708,1.452,1,0.365396226415094,1.08660377358491
"2672","3992",9.989,0.072,1,0.365396226415094,-0.293396226415094
"2673","3992",16.865,0.832,1,0.365396226415094,0.466603773584906
"2674","3992",12.145,0.592,1,0.365396226415094,0.226603773584906
"2675","3992",13.835,-0.088,1,0.365396226415094,-0.453396226415094
"2676","3992",21.684,0.112,1,0.365396226415094,-0.253396226415094
"2677","3992",14.913,0.192,1,0.365396226415094,-0.173396226415094
"2678","3992",9.533,1.062,1,0.365396226415094,0.696603773584906
"2679","3992",21.605,0.402,1,0.365396226415094,0.0366037735849057
"2680","3992",17.043,0.752,1,0.365396226415094,0.386603773584906
"2681","3992",19.989,0.732,1,0.365396226415094,0.366603773584906
"2682","3992",10.863,0.152,1,0.365396226415094,-0.213396226415094
"2683","3992",9.947,-0.118,1,0.365396226415094,-0.483396226415094
"2684","3992",13.715,0.132,1,0.365396226415094,-0.233396226415094
"2685","3992",18.596,1.272,1,0.365396226415094,0.906603773584906
"2686","3992",19.798,-0.048,1,0.365396226415094,-0.413396226415094
"2687","3992",22.906,1.102,1,0.365396226415094,0.736603773584906
"2688","3992",24.479,0.462,1,0.365396226415094,0.0966037735849057
"2689","3992",-0.425,0.022,1,0.365396226415094,-0.343396226415094
"2690","3992",8.531,0.912,1,0.365396226415094,0.546603773584906
"2691","3992",13.492,1.422,1,0.365396226415094,1.05660377358491
"2692","3992",15.828,0.812,1,0.365396226415094,0.446603773584906
"2693","3992",14.083,-0.178,1,0.365396226415094,-0.543396226415094
"2694","3992",14.265,0.532,1,0.365396226415094,0.166603773584906
"2695","3992",16.165,1.122,1,0.365396226415094,0.756603773584906
"2696","3992",4.842,0.832,1,0.365396226415094,0.466603773584906
"2697","3992",16.585,0.932,1,0.365396226415094,0.566603773584906
"2698","3992",15.206,-0.648,1,0.365396226415094,-1.01339622641509
"2699","3992",15.102,0.292,1,0.365396226415094,-0.0733962264150944
"2700","3992",13.056,1.312,1,0.365396226415094,0.946603773584906
"2701","3992",17.33,0.172,1,0.365396226415094,-0.193396226415094
"2702","3992",22.443,0.842,1,0.365396226415094,0.476603773584906
"2703","3992",16.921,0.702,1,0.365396226415094,0.336603773584906
"2704","3992",16.498,0.682,1,0.365396226415094,0.316603773584906
"2705","3992",16.331,0.452,1,0.365396226415094,0.0866037735849057
"2706","3992",16.344,-0.108,1,0.365396226415094,-0.473396226415094
"2707","3992",11.747,0.052,1,0.365396226415094,-0.313396226415094
"2708","3992",18.595,0.252,1,0.365396226415094,-0.113396226415094
"2709","3992",10.205,1.082,1,0.365396226415094,0.716603773584906
"2710","3992",8.74,-0.228,1,0.365396226415094,-0.593396226415094
"2711","3999",19.007,-0.688,0,-0.0910434782608696,-0.59695652173913
"2712","3999",2.649,-1.768,0,-0.0910434782608696,-1.67695652173913
"2713","3999",-1.231,-1.068,0,-0.0910434782608696,-0.976956521739131
"2714","3999",12.769,-1.708,0,-0.0910434782608696,-1.61695652173913
"2715","3999",3.356,-0.538,0,-0.0910434782608696,-0.44695652173913
"2716","3999",18.256,0.502,0,-0.0910434782608696,0.59304347826087
"2717","3999",11.662,0.382,0,-0.0910434782608696,0.47304347826087
"2718","3999",22.519,-0.408,0,-0.0910434782608696,-0.31695652173913
"2719","3999",20.148,-1.048,0,-0.0910434782608696,-0.95695652173913
"2720","3999",8.878,-0.408,0,-0.0910434782608696,-0.31695652173913
"2721","3999",14.613,-0.428,0,-0.0910434782608696,-0.33695652173913
"2722","3999",2.91,-1.218,0,-0.0910434782608696,-1.12695652173913
"2723","3999",14.054,0.172,0,-0.0910434782608696,0.26304347826087
"2724","3999",7.24,-0.528,0,-0.0910434782608696,-0.43695652173913
"2725","3999",-1.775,0.142,0,-0.0910434782608696,0.23304347826087
"2726","3999",7.32,1.292,0,-0.0910434782608696,1.38304347826087
"2727","3999",18.057,1.222,0,-0.0910434782608696,1.31304347826087
"2728","3999",19.493,0.322,0,-0.0910434782608696,0.41304347826087
"2729","3999",4.178,0.102,0,-0.0910434782608696,0.19304347826087
"2730","3999",4.722,0.982,0,-0.0910434782608696,1.07304347826087
"2731","3999",-0.562,-0.248,0,-0.0910434782608696,-0.15695652173913
"2732","3999",1.12,-1.368,0,-0.0910434782608696,-1.27695652173913
"2733","3999",16.955,0.622,0,-0.0910434782608696,0.71304347826087
"2734","3999",12.144,-1.308,0,-0.0910434782608696,-1.21695652173913
"2735","3999",10.325,0.982,0,-0.0910434782608696,1.07304347826087
"2736","3999",12.909,0.432,0,-0.0910434782608696,0.52304347826087
"2737","3999",14.807,0.062,0,-0.0910434782608696,0.15304347826087
"2738","3999",8.462,-0.708,0,-0.0910434782608696,-0.61695652173913
"2739","3999",5.545,-0.138,0,-0.0910434782608696,-0.0469565217391304
"2740","3999",10.869,-0.258,0,-0.0910434782608696,-0.16695652173913
"2741","3999",5.376,0.702,0,-0.0910434782608696,0.79304347826087
"2742","3999",8.96,-1.088,0,-0.0910434782608696,-0.996956521739131
"2743","3999",10.092,1.222,0,-0.0910434782608696,1.31304347826087
"2744","3999",23.723,0.222,0,-0.0910434782608696,0.31304347826087
"2745","3999",13.259,-1.208,0,-0.0910434782608696,-1.11695652173913
"2746","3999",6.293,0.002,0,-0.0910434782608696,0.0930434782608696
"2747","3999",22.461,0.742,0,-0.0910434782608696,0.83304347826087
"2748","3999",24.479,1.372,0,-0.0910434782608696,1.46304347826087
"2749","3999",1.505,-1.618,0,-0.0910434782608696,-1.52695652173913
"2750","3999",4.172,-1.378,0,-0.0910434782608696,-1.28695652173913
"2751","3999",21.445,0.302,0,-0.0910434782608696,0.39304347826087
"2752","3999",0.976,-0.228,0,-0.0910434782608696,-0.13695652173913
"2753","3999",22.723,1.012,0,-0.0910434782608696,1.10304347826087
"2754","3999",-1.646,-0.208,0,-0.0910434782608696,-0.11695652173913
"2755","3999",20.682,1.362,0,-0.0910434782608696,1.45304347826087
"2756","3999",17.527,1.222,0,-0.0910434782608696,1.31304347826087
"2757","4042",19.706,-0.268,1,0.402,-0.67
"2758","4042",19.666,0.932,1,0.402,0.53
"2759","4042",18.506,0.242,1,0.402,-0.16
"2760","4042",22.732,0.812,1,0.402,0.41
"2761","4042",11.429,-0.008,1,0.402,-0.41
"2762","4042",23.172,0.732,1,0.402,0.33
"2763","4042",18.269,1.372,1,0.402,0.97
"2764","4042",23.057,0.752,1,0.402,0.35
"2765","4042",18.577,0.852,1,0.402,0.45
"2766","4042",22.923,0.772,1,0.402,0.37
"2767","4042",14.311,1.282,1,0.402,0.88
"2768","4042",22.963,0.232,1,0.402,-0.17
"2769","4042",9.212,1.072,1,0.402,0.67
"2770","4042",12.055,0.462,1,0.402,0.06
"2771","4042",15.297,1.082,1,0.402,0.68
"2772","4042",15.205,1.202,1,0.402,0.8
"2773","4042",16.001,0.702,1,0.402,0.3
"2774","4042",13.684,-0.328,1,0.402,-0.73
"2775","4042",24.364,0.452,1,0.402,0.05
"2776","4042",14.148,0.212,1,0.402,-0.19
"2777","4042",23.468,0.892,1,0.402,0.49
"2778","4042",4.54,-0.988,1,0.402,-1.39
"2779","4042",20.672,0.292,1,0.402,-0.11
"2780","4042",10.081,-0.478,1,0.402,-0.88
"2781","4042",4.65,0.012,1,0.402,-0.39
"2782","4042",3.454,-0.108,1,0.402,-0.51
"2783","4042",14.5,0.792,1,0.402,0.39
"2784","4042",2.245,-0.098,1,0.402,-0.5
"2785","4042",16.003,0.512,1,0.402,0.11
"2786","4042",5.658,0.952,1,0.402,0.55
"2787","4042",6.16,0.802,1,0.402,0.4
"2788","4042",14.27,1.132,1,0.402,0.73
"2789","4042",11.843,-0.498,1,0.402,-0.9
"2790","4042",11.214,0.832,1,0.402,0.43
"2791","4042",14.669,0.782,1,0.402,0.38
"2792","4042",9.296,0.982,1,0.402,0.58
"2793","4042",3.457,0.942,1,0.402,0.54
"2794","4042",12.369,0.622,1,0.402,0.22
"2795","4042",18.708,1.062,1,0.402,0.66
"2796","4042",18.872,0.792,1,0.402,0.39
"2797","4042",22.676,-0.338,1,0.402,-0.74
"2798","4042",17.503,-0.548,1,0.402,-0.95
"2799","4042",20.427,0.412,1,0.402,0.00999999999999995
"2800","4042",22.489,0.312,1,0.402,-0.09
"2801","4042",16.375,-1.058,1,0.402,-1.46
"2802","4042",17.773,1.202,1,0.402,0.8
"2803","4042",12.206,-0.478,1,0.402,-0.88
"2804","4042",19.447,1.022,1,0.402,0.62
"2805","4042",6.24,-0.118,1,0.402,-0.52
"2806","4042",3.687,0.482,1,0.402,0.08
"2807","4042",11.733,0.952,1,0.402,0.55
"2808","4042",22.419,-0.588,1,0.402,-0.99
"2809","4042",5.962,-0.568,1,0.402,-0.97
"2810","4042",13.91,1.072,1,0.402,0.67
"2811","4042",8.638,-0.338,1,0.402,-0.74
"2812","4042",3.319,0.252,1,0.402,-0.15
"2813","4042",-0.164,-0.418,1,0.402,-0.82
"2814","4042",19.429,0.132,1,0.402,-0.27
"2815","4042",15.45,1.262,1,0.402,0.86
"2816","4042",12.781,0.532,1,0.402,0.13
"2817","4042",18.19,0.252,1,0.402,-0.15
"2818","4042",9.948,0.372,1,0.402,-0.03
"2819","4042",22.236,-0.888,1,0.402,-1.29
"2820","4042",12.107,1.022,1,0.402,0.62
"2821","4173",20.592,0.982,1,0.032,0.95
"2822","4173",9.83,0.782,1,0.032,0.75
"2823","4173",12.885,-0.118,1,0.032,-0.15
"2824","4173",6.958,0.142,1,0.032,0.11
"2825","4173",20.706,0.492,1,0.032,0.46
"2826","4173",21.58,0.222,1,0.032,0.19
"2827","4173",12.632,0.032,1,0.032,-6.93889390390723e-18
"2828","4173",18.334,0.612,1,0.032,0.58
"2829","4173",11.399,-0.218,1,0.032,-0.25
"2830","4173",21.323,0.792,1,0.032,0.76
"2831","4173",4.387,-0.298,1,0.032,-0.33
"2832","4173",12.531,0.912,1,0.032,0.88
"2833","4173",15.017,-0.298,1,0.032,-0.33
"2834","4173",-2.016,0.132,1,0.032,0.1
"2835","4173",3.355,-1.088,1,0.032,-1.12
"2836","4173",7.454,0.652,1,0.032,0.62
"2837","4173",19.731,0.652,1,0.032,0.62
"2838","4173",18.336,-0.338,1,0.032,-0.37
"2839","4173",19.589,-0.298,1,0.032,-0.33
"2840","4173",15.192,0.142,1,0.032,0.11
"2841","4173",10.872,0.482,1,0.032,0.45
"2842","4173",11.555,-1.198,1,0.032,-1.23
"2843","4173",3.316,-0.858,1,0.032,-0.89
"2844","4173",14.684,-0.178,1,0.032,-0.21
"2845","4173",7.971,-0.878,1,0.032,-0.91
"2846","4173",24.479,0.232,1,0.032,0.2
"2847","4173",2.429,-0.188,1,0.032,-0.22
"2848","4173",20.173,-1.128,1,0.032,-1.16
"2849","4173",9.411,1.262,1,0.032,1.23
"2850","4173",22.967,0.252,1,0.032,0.22
"2851","4173",11.126,-0.748,1,0.032,-0.78
"2852","4173",9.247,-0.538,1,0.032,-0.57
"2853","4173",10.413,-0.278,1,0.032,-0.31
"2854","4173",10.582,0.842,1,0.032,0.81
"2855","4173",-0.203,-0.958,1,0.032,-0.99
"2856","4173",1.356,-0.028,1,0.032,-0.06
"2857","4173",10.257,1.122,1,0.032,1.09
"2858","4173",24.247,0.642,1,0.032,0.61
"2859","4173",17.737,0.022,1,0.032,-0.01
"2860","4173",9.955,-0.628,1,0.032,-0.66
"2861","4173",8.26,0.002,1,0.032,-0.03
"2862","4173",7.51,-0.048,1,0.032,-0.08
"2863","4173",18.328,0.432,1,0.032,0.4
"2864","4173",23.398,-0.118,1,0.032,-0.15
"2865","4223",19.211,0.522,1,-0.094,0.616
"2866","4223",18.509,-0.218,1,-0.094,-0.124
"2867","4223",6.193,-0.298,1,-0.094,-0.204
"2868","4223",23.56,-0.448,1,-0.094,-0.354
"2869","4223",18.582,-0.418,1,-0.094,-0.324
"2870","4223",12.179,-0.898,1,-0.094,-0.804
"2871","4223",17.343,0.002,1,-0.094,0.096
"2872","4223",13.119,0.242,1,-0.094,0.336
"2873","4223",19.125,-0.178,1,-0.094,-0.084
"2874","4223",22.318,0.502,1,-0.094,0.596
"2875","4223",21.978,-0.268,1,-0.094,-0.174
"2876","4223",4.427,-1.318,1,-0.094,-1.224
"2877","4223",14.98,0.542,1,-0.094,0.636
"2878","4223",15.522,0.762,1,-0.094,0.856
"2879","4223",21.606,-0.468,1,-0.094,-0.374
"2880","4223",3.034,-1.578,1,-0.094,-1.484
"2881","4223",13.444,-0.078,1,-0.094,0.016
"2882","4223",22.947,-0.408,1,-0.094,-0.314
"2883","4223",18.891,-0.548,1,-0.094,-0.454
"2884","4223",18.228,-0.328,1,-0.094,-0.234
"2885","4223",17.984,-0.188,1,-0.094,-0.094
"2886","4223",20.375,1.242,1,-0.094,1.336
"2887","4223",5.758,-0.038,1,-0.094,0.056
"2888","4223",21.813,0.352,1,-0.094,0.446
"2889","4223",6.129,-0.078,1,-0.094,0.016
"2890","4223",18.234,-0.098,1,-0.094,-0.004
"2891","4223",1.5,-0.878,1,-0.094,-0.784
"2892","4223",17.309,-0.638,1,-0.094,-0.544
"2893","4223",4.578,0.702,1,-0.094,0.796
"2894","4223",15.275,-1.138,1,-0.094,-1.044
"2895","4223",21.95,-0.298,1,-0.094,-0.204
"2896","4223",12.957,0.012,1,-0.094,0.106
"2897","4223",13.734,0.302,1,-0.094,0.396
"2898","4223",4.858,-0.078,1,-0.094,0.016
"2899","4223",13.853,0.602,1,-0.094,0.696
"2900","4223",19.254,0.662,1,-0.094,0.756
"2901","4223",5.684,-0.918,1,-0.094,-0.824
"2902","4223",8.636,-0.568,1,-0.094,-0.474
"2903","4223",12.071,0.932,1,-0.094,1.026
"2904","4223",12.1,-0.088,1,-0.094,0.00600000000000001
"2905","4223",5.662,0.432,1,-0.094,0.526
"2906","4223",10.779,0.502,1,-0.094,0.596
"2907","4223",20.005,0.482,1,-0.094,0.576
"2908","4223",23.814,-0.058,1,-0.094,0.036
"2909","4223",18.51,-0.508,1,-0.094,-0.414
"2910","4253",10.703,-0.768,1,-0.373689655172414,-0.394310344827586
"2911","4253",14.47,0.442,1,-0.373689655172414,0.815689655172414
"2912","4253",12.769,0.292,1,-0.373689655172414,0.665689655172414
"2913","4253",4.89,-0.208,1,-0.373689655172414,0.165689655172414
"2914","4253",8.439,0.702,1,-0.373689655172414,1.07568965517241
"2915","4253",2.47,0.712,1,-0.373689655172414,1.08568965517241
"2916","4253",1.129,0.632,1,-0.373689655172414,1.00568965517241
"2917","4253",14.495,-1.568,1,-0.373689655172414,-1.19431034482759
"2918","4253",16.063,-0.658,1,-0.373689655172414,-0.284310344827586
"2919","4253",0.28,-0.708,1,-0.373689655172414,-0.334310344827586
"2920","4253",0.179,0.292,1,-0.373689655172414,0.665689655172414
"2921","4253",-1.853,0.722,1,-0.373689655172414,1.09568965517241
"2922","4253",14.934,-1.568,1,-0.373689655172414,-1.19431034482759
"2923","4253",10.809,-0.288,1,-0.373689655172414,0.0856896551724138
"2924","4253",12.809,-0.748,1,-0.373689655172414,-0.374310344827586
"2925","4253",1.813,-1.348,1,-0.373689655172414,-0.974310344827586
"2926","4253",5.023,-0.008,1,-0.373689655172414,0.365689655172414
"2927","4253",6.045,-0.898,1,-0.373689655172414,-0.524310344827586
"2928","4253",14.992,-0.898,1,-0.373689655172414,-0.524310344827586
"2929","4253",8.663,0.482,1,-0.373689655172414,0.855689655172414
"2930","4253",8.511,0.012,1,-0.373689655172414,0.385689655172414
"2931","4253",13.88,-0.388,1,-0.373689655172414,-0.0143103448275862
"2932","4253",9.871,0.052,1,-0.373689655172414,0.425689655172414
"2933","4253",11.868,-0.358,1,-0.373689655172414,0.0156896551724138
"2934","4253",8.168,-0.338,1,-0.373689655172414,0.0356896551724138
"2935","4253",0.772,-0.508,1,-0.373689655172414,-0.134310344827586
"2936","4253",11.785,-1.078,1,-0.373689655172414,-0.704310344827586
"2937","4253",2.51,-0.618,1,-0.373689655172414,-0.244310344827586
"2938","4253",7.289,-0.658,1,-0.373689655172414,-0.284310344827586
"2939","4253",6.549,-0.278,1,-0.373689655172414,0.0956896551724138
"2940","4253",1.012,-0.808,1,-0.373689655172414,-0.434310344827586
"2941","4253",5.009,-1.018,1,-0.373689655172414,-0.644310344827586
"2942","4253",11.698,0.002,1,-0.373689655172414,0.375689655172414
"2943","4253",16.339,-0.578,1,-0.373689655172414,-0.204310344827586
"2944","4253",3.907,-0.678,1,-0.373689655172414,-0.304310344827586
"2945","4253",7.424,-0.578,1,-0.373689655172414,-0.204310344827586
"2946","4253",11.02,-0.068,1,-0.373689655172414,0.305689655172414
"2947","4253",12.782,0.412,1,-0.373689655172414,0.785689655172414
"2948","4253",8.854,-1.388,1,-0.373689655172414,-1.01431034482759
"2949","4253",7.538,-1.208,1,-0.373689655172414,-0.834310344827586
"2950","4253",20.468,0.982,1,-0.373689655172414,1.35568965517241
"2951","4253",16.209,0.582,1,-0.373689655172414,0.955689655172414
"2952","4253",16.654,-1.008,1,-0.373689655172414,-0.634310344827586
"2953","4253",2.69,-1.138,1,-0.373689655172414,-0.764310344827586
"2954","4253",3.023,0.832,1,-0.373689655172414,1.20568965517241
"2955","4253",6.207,-0.668,1,-0.373689655172414,-0.294310344827586
"2956","4253",23.239,-1.238,1,-0.373689655172414,-0.864310344827586
"2957","4253",11.969,-1.048,1,-0.373689655172414,-0.674310344827586
"2958","4253",12.017,0.142,1,-0.373689655172414,0.515689655172414
"2959","4253",13.47,-0.998,1,-0.373689655172414,-0.624310344827586
"2960","4253",14.526,0.402,1,-0.373689655172414,0.775689655172414
"2961","4253",6.848,-1.288,1,-0.373689655172414,-0.914310344827586
"2962","4253",18.808,-0.548,1,-0.373689655172414,-0.174310344827586
"2963","4253",9.751,-0.428,1,-0.373689655172414,-0.0543103448275862
"2964","4253",7.957,0.322,1,-0.373689655172414,0.695689655172414
"2965","4253",17.519,-0.218,1,-0.373689655172414,0.155689655172414
"2966","4253",13.102,0.622,1,-0.373689655172414,0.995689655172414
"2967","4253",5.581,-1.518,1,-0.373689655172414,-1.14431034482759
"2968","4292",2.057,-0.778,1,-0.486153846153846,-0.291846153846154
"2969","4292",9.255,0.972,1,-0.486153846153846,1.45815384615385
"2970","4292",3.248,-0.658,1,-0.486153846153846,-0.171846153846154
"2971","4292",21.754,-0.338,1,-0.486153846153846,0.148153846153846
"2972","4292",18.5,-0.028,1,-0.486153846153846,0.458153846153846
"2973","4292",18.416,-0.888,1,-0.486153846153846,-0.401846153846154
"2974","4292",13.502,-1.308,1,-0.486153846153846,-0.821846153846154
"2975","4292",15.362,0.152,1,-0.486153846153846,0.638153846153846
"2976","4292",13.331,-0.378,1,-0.486153846153846,0.108153846153846
"2977","4292",5.427,-0.468,1,-0.486153846153846,0.0181538461538461
"2978","4292",20.972,-0.858,1,-0.486153846153846,-0.371846153846154
"2979","4292",5.216,0.032,1,-0.486153846153846,0.518153846153846
"2980","4292",2.826,-0.448,1,-0.486153846153846,0.0381538461538461
"2981","4292",12.165,0.042,1,-0.486153846153846,0.528153846153846
"2982","4292",11.934,0.032,1,-0.486153846153846,0.518153846153846
"2983","4292",3.42,-1.318,1,-0.486153846153846,-0.831846153846154
"2984","4292",8.694,0.492,1,-0.486153846153846,0.978153846153846
"2985","4292",8.489,-1.098,1,-0.486153846153846,-0.611846153846154
"2986","4292",-0.287,-1.208,1,-0.486153846153846,-0.721846153846154
"2987","4292",7.482,0.592,1,-0.486153846153846,1.07815384615385
"2988","4292",10.169,-1.808,1,-0.486153846153846,-1.32184615384615
"2989","4292",7.167,-0.248,1,-0.486153846153846,0.238153846153846
"2990","4292",19.79,0.192,1,-0.486153846153846,0.678153846153846
"2991","4292",12.801,0.482,1,-0.486153846153846,0.968153846153846
"2992","4292",18.781,-1.848,1,-0.486153846153846,-1.36184615384615
"2993","4292",15.051,-1.698,1,-0.486153846153846,-1.21184615384615
"2994","4292",11.824,0.462,1,-0.486153846153846,0.948153846153846
"2995","4292",5.698,-0.328,1,-0.486153846153846,0.158153846153846
"2996","4292",21.605,-0.418,1,-0.486153846153846,0.0681538461538462
"2997","4292",9.792,-1.008,1,-0.486153846153846,-0.521846153846154
"2998","4292",9.609,-0.678,1,-0.486153846153846,-0.191846153846154
"2999","4292",21.272,0.762,1,-0.486153846153846,1.24815384615385
"3000","4292",15.665,-0.728,1,-0.486153846153846,-0.241846153846154
"3001","4292",16.638,-0.348,1,-0.486153846153846,0.138153846153846
"3002","4292",12.514,-0.298,1,-0.486153846153846,0.188153846153846
"3003","4292",18.022,-1.098,1,-0.486153846153846,-0.611846153846154
"3004","4292",6.703,-0.138,1,-0.486153846153846,0.348153846153846
"3005","4292",12.956,0.852,1,-0.486153846153846,1.33815384615385
"3006","4292",14.3,-0.808,1,-0.486153846153846,-0.321846153846154
"3007","4292",12.001,-0.328,1,-0.486153846153846,0.158153846153846
"3008","4292",2.911,-0.538,1,-0.486153846153846,-0.0518461538461539
"3009","4292",3.931,-0.558,1,-0.486153846153846,-0.0718461538461539
"3010","4292",4.95,0.282,1,-0.486153846153846,0.768153846153846
"3011","4292",9.975,-0.728,1,-0.486153846153846,-0.241846153846154
"3012","4292",2.985,0.122,1,-0.486153846153846,0.608153846153846
"3013","4292",21.536,-0.108,1,-0.486153846153846,0.378153846153846
"3014","4292",23.619,-1.318,1,-0.486153846153846,-0.831846153846154
"3015","4292",15.164,-1.538,1,-0.486153846153846,-1.05184615384615
"3016","4292",23.619,0.292,1,-0.486153846153846,0.778153846153846
"3017","4292",16.278,-0.678,1,-0.486153846153846,-0.191846153846154
"3018","4292",18.318,-0.908,1,-0.486153846153846,-0.421846153846154
"3019","4292",7.128,-1.148,1,-0.486153846153846,-0.661846153846154
"3020","4292",17.088,-0.568,1,-0.486153846153846,-0.0818461538461538
"3021","4292",18.042,-0.408,1,-0.486153846153846,0.0781538461538462
"3022","4292",16.442,-0.048,1,-0.486153846153846,0.438153846153846
"3023","4292",14.241,-0.128,1,-0.486153846153846,0.358153846153846
"3024","4292",7.821,-0.768,1,-0.486153846153846,-0.281846153846154
"3025","4292",12.431,-1.608,1,-0.486153846153846,-1.12184615384615
"3026","4292",17.378,-1.018,1,-0.486153846153846,-0.531846153846154
"3027","4292",17.294,-0.598,1,-0.486153846153846,-0.111846153846154
"3028","4292",18.504,-0.298,1,-0.486153846153846,0.188153846153846
"3029","4292",19.03,-0.498,1,-0.486153846153846,-0.0118461538461538
"3030","4292",21.19,-0.278,1,-0.486153846153846,0.208153846153846
"3031","4292",20.588,-1.148,1,-0.486153846153846,-0.661846153846154
"3032","4292",11.599,-0.918,1,-0.486153846153846,-0.431846153846154
"3033","4325",16.421,1.152,0,-0.0491320754716981,1.2011320754717
"3034","4325",22.56,1.512,0,-0.0491320754716981,1.5611320754717
"3035","4325",11.659,0.522,0,-0.0491320754716981,0.571132075471698
"3036","4325",8.001,0.252,0,-0.0491320754716981,0.301132075471698
"3037","4325",13.608,-1.568,0,-0.0491320754716981,-1.5188679245283
"3038","4325",7.514,-0.988,0,-0.0491320754716981,-0.938867924528302
"3039","4325",18.049,-0.208,0,-0.0491320754716981,-0.158867924528302
"3040","4325",11.182,0.582,0,-0.0491320754716981,0.631132075471698
"3041","4325",20.717,-1.598,0,-0.0491320754716981,-1.5488679245283
"3042","4325",6.946,-0.308,0,-0.0491320754716981,-0.258867924528302
"3043","4325",3.552,0.342,0,-0.0491320754716981,0.391132075471698
"3044","4325",11.735,0.122,0,-0.0491320754716981,0.171132075471698
"3045","4325",4.101,-0.918,0,-0.0491320754716981,-0.868867924528302
"3046","4325",20.658,1.072,0,-0.0491320754716981,1.1211320754717
"3047","4325",14.194,0.192,0,-0.0491320754716981,0.241132075471698
"3048","4325",19.443,0.022,0,-0.0491320754716981,0.0711320754716981
"3049","4325",22.127,-0.368,0,-0.0491320754716981,-0.318867924528302
"3050","4325",16.549,-0.248,0,-0.0491320754716981,-0.198867924528302
"3051","4325",15.476,0.252,0,-0.0491320754716981,0.301132075471698
"3052","4325",10.211,0.562,0,-0.0491320754716981,0.611132075471698
"3053","4325",18.792,1.002,0,-0.0491320754716981,1.0511320754717
"3054","4325",15.441,0.812,0,-0.0491320754716981,0.861132075471698
"3055","4325",19.082,0.212,0,-0.0491320754716981,0.261132075471698
"3056","4325",14.259,0.202,0,-0.0491320754716981,0.251132075471698
"3057","4325",4.073,0.352,0,-0.0491320754716981,0.401132075471698
"3058","4325",8.804,-0.278,0,-0.0491320754716981,-0.228867924528302
"3059","4325",12.982,-0.548,0,-0.0491320754716981,-0.498867924528302
"3060","4325",7.484,-1.458,0,-0.0491320754716981,-1.4088679245283
"3061","4325",4.23,-0.648,0,-0.0491320754716981,-0.598867924528302
"3062","4325",13.112,0.002,0,-0.0491320754716981,0.0511320754716981
"3063","4325",17.931,0.942,0,-0.0491320754716981,0.991132075471698
"3064","4325",22.783,1.392,0,-0.0491320754716981,1.4411320754717
"3065","4325",10.386,0.302,0,-0.0491320754716981,0.351132075471698
"3066","4325",7.039,-0.778,0,-0.0491320754716981,-0.728867924528302
"3067","4325",17.359,-0.678,0,-0.0491320754716981,-0.628867924528302
"3068","4325",15.902,-0.328,0,-0.0491320754716981,-0.278867924528302
"3069","4325",7.128,-0.528,0,-0.0491320754716981,-0.478867924528302
"3070","4325",7.306,0.682,0,-0.0491320754716981,0.731132075471698
"3071","4325",3.923,-0.008,0,-0.0491320754716981,0.0411320754716981
"3072","4325",24.479,0.692,0,-0.0491320754716981,0.741132075471698
"3073","4325",8.938,0.832,0,-0.0491320754716981,0.881132075471698
"3074","4325",18.002,0.052,0,-0.0491320754716981,0.101132075471698
"3075","4325",22.055,-0.618,0,-0.0491320754716981,-0.568867924528302
"3076","4325",15.924,-0.148,0,-0.0491320754716981,-0.0988679245283019
"3077","4325",9.116,0.302,0,-0.0491320754716981,0.351132075471698
"3078","4325",19.25,0.842,0,-0.0491320754716981,0.891132075471698
"3079","4325",19.521,-0.318,0,-0.0491320754716981,-0.268867924528302
"3080","4325",12.76,-0.258,0,-0.0491320754716981,-0.208867924528302
"3081","4325",21.318,0.352,0,-0.0491320754716981,0.401132075471698
"3082","4325",6.333,-1.388,0,-0.0491320754716981,-1.3388679245283
"3083","4325",3.723,-1.968,0,-0.0491320754716981,-1.9188679245283
"3084","4325",8.43,-0.198,0,-0.0491320754716981,-0.148867924528302
"3085","4325",9.152,-1.808,0,-0.0491320754716981,-1.7588679245283
"3086","4350",21.564,0.252,0,0.152606060606061,0.0993939393939394
"3087","4350",-2.832,-0.008,0,0.152606060606061,-0.160606060606061
"3088","4350",7.756,-1.128,0,0.152606060606061,-1.28060606060606
"3089","4350",8.807,-0.768,0,0.152606060606061,-0.920606060606061
"3090","4350",12.253,-1.368,0,0.152606060606061,-1.52060606060606
"3091","4350",3.484,-0.688,0,0.152606060606061,-0.840606060606061
"3092","4350",8.889,-0.008,0,0.152606060606061,-0.160606060606061
"3093","4350",3.342,-0.618,0,0.152606060606061,-0.770606060606061
"3094","4350",11.597,0.562,0,0.152606060606061,0.409393939393939
"3095","4350",17.874,0.152,0,0.152606060606061,-0.00060606060606061
"3096","4350",-0.818,0.292,0,0.152606060606061,0.139393939393939
"3097","4350",20.141,0.912,0,0.152606060606061,0.759393939393939
"3098","4350",14.1,0.272,0,0.152606060606061,0.119393939393939
"3099","4350",16.447,0.442,0,0.152606060606061,0.289393939393939
"3100","4350",19.751,0.852,0,0.152606060606061,0.699393939393939
"3101","4350",5.941,0.182,0,0.152606060606061,0.0293939393939394
"3102","4350",6.289,0.402,0,0.152606060606061,0.249393939393939
"3103","4350",13.092,1.022,0,0.152606060606061,0.869393939393939
"3104","4350",14.518,0.562,0,0.152606060606061,0.409393939393939
"3105","4350",-2.535,-1.168,0,0.152606060606061,-1.32060606060606
"3106","4350",11.751,0.902,0,0.152606060606061,0.749393939393939
"3107","4350",18.359,1.132,0,0.152606060606061,0.979393939393939
"3108","4350",15.033,-0.328,0,0.152606060606061,-0.480606060606061
"3109","4350",5.005,0.382,0,0.152606060606061,0.229393939393939
"3110","4350",16.846,0.842,0,0.152606060606061,0.689393939393939
"3111","4350",2.827,-0.118,0,0.152606060606061,-0.270606060606061
"3112","4350",13.146,1.062,0,0.152606060606061,0.909393939393939
"3113","4350",23.231,-0.268,0,0.152606060606061,-0.420606060606061
"3114","4350",12.753,0.452,0,0.152606060606061,0.299393939393939
"3115","4350",17.394,0.932,0,0.152606060606061,0.779393939393939
"3116","4350",22.285,-0.048,0,0.152606060606061,-0.200606060606061
"3117","4350",19.52,0.112,0,0.152606060606061,-0.0406060606060606
"3118","4350",13.419,-0.168,0,0.152606060606061,-0.320606060606061
"3119","4383",1.886,0.352,0,0.0732,0.2788
"3120","4383",1.13,-0.988,0,0.0732,-1.0612
"3121","4383",2.49,-0.468,0,0.0732,-0.5412
"3122","4383",17.506,-0.348,0,0.0732,-0.4212
"3123","4383",6.219,-0.598,0,0.0732,-0.6712
"3124","4383",5.176,-1.138,0,0.0732,-1.2112
"3125","4383",5.334,0.522,0,0.0732,0.4488
"3126","4383",13.031,0.022,0,0.0732,-0.0512
"3127","4383",20.272,0.572,0,0.0732,0.4988
"3128","4383",19.755,0.862,0,0.0732,0.7888
"3129","4383",10.994,0.532,0,0.0732,0.4588
"3130","4383",20.631,-0.278,0,0.0732,-0.3512
"3131","4383",7.042,-0.368,0,0.0732,-0.4412
"3132","4383",2.871,0.282,0,0.0732,0.2088
"3133","4383",13.21,0.802,0,0.0732,0.7288
"3134","4383",15.452,0.372,0,0.0732,0.2988
"3135","4383",8.624,-0.728,0,0.0732,-0.8012
"3136","4383",5.946,0.222,0,0.0732,0.1488
"3137","4383",16.158,0.322,0,0.0732,0.2488
"3138","4383",18.708,0.062,0,0.0732,-0.0112
"3139","4383",19.133,0.082,0,0.0732,0.0088
"3140","4383",-2.832,-0.258,0,0.0732,-0.3312
"3141","4383",21.254,0.622,0,0.0732,0.5488
"3142","4383",18.865,1.162,0,0.0732,1.0888
"3143","4383",17.787,0.212,0,0.0732,0.1388
"3144","4410",6.356,0.042,0,0.096390243902439,-0.054390243902439
"3145","4410",17.041,1.342,0,0.096390243902439,1.24560975609756
"3146","4410",13.708,1.262,0,0.096390243902439,1.16560975609756
"3147","4410",15.79,-0.168,0,0.096390243902439,-0.264390243902439
"3148","4410",19.224,0.962,0,0.096390243902439,0.865609756097561
"3149","4410",11.45,-0.608,0,0.096390243902439,-0.704390243902439
"3150","4410",19.194,0.952,0,0.096390243902439,0.855609756097561
"3151","4410",3.489,-0.578,0,0.096390243902439,-0.674390243902439
"3152","4410",10.516,0.902,0,0.096390243902439,0.805609756097561
"3153","4410",10.971,-0.618,0,0.096390243902439,-0.714390243902439
"3154","4410",14.641,-0.138,0,0.096390243902439,-0.234390243902439
"3155","4410",8.512,-0.278,0,0.096390243902439,-0.374390243902439
"3156","4410",21.487,0.922,0,0.096390243902439,0.825609756097561
"3157","4410",11.464,0.752,0,0.096390243902439,0.655609756097561
"3158","4410",18.873,-0.868,0,0.096390243902439,-0.964390243902439
"3159","4410",17.84,0.142,0,0.096390243902439,0.045609756097561
"3160","4410",5.662,-0.498,0,0.096390243902439,-0.594390243902439
"3161","4410",14.814,-0.658,0,0.096390243902439,-0.754390243902439
"3162","4410",6.653,0.162,0,0.096390243902439,0.065609756097561
"3163","4410",20.237,0.522,0,0.096390243902439,0.425609756097561
"3164","4410",23.498,0.812,0,0.096390243902439,0.715609756097561
"3165","4410",7.29,0.372,0,0.096390243902439,0.275609756097561
"3166","4410",16.285,0.442,0,0.096390243902439,0.345609756097561
"3167","4410",12.081,-0.228,0,0.096390243902439,-0.324390243902439
"3168","4410",17.005,-0.628,0,0.096390243902439,-0.724390243902439
"3169","4410",1.568,0.222,0,0.096390243902439,0.125609756097561
"3170","4410",17.306,0.762,0,0.096390243902439,0.665609756097561
"3171","4410",18.886,0.882,0,0.096390243902439,0.785609756097561
"3172","4410",18.026,-0.528,0,0.096390243902439,-0.624390243902439
"3173","4410",2.336,-0.468,0,0.096390243902439,-0.564390243902439
"3174","4410",22.255,-0.258,0,0.096390243902439,-0.354390243902439
"3175","4410",22.194,-0.438,0,0.096390243902439,-0.534390243902439
"3176","4410",8.286,-0.408,0,0.096390243902439,-0.504390243902439
"3177","4410",6.426,-0.388,0,0.096390243902439,-0.484390243902439
"3178","4410",7.177,-0.618,0,0.096390243902439,-0.714390243902439
"3179","4410",3.479,0.592,0,0.096390243902439,0.495609756097561
"3180","4410",16.684,-0.388,0,0.096390243902439,-0.484390243902439
"3181","4410",20.663,0.232,0,0.096390243902439,0.135609756097561
"3182","4410",8.49,-0.088,0,0.096390243902439,-0.184390243902439
"3183","4410",18.442,0.032,0,0.096390243902439,-0.064390243902439
"3184","4410",16.093,0.492,0,0.096390243902439,0.395609756097561
"3185","4420",24.457,-0.208,0,-0.22425,0.01625
"3186","4420",11.877,-0.248,0,-0.22425,-0.02375
"3187","4420",19.046,-0.468,0,-0.22425,-0.24375
"3188","4420",13.848,-0.558,0,-0.22425,-0.33375
"3189","4420",23.558,-0.068,0,-0.22425,0.15625
"3190","4420",18.191,0.322,0,-0.22425,0.54625
"3191","4420",17.118,0.542,0,-0.22425,0.76625
"3192","4420",12.309,-1.128,0,-0.22425,-0.90375
"3193","4420",22.916,0.092,0,-0.22425,0.31625
"3194","4420",5.982,-0.208,0,-0.22425,0.01625
"3195","4420",8.721,-0.478,0,-0.22425,-0.25375
"3196","4420",1.878,-1.158,0,-0.22425,-0.93375
"3197","4420",7.509,-0.938,0,-0.22425,-0.71375
"3198","4420",11.036,1.042,0,-0.22425,1.26625
"3199","4420",11.738,-0.708,0,-0.22425,-0.48375
"3200","4420",12.14,0.262,0,-0.22425,0.48625
"3201","4420",16.752,-0.358,0,-0.22425,-0.13375
"3202","4420",4.298,-0.418,0,-0.22425,-0.19375
"3203","4420",18.057,0.702,0,-0.22425,0.92625
"3204","4420",8.733,0.852,0,-0.22425,1.07625
"3205","4420",15.1,-0.898,0,-0.22425,-0.67375
"3206","4420",20.974,-0.208,0,-0.22425,0.01625
"3207","4420",4.123,-0.558,0,-0.22425,-0.33375
"3208","4420",20.612,-0.928,0,-0.22425,-0.70375
"3209","4420",4.935,-0.718,0,-0.22425,-0.49375
"3210","4420",16.07,0.712,0,-0.22425,0.93625
"3211","4420",6.341,-1.188,0,-0.22425,-0.96375
"3212","4420",21.795,0.892,0,-0.22425,1.11625
"3213","4420",16.076,-0.088,0,-0.22425,0.13625
"3214","4420",17.306,-1.638,0,-0.22425,-1.41375
"3215","4420",6.972,0.112,0,-0.22425,0.33625
"3216","4420",23.505,0.462,0,-0.22425,0.68625
"3217","4458",5.272,-0.338,0,-1.04945833333333,0.711458333333333
"3218","4458",15.397,-1.008,0,-1.04945833333333,0.0414583333333334
"3219","4458",2.929,-1.038,0,-1.04945833333333,0.0114583333333333
"3220","4458",7.304,-1.598,0,-1.04945833333333,-0.548541666666667
"3221","4458",9.123,-1.578,0,-1.04945833333333,-0.528541666666667
"3222","4458",2.88,-1.188,0,-1.04945833333333,-0.138541666666667
"3223","4458",4.588,-1.548,0,-1.04945833333333,-0.498541666666667
"3224","4458",0.33,0.002,0,-1.04945833333333,1.05145833333333
"3225","4458",6.796,-2.148,0,-1.04945833333333,-1.09854166666667
"3226","4458",5.843,-0.568,0,-1.04945833333333,0.481458333333333
"3227","4458",4.641,-1.118,0,-1.04945833333333,-0.0685416666666667
"3228","4458",9.454,-1.998,0,-1.04945833333333,-0.948541666666667
"3229","4458",8.496,0.552,0,-1.04945833333333,1.60145833333333
"3230","4458",4.532,0.312,0,-1.04945833333333,1.36145833333333
"3231","4458",1.698,-1.118,0,-1.04945833333333,-0.0685416666666667
"3232","4458",5.397,-1.298,0,-1.04945833333333,-0.248541666666667
"3233","4458",5.983,-0.578,0,-1.04945833333333,0.471458333333333
"3234","4458",1.832,-1.828,0,-1.04945833333333,-0.778541666666667
"3235","4458",1.343,-1.118,0,-1.04945833333333,-0.0685416666666667
"3236","4458",12.206,-1.338,0,-1.04945833333333,-0.288541666666667
"3237","4458",11.123,-1.198,0,-1.04945833333333,-0.148541666666667
"3238","4458",-1.334,-1.858,0,-1.04945833333333,-0.808541666666667
"3239","4458",6.545,-0.948,0,-1.04945833333333,0.101458333333333
"3240","4458",4.63,-1.108,0,-1.04945833333333,-0.0585416666666667
"3241","4458",3.876,-1.488,0,-1.04945833333333,-0.438541666666667
"3242","4458",10.671,0.372,0,-1.04945833333333,1.42145833333333
"3243","4458",2.077,-0.408,0,-1.04945833333333,0.641458333333333
"3244","4458",1.927,-2.498,0,-1.04945833333333,-1.44854166666667
"3245","4458",-1.506,-0.888,0,-1.04945833333333,0.161458333333333
"3246","4458",7.628,-0.448,0,-1.04945833333333,0.601458333333333
"3247","4458",2.109,-1.968,0,-1.04945833333333,-0.918541666666667
"3248","4458",4.233,-0.238,0,-1.04945833333333,0.811458333333333
"3249","4458",18.781,-0.598,0,-1.04945833333333,0.451458333333333
"3250","4458",7.723,-1.248,0,-1.04945833333333,-0.198541666666667
"3251","4458",1.78,-1.408,0,-1.04945833333333,-0.358541666666667
"3252","4458",6.682,-1.208,0,-1.04945833333333,-0.158541666666667
"3253","4458",15.474,-0.918,0,-1.04945833333333,0.131458333333333
"3254","4458",8.918,-1.018,0,-1.04945833333333,0.0314583333333334
"3255","4458",11.436,-0.978,0,-1.04945833333333,0.0714583333333334
"3256","4458",9.108,-0.818,0,-1.04945833333333,0.231458333333333
"3257","4458",8.117,-1.688,0,-1.04945833333333,-0.638541666666667
"3258","4458",0.397,-1.608,0,-1.04945833333333,-0.558541666666667
"3259","4458",5.229,-0.458,0,-1.04945833333333,0.591458333333333
"3260","4458",4.24,-1.308,0,-1.04945833333333,-0.258541666666667
"3261","4458",2.356,-1.278,0,-1.04945833333333,-0.228541666666667
"3262","4458",5.634,-1.308,0,-1.04945833333333,-0.258541666666667
"3263","4458",-2.632,-0.858,0,-1.04945833333333,0.191458333333333
"3264","4458",7.681,-0.458,0,-1.04945833333333,0.591458333333333
"3265","4511",14.186,-0.188,1,-0.107137931034483,-0.0808620689655172
"3266","4511",4.324,-0.278,1,-0.107137931034483,-0.170862068965517
"3267","4511",8.64,-0.278,1,-0.107137931034483,-0.170862068965517
"3268","4511",9.783,1.012,1,-0.107137931034483,1.11913793103448
"3269","4511",7.459,-0.538,1,-0.107137931034483,-0.430862068965517
"3270","4511",18.342,0.212,1,-0.107137931034483,0.319137931034483
"3271","4511",6.701,-0.418,1,-0.107137931034483,-0.310862068965517
"3272","4511",11.062,0.352,1,-0.107137931034483,0.459137931034483
"3273","4511",15.35,0.072,1,-0.107137931034483,0.179137931034483
"3274","4511",2.444,-0.238,1,-0.107137931034483,-0.130862068965517
"3275","4511",13.563,0.792,1,-0.107137931034483,0.899137931034483
"3276","4511",9.272,-0.788,1,-0.107137931034483,-0.680862068965517
"3277","4511",12.184,-0.778,1,-0.107137931034483,-0.670862068965517
"3278","4511",15.55,-0.178,1,-0.107137931034483,-0.0708620689655172
"3279","4511",18.632,-1.058,1,-0.107137931034483,-0.950862068965517
"3280","4511",5.627,0.172,1,-0.107137931034483,0.279137931034483
"3281","4511",13.397,-1.038,1,-0.107137931034483,-0.930862068965517
"3282","4511",20.318,-0.788,1,-0.107137931034483,-0.680862068965517
"3283","4511",12.396,-0.438,1,-0.107137931034483,-0.330862068965517
"3284","4511",7.802,0.592,1,-0.107137931034483,0.699137931034483
"3285","4511",22.94,-0.508,1,-0.107137931034483,-0.400862068965517
"3286","4511",14.742,-0.768,1,-0.107137931034483,-0.660862068965517
"3287","4511",12.872,1.022,1,-0.107137931034483,1.12913793103448
"3288","4511",23.04,-0.078,1,-0.107137931034483,0.0291379310344828
"3289","4511",20.487,0.582,1,-0.107137931034483,0.689137931034483
"3290","4511",9.253,-1.218,1,-0.107137931034483,-1.11086206896552
"3291","4511",10.871,0.742,1,-0.107137931034483,0.849137931034483
"3292","4511",6.221,-0.108,1,-0.107137931034483,-0.000862068965517229
"3293","4511",9.341,-0.548,1,-0.107137931034483,-0.440862068965517
"3294","4511",7.035,-0.598,1,-0.107137931034483,-0.490862068965517
"3295","4511",16.808,0.202,1,-0.107137931034483,0.309137931034483
"3296","4511",20.566,-0.258,1,-0.107137931034483,-0.150862068965517
"3297","4511",15.291,0.342,1,-0.107137931034483,0.449137931034483
"3298","4511",13.565,-0.988,1,-0.107137931034483,-0.880862068965517
"3299","4511",21.006,-0.398,1,-0.107137931034483,-0.290862068965517
"3300","4511",4.588,-0.748,1,-0.107137931034483,-0.640862068965517
"3301","4511",19.995,-0.298,1,-0.107137931034483,-0.190862068965517
"3302","4511",17.82,0.032,1,-0.107137931034483,0.139137931034483
"3303","4511",5.894,-0.128,1,-0.107137931034483,-0.0208620689655172
"3304","4511",4.576,0.372,1,-0.107137931034483,0.479137931034483
"3305","4511",5.762,-0.618,1,-0.107137931034483,-0.510862068965517
"3306","4511",18.571,-1.178,1,-0.107137931034483,-1.07086206896552
"3307","4511",16.607,0.262,1,-0.107137931034483,0.369137931034483
"3308","4511",8.366,0.692,1,-0.107137931034483,0.799137931034483
"3309","4511",7.184,0.042,1,-0.107137931034483,0.149137931034483
"3310","4511",18.042,0.132,1,-0.107137931034483,0.239137931034483
"3311","4511",5.613,0.502,1,-0.107137931034483,0.609137931034483
"3312","4511",22.601,-0.128,1,-0.107137931034483,-0.0208620689655172
"3313","4511",19.888,0.272,1,-0.107137931034483,0.379137931034483
"3314","4511",15.456,0.702,1,-0.107137931034483,0.809137931034483
"3315","4511",9.142,-0.278,1,-0.107137931034483,-0.170862068965517
"3316","4511",19.91,0.612,1,-0.107137931034483,0.719137931034483
"3317","4511",7.447,0.342,1,-0.107137931034483,0.449137931034483
"3318","4511",21.481,-0.568,1,-0.107137931034483,-0.460862068965517
"3319","4511",18.069,0.682,1,-0.107137931034483,0.789137931034483
"3320","4511",20.405,-0.338,1,-0.107137931034483,-0.230862068965517
"3321","4511",16.241,-0.798,1,-0.107137931034483,-0.690862068965517
"3322","4511",22.996,0.602,1,-0.107137931034483,0.709137931034483
"3323","4523",16.093,-0.158,1,-0.0537446808510638,-0.104255319148936
"3324","4523",10.18,0.692,1,-0.0537446808510638,0.745744680851064
"3325","4523",9.647,-0.258,1,-0.0537446808510638,-0.204255319148936
"3326","4523",1.059,-0.038,1,-0.0537446808510638,0.0157446808510638
"3327","4523",4.145,-0.788,1,-0.0537446808510638,-0.734255319148936
"3328","4523",12.17,0.372,1,-0.0537446808510638,0.425744680851064
"3329","4523",8.26,1.212,1,-0.0537446808510638,1.26574468085106
"3330","4523",5.454,1.032,1,-0.0537446808510638,1.08574468085106
"3331","4523",6.857,0.802,1,-0.0537446808510638,0.855744680851064
"3332","4523",11.914,-0.748,1,-0.0537446808510638,-0.694255319148936
"3333","4523",4.454,-0.258,1,-0.0537446808510638,-0.204255319148936
"3334","4523",7.451,-0.098,1,-0.0537446808510638,-0.0442553191489362
"3335","4523",22.523,1.152,1,-0.0537446808510638,1.20574468085106
"3336","4523",4.241,-0.718,1,-0.0537446808510638,-0.664255319148936
"3337","4523",12.68,-0.138,1,-0.0537446808510638,-0.0842553191489362
"3338","4523",12.383,0.252,1,-0.0537446808510638,0.305744680851064
"3339","4523",7.452,-0.168,1,-0.0537446808510638,-0.114255319148936
"3340","4523",12.324,-0.088,1,-0.0537446808510638,-0.0342553191489362
"3341","4523",-0.912,-1.848,1,-0.0537446808510638,-1.79425531914894
"3342","4523",11.535,0.512,1,-0.0537446808510638,0.565744680851064
"3343","4523",17.602,0.692,1,-0.0537446808510638,0.745744680851064
"3344","4523",7.204,-1.218,1,-0.0537446808510638,-1.16425531914894
"3345","4523",-0.672,0.572,1,-0.0537446808510638,0.625744680851064
"3346","4523",17.448,-0.458,1,-0.0537446808510638,-0.404255319148936
"3347","4523",6.57,0.762,1,-0.0537446808510638,0.815744680851064
"3348","4523",11.104,0.192,1,-0.0537446808510638,0.245744680851064
"3349","4523",11.583,0.552,1,-0.0537446808510638,0.605744680851064
"3350","4523",8.327,-0.688,1,-0.0537446808510638,-0.634255319148936
"3351","4523",-2.282,-0.718,1,-0.0537446808510638,-0.664255319148936
"3352","4523",10.045,1.122,1,-0.0537446808510638,1.17574468085106
"3353","4523",10.469,-0.318,1,-0.0537446808510638,-0.264255319148936
"3354","4523",3.964,-0.188,1,-0.0537446808510638,-0.134255319148936
"3355","4523",3.565,-0.348,1,-0.0537446808510638,-0.294255319148936
"3356","4523",16.474,-0.128,1,-0.0537446808510638,-0.0742553191489362
"3357","4523",4.468,-0.258,1,-0.0537446808510638,-0.204255319148936
"3358","4523",14.27,-0.048,1,-0.0537446808510638,0.00574468085106383
"3359","4523",8.159,-1.038,1,-0.0537446808510638,-0.984255319148936
"3360","4523",-2.426,-0.428,1,-0.0537446808510638,-0.374255319148936
"3361","4523",2.777,-0.138,1,-0.0537446808510638,-0.0842553191489362
"3362","4523",0.424,-0.208,1,-0.0537446808510638,-0.154255319148936
"3363","4523",9.219,0.582,1,-0.0537446808510638,0.635744680851064
"3364","4523",12.471,-0.868,1,-0.0537446808510638,-0.814255319148936
"3365","4523",6.646,-1.448,1,-0.0537446808510638,-1.39425531914894
"3366","4523",3.483,-0.258,1,-0.0537446808510638,-0.204255319148936
"3367","4523",12.079,-0.818,1,-0.0537446808510638,-0.764255319148936
"3368","4523",13.766,1.082,1,-0.0537446808510638,1.13574468085106
"3369","4523",5.885,0.772,1,-0.0537446808510638,0.825744680851064
"3370","4530",5.026,-0.418,1,-0.596888888888889,0.178888888888889
"3371","4530",0.073,-0.108,1,-0.596888888888889,0.488888888888889
"3372","4530",9.916,-1.688,1,-0.596888888888889,-1.09111111111111
"3373","4530",15.939,-1.008,1,-0.596888888888889,-0.411111111111111
"3374","4530",15.201,-0.678,1,-0.596888888888889,-0.0811111111111111
"3375","4530",8.254,-1.128,1,-0.596888888888889,-0.531111111111111
"3376","4530",5.209,-0.248,1,-0.596888888888889,0.348888888888889
"3377","4530",3.556,-0.118,1,-0.596888888888889,0.478888888888889
"3378","4530",15.025,-0.308,1,-0.596888888888889,0.288888888888889
"3379","4530",4.564,-0.918,1,-0.596888888888889,-0.321111111111111
"3380","4530",5.922,-1.788,1,-0.596888888888889,-1.19111111111111
"3381","4530",14.602,-0.388,1,-0.596888888888889,0.208888888888889
"3382","4530",0.595,-1.438,1,-0.596888888888889,-0.841111111111111
"3383","4530",6.585,-0.498,1,-0.596888888888889,0.0988888888888889
"3384","4530",6.295,-0.738,1,-0.596888888888889,-0.141111111111111
"3385","4530",6.649,-1.098,1,-0.596888888888889,-0.501111111111111
"3386","4530",20.479,0.152,1,-0.596888888888889,0.748888888888889
"3387","4530",14.939,-0.928,1,-0.596888888888889,-0.331111111111111
"3388","4530",9.801,-0.698,1,-0.596888888888889,-0.101111111111111
"3389","4530",11.841,-1.498,1,-0.596888888888889,-0.901111111111111
"3390","4530",3.968,-1.258,1,-0.596888888888889,-0.661111111111111
"3391","4530",12.961,-0.098,1,-0.596888888888889,0.498888888888889
"3392","4530",8.898,-1.848,1,-0.596888888888889,-1.25111111111111
"3393","4530",18.776,1.122,1,-0.596888888888889,1.71888888888889
"3394","4530",18.013,-0.048,1,-0.596888888888889,0.548888888888889
"3395","4530",9.58,-1.788,1,-0.596888888888889,-1.19111111111111
"3396","4530",1.155,-1.488,1,-0.596888888888889,-0.891111111111111
"3397","4530",16.785,0.062,1,-0.596888888888889,0.658888888888889
"3398","4530",9.497,-0.008,1,-0.596888888888889,0.588888888888889
"3399","4530",4.219,-0.808,1,-0.596888888888889,-0.211111111111111
"3400","4530",3.131,-0.178,1,-0.596888888888889,0.418888888888889
"3401","4530",7,-0.128,1,-0.596888888888889,0.468888888888889
"3402","4530",15.256,-0.958,1,-0.596888888888889,-0.361111111111111
"3403","4530",9.659,-0.428,1,-0.596888888888889,0.168888888888889
"3404","4530",11.162,-0.798,1,-0.596888888888889,-0.201111111111111
"3405","4530",-1.671,-0.788,1,-0.596888888888889,-0.191111111111111
"3406","4530",4.4,-0.088,1,-0.596888888888889,0.508888888888889
"3407","4530",6.276,0.042,1,-0.596888888888889,0.638888888888889
"3408","4530",10.821,-0.868,1,-0.596888888888889,-0.271111111111111
"3409","4530",9.666,0.072,1,-0.596888888888889,0.668888888888889
"3410","4530",4.264,-0.248,1,-0.596888888888889,0.348888888888889
"3411","4530",15.636,-0.988,1,-0.596888888888889,-0.391111111111111
"3412","4530",12.453,0.452,1,-0.596888888888889,1.04888888888889
"3413","4530",14.873,-0.898,1,-0.596888888888889,-0.301111111111111
"3414","4530",22.943,-0.188,1,-0.596888888888889,0.408888888888889
"3415","4530",14.424,-0.308,1,-0.596888888888889,0.288888888888889
"3416","4530",6.911,-1.168,1,-0.596888888888889,-0.571111111111111
"3417","4530",17.45,-1.128,1,-0.596888888888889,-0.531111111111111
"3418","4530",2.237,-1.148,1,-0.596888888888889,-0.551111111111111
"3419","4530",16.717,-0.708,1,-0.596888888888889,-0.111111111111111
"3420","4530",5.564,-0.618,1,-0.596888888888889,-0.0211111111111111
"3421","4530",7.252,-0.938,1,-0.596888888888889,-0.341111111111111
"3422","4530",5.147,-0.278,1,-0.596888888888889,0.318888888888889
"3423","4530",-0.762,-1.338,1,-0.596888888888889,-0.741111111111111
"3424","4530",10.257,0.222,1,-0.596888888888889,0.818888888888889
"3425","4530",3.97,-0.488,1,-0.596888888888889,0.108888888888889
"3426","4530",8.248,0.132,1,-0.596888888888889,0.728888888888889
"3427","4530",1.747,0.302,1,-0.596888888888889,0.898888888888889
"3428","4530",5.436,0.082,1,-0.596888888888889,0.678888888888889
"3429","4530",7.304,0.212,1,-0.596888888888889,0.808888888888889
"3430","4530",10.133,-0.658,1,-0.596888888888889,-0.0611111111111111
"3431","4530",8.472,-0.728,1,-0.596888888888889,-0.131111111111111
"3432","4530",9.81,-1.358,1,-0.596888888888889,-0.761111111111111
"3433","4642",22.518,-0.468,0,0.11544262295082,-0.58344262295082
"3434","4642",14.419,0.202,0,0.11544262295082,0.0865573770491803
"3435","4642",23.69,0.132,0,0.11544262295082,0.0165573770491803
"3436","4642",14.309,0.762,0,0.11544262295082,0.64655737704918
"3437","4642",10.88,-0.638,0,0.11544262295082,-0.75344262295082
"3438","4642",8.109,-0.508,0,0.11544262295082,-0.62344262295082
"3439","4642",13.698,0.662,0,0.11544262295082,0.54655737704918
"3440","4642",16.36,-0.188,0,0.11544262295082,-0.30344262295082
"3441","4642",21.609,0.972,0,0.11544262295082,0.85655737704918
"3442","4642",15.937,0.822,0,0.11544262295082,0.70655737704918
"3443","4642",24.138,0.782,0,0.11544262295082,0.66655737704918
"3444","4642",22.613,0.872,0,0.11544262295082,0.75655737704918
"3445","4642",11.176,0.902,0,0.11544262295082,0.78655737704918
"3446","4642",15.103,0.772,0,0.11544262295082,0.65655737704918
"3447","4642",23.89,0.322,0,0.11544262295082,0.20655737704918
"3448","4642",17.467,-0.748,0,0.11544262295082,-0.86344262295082
"3449","4642",20.293,0.422,0,0.11544262295082,0.30655737704918
"3450","4642",12.052,-0.078,0,0.11544262295082,-0.19344262295082
"3451","4642",12.094,0.242,0,0.11544262295082,0.12655737704918
"3452","4642",8.107,0.682,0,0.11544262295082,0.56655737704918
"3453","4642",11.605,-0.148,0,0.11544262295082,-0.26344262295082
"3454","4642",6.734,-0.288,0,0.11544262295082,-0.40344262295082
"3455","4642",17.102,0.232,0,0.11544262295082,0.11655737704918
"3456","4642",7.701,0.102,0,0.11544262295082,-0.0134426229508197
"3457","4642",11.134,0.212,0,0.11544262295082,0.0965573770491803
"3458","4642",20.986,-0.168,0,0.11544262295082,-0.28344262295082
"3459","4642",10.124,-0.118,0,0.11544262295082,-0.23344262295082
"3460","4642",8.178,-0.058,0,0.11544262295082,-0.17344262295082
"3461","4642",-0.365,-0.278,0,0.11544262295082,-0.39344262295082
"3462","4642",24.993,0.892,0,0.11544262295082,0.77655737704918
"3463","4642",16.606,1.222,0,0.11544262295082,1.10655737704918
"3464","4642",19.103,0.892,0,0.11544262295082,0.77655737704918
"3465","4642",9.03,0.422,0,0.11544262295082,0.30655737704918
"3466","4642",19.141,0.542,0,0.11544262295082,0.42655737704918
"3467","4642",7.071,-0.338,0,0.11544262295082,-0.45344262295082
"3468","4642",24.421,0.482,0,0.11544262295082,0.36655737704918
"3469","4642",9.223,-0.338,0,0.11544262295082,-0.45344262295082
"3470","4642",6.88,-0.678,0,0.11544262295082,-0.79344262295082
"3471","4642",10.252,0.012,0,0.11544262295082,-0.10344262295082
"3472","4642",11.86,0.442,0,0.11544262295082,0.32655737704918
"3473","4642",3.085,-0.618,0,0.11544262295082,-0.73344262295082
"3474","4642",16.919,0.762,0,0.11544262295082,0.64655737704918
"3475","4642",18.829,1.312,0,0.11544262295082,1.19655737704918
"3476","4642",8.644,-1.198,0,0.11544262295082,-1.31344262295082
"3477","4642",19.521,0.142,0,0.11544262295082,0.0265573770491803
"3478","4642",15.12,1.152,0,0.11544262295082,1.03655737704918
"3479","4642",23.238,-0.498,0,0.11544262295082,-0.61344262295082
"3480","4642",5.507,-1.168,0,0.11544262295082,-1.28344262295082
"3481","4642",14.832,-0.048,0,0.11544262295082,-0.16344262295082
"3482","4642",8.738,0.232,0,0.11544262295082,0.11655737704918
"3483","4642",17.326,-2.218,0,0.11544262295082,-2.33344262295082
"3484","4642",3.812,-0.238,0,0.11544262295082,-0.35344262295082
"3485","4642",19.685,-0.768,0,0.11544262295082,-0.88344262295082
"3486","4642",20.136,0.342,0,0.11544262295082,0.22655737704918
"3487","4642",9.209,-0.478,0,0.11544262295082,-0.59344262295082
"3488","4642",16.225,0.622,0,0.11544262295082,0.50655737704918
"3489","4642",18.846,0.502,0,0.11544262295082,0.38655737704918
"3490","4642",22.07,0.712,0,0.11544262295082,0.59655737704918
"3491","4642",15.776,0.382,0,0.11544262295082,0.26655737704918
"3492","4642",14.918,-0.478,0,0.11544262295082,-0.59344262295082
"3493","4642",17.864,-0.368,0,0.11544262295082,-0.48344262295082
"3494","4868",18.308,0.942,1,0.361117647058824,0.580882352941176
"3495","4868",6.968,0.622,1,0.361117647058824,0.260882352941176
"3496","4868",19.078,0.902,1,0.361117647058824,0.540882352941176
"3497","4868",10.261,-1.048,1,0.361117647058824,-1.40911764705882
"3498","4868",13.335,-0.718,1,0.361117647058824,-1.07911764705882
"3499","4868",8.91,0.952,1,0.361117647058824,0.590882352941176
"3500","4868",10.724,1.342,1,0.361117647058824,0.980882352941177
"3501","4868",12.68,0.242,1,0.361117647058824,-0.119117647058824
"3502","4868",17.77,0.582,1,0.361117647058824,0.220882352941176
"3503","4868",16.411,0.852,1,0.361117647058824,0.490882352941176
"3504","4868",12.298,0.522,1,0.361117647058824,0.160882352941176
"3505","4868",13.816,0.462,1,0.361117647058824,0.100882352941176
"3506","4868",15.524,1.512,1,0.361117647058824,1.15088235294118
"3507","4868",15.352,1.112,1,0.361117647058824,0.750882352941177
"3508","4868",16.163,-0.928,1,0.361117647058824,-1.28911764705882
"3509","4868",16.413,0.862,1,0.361117647058824,0.500882352941176
"3510","4868",8.425,0.342,1,0.361117647058824,-0.0191176470588235
"3511","4868",8.874,-1.058,1,0.361117647058824,-1.41911764705882
"3512","4868",20.69,0.852,1,0.361117647058824,0.490882352941176
"3513","4868",18.53,0.772,1,0.361117647058824,0.410882352941176
"3514","4868",7.358,-0.248,1,0.361117647058824,-0.609117647058824
"3515","4868",12.694,1.342,1,0.361117647058824,0.980882352941177
"3516","4868",18.399,-0.228,1,0.361117647058824,-0.589117647058824
"3517","4868",13.879,0.562,1,0.361117647058824,0.200882352941177
"3518","4868",18.479,0.172,1,0.361117647058824,-0.189117647058824
"3519","4868",4.102,0.802,1,0.361117647058824,0.440882352941177
"3520","4868",9.101,-0.058,1,0.361117647058824,-0.419117647058824
"3521","4868",10.405,-0.338,1,0.361117647058824,-0.699117647058824
"3522","4868",14.209,0.352,1,0.361117647058824,-0.00911764705882356
"3523","4868",-1.607,1.322,1,0.361117647058824,0.960882352941177
"3524","4868",9.368,-0.158,1,0.361117647058824,-0.519117647058824
"3525","4868",0.098,-0.198,1,0.361117647058824,-0.559117647058823
"3526","4868",5.071,-0.528,1,0.361117647058824,-0.889117647058824
"3527","4868",16.46,0.362,1,0.361117647058824,0.000882352941176445
"3528","4931",11.731,0.992,1,0.364758620689655,0.627241379310345
"3529","4931",19.996,0.902,1,0.364758620689655,0.537241379310345
"3530","4931",13.938,0.572,1,0.364758620689655,0.207241379310345
"3531","4931",12.188,-0.678,1,0.364758620689655,-1.04275862068966
"3532","4931",7.914,0.142,1,0.364758620689655,-0.222758620689655
"3533","4931",17.168,1.262,1,0.364758620689655,0.897241379310345
"3534","4931",23.528,0.952,1,0.364758620689655,0.587241379310345
"3535","4931",23.878,-0.038,1,0.364758620689655,-0.402758620689655
"3536","4931",20.876,0.652,1,0.364758620689655,0.287241379310345
"3537","4931",5.982,0.632,1,0.364758620689655,0.267241379310345
"3538","4931",9.801,0.412,1,0.364758620689655,0.0472413793103448
"3539","4931",23.023,-1.058,1,0.364758620689655,-1.42275862068966
"3540","4931",8.075,1.512,1,0.364758620689655,1.14724137931034
"3541","4931",13.499,0.602,1,0.364758620689655,0.237241379310345
"3542","4931",9.112,0.162,1,0.364758620689655,-0.202758620689655
"3543","4931",18.617,0.142,1,0.364758620689655,-0.222758620689655
"3544","4931",11.966,0.442,1,0.364758620689655,0.0772413793103449
"3545","4931",5.592,0.922,1,0.364758620689655,0.557241379310345
"3546","4931",21.358,-0.118,1,0.364758620689655,-0.482758620689655
"3547","4931",9.792,1.142,1,0.364758620689655,0.777241379310345
"3548","4931",10.018,0.142,1,0.364758620689655,-0.222758620689655
"3549","4931",12.89,-0.018,1,0.364758620689655,-0.382758620689655
"3550","4931",21.037,-0.298,1,0.364758620689655,-0.662758620689655
"3551","4931",16.75,0.392,1,0.364758620689655,0.0272413793103449
"3552","4931",12.406,0.162,1,0.364758620689655,-0.202758620689655
"3553","4931",22.432,0.282,1,0.364758620689655,-0.0827586206896552
"3554","4931",14.492,-0.148,1,0.364758620689655,-0.512758620689655
"3555","4931",10.421,0.732,1,0.364758620689655,0.367241379310345
"3556","4931",15.168,0.792,1,0.364758620689655,0.427241379310345
"3557","4931",4.447,-0.278,1,0.364758620689655,-0.642758620689655
"3558","4931",10.62,0.102,1,0.364758620689655,-0.262758620689655
"3559","4931",11.435,-0.748,1,0.364758620689655,-1.11275862068966
"3560","4931",18.775,0.922,1,0.364758620689655,0.557241379310345
"3561","4931",12.858,0.022,1,0.364758620689655,-0.342758620689655
"3562","4931",3.033,-1.788,1,0.364758620689655,-2.15275862068966
"3563","4931",21.534,0.762,1,0.364758620689655,0.397241379310345
"3564","4931",22.846,1.452,1,0.364758620689655,1.08724137931034
"3565","4931",12.577,1.362,1,0.364758620689655,0.997241379310345
"3566","4931",13.272,0.822,1,0.364758620689655,0.457241379310345
"3567","4931",12.773,0.162,1,0.364758620689655,-0.202758620689655
"3568","4931",15.267,0.742,1,0.364758620689655,0.377241379310345
"3569","4931",19.21,-0.398,1,0.364758620689655,-0.762758620689655
"3570","4931",15.758,0.052,1,0.364758620689655,-0.312758620689655
"3571","4931",8.39,-0.678,1,0.364758620689655,-1.04275862068966
"3572","4931",8.463,0.132,1,0.364758620689655,-0.232758620689655
"3573","4931",11.085,1.212,1,0.364758620689655,0.847241379310345
"3574","4931",12.201,0.932,1,0.364758620689655,0.567241379310345
"3575","4931",17.529,1.192,1,0.364758620689655,0.827241379310345
"3576","4931",9.183,-0.618,1,0.364758620689655,-0.982758620689655
"3577","4931",15.265,0.712,1,0.364758620689655,0.347241379310345
"3578","4931",9.276,0.972,1,0.364758620689655,0.607241379310345
"3579","4931",20.194,1.082,1,0.364758620689655,0.717241379310345
"3580","4931",7.125,0.622,1,0.364758620689655,0.257241379310345
"3581","4931",7.555,-0.018,1,0.364758620689655,-0.382758620689655
"3582","4931",17.332,-0.208,1,0.364758620689655,-0.572758620689655
"3583","4931",7.85,1.192,1,0.364758620689655,0.827241379310345
"3584","4931",16.616,0.512,1,0.364758620689655,0.147241379310345
"3585","4931",13.75,-0.658,1,0.364758620689655,-1.02275862068966
"3586","5192",2.35,-0.018,1,-0.0637142857142857,0.0457142857142857
"3587","5192",2.839,1.072,1,-0.0637142857142857,1.13571428571429
"3588","5192",4.057,-0.358,1,-0.0637142857142857,-0.294285714285714
"3589","5192",3.418,-1.098,1,-0.0637142857142857,-1.03428571428571
"3590","5192",17.088,0.392,1,-0.0637142857142857,0.455714285714286
"3591","5192",15.389,-0.598,1,-0.0637142857142857,-0.534285714285714
"3592","5192",10.63,-0.828,1,-0.0637142857142857,-0.764285714285714
"3593","5192",6.166,0.262,1,-0.0637142857142857,0.325714285714286
"3594","5192",5.043,1.192,1,-0.0637142857142857,1.25571428571429
"3595","5192",17.913,1.342,1,-0.0637142857142857,1.40571428571429
"3596","5192",15.054,-1.278,1,-0.0637142857142857,-1.21428571428571
"3597","5192",17.072,-0.918,1,-0.0637142857142857,-0.854285714285714
"3598","5192",19.141,-0.648,1,-0.0637142857142857,-0.584285714285714
"3599","5192",-0.576,-0.538,1,-0.0637142857142857,-0.474285714285714
"3600","5192",4.88,-0.368,1,-0.0637142857142857,-0.304285714285714
"3601","5192",5.137,-1.218,1,-0.0637142857142857,-1.15428571428571
"3602","5192",4.311,-0.888,1,-0.0637142857142857,-0.824285714285714
"3603","5192",13.482,0.252,1,-0.0637142857142857,0.315714285714286
"3604","5192",0.313,-0.528,1,-0.0637142857142857,-0.464285714285714
"3605","5192",17.158,-0.568,1,-0.0637142857142857,-0.504285714285714
"3606","5192",15.37,0.032,1,-0.0637142857142857,0.0957142857142857
"3607","5192",10.721,0.352,1,-0.0637142857142857,0.415714285714286
"3608","5192",22.451,1.262,1,-0.0637142857142857,1.32571428571429
"3609","5192",19.575,0.372,1,-0.0637142857142857,0.435714285714286
"3610","5192",21.91,0.752,1,-0.0637142857142857,0.815714285714286
"3611","5192",10.97,-0.468,1,-0.0637142857142857,-0.404285714285714
"3612","5192",3.943,1.202,1,-0.0637142857142857,1.26571428571429
"3613","5192",5.661,0.052,1,-0.0637142857142857,0.115714285714286
"3614","5404",24.993,0.612,1,0.824982456140351,-0.212982456140351
"3615","5404",5.868,1.182,1,0.824982456140351,0.357017543859649
"3616","5404",15.281,1.072,1,0.824982456140351,0.247017543859649
"3617","5404",13.555,1.152,1,0.824982456140351,0.327017543859649
"3618","5404",15.762,0.842,1,0.824982456140351,0.017017543859649
"3619","5404",20.144,0.862,1,0.824982456140351,0.0370175438596491
"3620","5404",16.423,0.622,1,0.824982456140351,-0.202982456140351
"3621","5404",4.072,0.442,1,0.824982456140351,-0.382982456140351
"3622","5404",16.985,1.422,1,0.824982456140351,0.597017543859649
"3623","5404",7.204,1.452,1,0.824982456140351,0.627017543859649
"3624","5404",20.379,0.992,1,0.824982456140351,0.167017543859649
"3625","5404",24.095,0.652,1,0.824982456140351,-0.172982456140351
"3626","5404",11.046,0.542,1,0.824982456140351,-0.282982456140351
"3627","5404",21.524,0.932,1,0.824982456140351,0.107017543859649
"3628","5404",17.537,1.122,1,0.824982456140351,0.297017543859649
"3629","5404",11.833,-0.318,1,0.824982456140351,-1.14298245614035
"3630","5404",19.467,0.242,1,0.824982456140351,-0.582982456140351
"3631","5404",3.552,0.802,1,0.824982456140351,-0.0229824561403509
"3632","5404",19.425,0.732,1,0.824982456140351,-0.0929824561403509
"3633","5404",17.994,1.012,1,0.824982456140351,0.187017543859649
"3634","5404",19.859,0.592,1,0.824982456140351,-0.232982456140351
"3635","5404",15.497,1.342,1,0.824982456140351,0.517017543859649
"3636","5404",24.138,0.932,1,0.824982456140351,0.107017543859649
"3637","5404",14.573,0.392,1,0.824982456140351,-0.432982456140351
"3638","5404",4.096,-0.358,1,0.824982456140351,-1.18298245614035
"3639","5404",8.47,0.532,1,0.824982456140351,-0.292982456140351
"3640","5404",20.776,-0.898,1,0.824982456140351,-1.72298245614035
"3641","5404",9.106,0.832,1,0.824982456140351,0.00701754385964903
"3642","5404",10.713,1.172,1,0.824982456140351,0.347017543859649
"3643","5404",10.817,-0.468,1,0.824982456140351,-1.29298245614035
"3644","5404",20.794,1.172,1,0.824982456140351,0.347017543859649
"3645","5404",7.128,1.072,1,0.824982456140351,0.247017543859649
"3646","5404",22.896,1.172,1,0.824982456140351,0.347017543859649
"3647","5404",16.895,0.422,1,0.824982456140351,-0.402982456140351
"3648","5404",8.215,0.482,1,0.824982456140351,-0.342982456140351
"3649","5404",4.837,0.982,1,0.824982456140351,0.157017543859649
"3650","5404",16.713,1.182,1,0.824982456140351,0.357017543859649
"3651","5404",14.106,-0.098,1,0.824982456140351,-0.922982456140351
"3652","5404",13.711,1.242,1,0.824982456140351,0.417017543859649
"3653","5404",17.312,0.952,1,0.824982456140351,0.127017543859649
"3654","5404",12.411,1.262,1,0.824982456140351,0.437017543859649
"3655","5404",14.927,1.072,1,0.824982456140351,0.247017543859649
"3656","5404",18.802,0.902,1,0.824982456140351,0.0770175438596491
"3657","5404",22.08,1.512,1,0.824982456140351,0.687017543859649
"3658","5404",9.395,0.762,1,0.824982456140351,-0.0629824561403509
"3659","5404",24.479,1.072,1,0.824982456140351,0.247017543859649
"3660","5404",9.987,0.702,1,0.824982456140351,-0.122982456140351
"3661","5404",16.574,0.902,1,0.824982456140351,0.0770175438596491
"3662","5404",23.81,0.452,1,0.824982456140351,-0.372982456140351
"3663","5404",17.163,1.122,1,0.824982456140351,0.297017543859649
"3664","5404",21.819,1.302,1,0.824982456140351,0.477017543859649
"3665","5404",20.686,1.182,1,0.824982456140351,0.357017543859649
"3666","5404",19.015,1.512,1,0.824982456140351,0.687017543859649
"3667","5404",13.664,1.262,1,0.824982456140351,0.437017543859649
"3668","5404",23.137,0.932,1,0.824982456140351,0.107017543859649
"3669","5404",4.682,1.422,1,0.824982456140351,0.597017543859649
"3670","5404",18.232,0.632,1,0.824982456140351,-0.192982456140351
"3671","5619",22.521,1.362,1,0.420333333333333,0.941666666666667
"3672","5619",24.133,0.502,1,0.420333333333333,0.0816666666666667
"3673","5619",6.756,-0.858,1,0.420333333333333,-1.27833333333333
"3674","5619",16.338,-0.098,1,0.420333333333333,-0.518333333333333
"3675","5619",4.408,0.162,1,0.420333333333333,-0.258333333333333
"3676","5619",6.388,0.542,1,0.420333333333333,0.121666666666667
"3677","5619",23.566,1.012,1,0.420333333333333,0.591666666666667
"3678","5619",18.315,0.772,1,0.420333333333333,0.351666666666667
"3679","5619",16.721,-0.728,1,0.420333333333333,-1.14833333333333
"3680","5619",24.993,0.842,1,0.420333333333333,0.421666666666667
"3681","5619",19.032,0.782,1,0.420333333333333,0.361666666666667
"3682","5619",21.031,0.582,1,0.420333333333333,0.161666666666667
"3683","5619",18.6,1.422,1,0.420333333333333,1.00166666666667
"3684","5619",21.666,1.512,1,0.420333333333333,1.09166666666667
"3685","5619",0.452,-0.288,1,0.420333333333333,-0.708333333333333
"3686","5619",-0.368,-1.258,1,0.420333333333333,-1.67833333333333
"3687","5619",17.817,0.182,1,0.420333333333333,-0.238333333333333
"3688","5619",11.827,0.842,1,0.420333333333333,0.421666666666667
"3689","5619",14.457,1.182,1,0.420333333333333,0.761666666666667
"3690","5619",18.272,-0.338,1,0.420333333333333,-0.758333333333333
"3691","5619",12.905,0.362,1,0.420333333333333,-0.0583333333333333
"3692","5619",15.936,0.412,1,0.420333333333333,-0.00833333333333336
"3693","5619",23.746,1.122,1,0.420333333333333,0.701666666666667
"3694","5619",19.757,0.922,1,0.420333333333333,0.501666666666667
"3695","5619",18.915,1.292,1,0.420333333333333,0.871666666666667
"3696","5619",23.124,-0.118,1,0.420333333333333,-0.538333333333333
"3697","5619",17.193,0.772,1,0.420333333333333,0.351666666666667
"3698","5619",24.133,-0.098,1,0.420333333333333,-0.518333333333333
"3699","5619",16.703,0.562,1,0.420333333333333,0.141666666666667
"3700","5619",20.17,0.972,1,0.420333333333333,0.551666666666667
"3701","5619",15.977,0.912,1,0.420333333333333,0.491666666666667
"3702","5619",23.043,0.632,1,0.420333333333333,0.211666666666667
"3703","5619",22.051,1.062,1,0.420333333333333,0.641666666666667
"3704","5619",10.506,-0.478,1,0.420333333333333,-0.898333333333333
"3705","5619",21.451,0.412,1,0.420333333333333,-0.00833333333333336
"3706","5619",1.135,-0.728,1,0.420333333333333,-1.14833333333333
"3707","5619",18.737,0.522,1,0.420333333333333,0.101666666666667
"3708","5619",16.443,0.042,1,0.420333333333333,-0.378333333333333
"3709","5619",7.751,0.202,1,0.420333333333333,-0.218333333333333
"3710","5619",14.44,0.932,1,0.420333333333333,0.511666666666667
"3711","5619",1.701,0.472,1,0.420333333333333,0.0516666666666666
"3712","5619",9.264,0.542,1,0.420333333333333,0.121666666666667
"3713","5619",18.749,0.102,1,0.420333333333333,-0.318333333333333
"3714","5619",19.491,0.312,1,0.420333333333333,-0.108333333333333
"3715","5619",17.474,0.112,1,0.420333333333333,-0.308333333333333
"3716","5619",3.352,0.252,1,0.420333333333333,-0.168333333333333
"3717","5619",18.116,0.792,1,0.420333333333333,0.371666666666667
"3718","5619",22.08,0.562,1,0.420333333333333,0.141666666666667
"3719","5619",3.254,0.612,1,0.420333333333333,0.191666666666667
"3720","5619",8.529,0.642,1,0.420333333333333,0.221666666666667
"3721","5619",24.247,0.062,1,0.420333333333333,-0.358333333333333
"3722","5619",14.76,1.282,1,0.420333333333333,0.861666666666667
"3723","5619",24.479,0.562,1,0.420333333333333,0.141666666666667
"3724","5619",2.866,-1.048,1,0.420333333333333,-1.46833333333333
"3725","5619",16.236,0.842,1,0.420333333333333,0.421666666666667
"3726","5619",22.517,0.932,1,0.420333333333333,0.511666666666667
"3727","5619",11.755,-0.188,1,0.420333333333333,-0.608333333333333
"3728","5619",24.479,0.032,1,0.420333333333333,-0.388333333333333
"3729","5619",9.939,0.372,1,0.420333333333333,-0.0483333333333333
"3730","5619",23.062,0.932,1,0.420333333333333,0.511666666666667
"3731","5619",9.572,0.752,1,0.420333333333333,0.331666666666667
"3732","5619",8.647,0.082,1,0.420333333333333,-0.338333333333333
"3733","5619",17.795,0.392,1,0.420333333333333,-0.0283333333333333
"3734","5619",-0.988,0.542,1,0.420333333333333,0.121666666666667
"3735","5619",16.649,0.172,1,0.420333333333333,-0.248333333333333
"3736","5619",18.406,-0.218,1,0.420333333333333,-0.638333333333333
"3737","5640",11.876,0.512,0,-0.17659649122807,0.68859649122807
"3738","5640",14.283,-1.068,0,-0.17659649122807,-0.89140350877193
"3739","5640",3.714,-0.458,0,-0.17659649122807,-0.28140350877193
"3740","5640",23.048,0.632,0,-0.17659649122807,0.80859649122807
"3741","5640",18.066,-0.038,0,-0.17659649122807,0.13859649122807
"3742","5640",1.427,-0.768,0,-0.17659649122807,-0.59140350877193
"3743","5640",7.582,-0.518,0,-0.17659649122807,-0.34140350877193
"3744","5640",24.107,0.262,0,-0.17659649122807,0.43859649122807
"3745","5640",23.424,-0.798,0,-0.17659649122807,-0.62140350877193
"3746","5640",7.261,-0.078,0,-0.17659649122807,0.0985964912280702
"3747","5640",0.443,0.252,0,-0.17659649122807,0.42859649122807
"3748","5640",12.338,-0.138,0,-0.17659649122807,0.0385964912280702
"3749","5640",6.035,-0.058,0,-0.17659649122807,0.11859649122807
"3750","5640",10.579,0.532,0,-0.17659649122807,0.70859649122807
"3751","5640",18.225,0.332,0,-0.17659649122807,0.50859649122807
"3752","5640",10.193,-0.978,0,-0.17659649122807,-0.80140350877193
"3753","5640",19.16,0.832,0,-0.17659649122807,1.00859649122807
"3754","5640",9.223,-0.548,0,-0.17659649122807,-0.37140350877193
"3755","5640",20.145,-0.648,0,-0.17659649122807,-0.47140350877193
"3756","5640",7.131,-1.198,0,-0.17659649122807,-1.02140350877193
"3757","5640",3.927,-1.168,0,-0.17659649122807,-0.99140350877193
"3758","5640",16.722,-0.648,0,-0.17659649122807,-0.47140350877193
"3759","5640",20.907,0.972,0,-0.17659649122807,1.14859649122807
"3760","5640",22.406,0.072,0,-0.17659649122807,0.24859649122807
"3761","5640",24.545,-0.468,0,-0.17659649122807,-0.29140350877193
"3762","5640",21.579,-0.658,0,-0.17659649122807,-0.48140350877193
"3763","5640",16.509,-0.118,0,-0.17659649122807,0.0585964912280702
"3764","5640",11.534,-0.368,0,-0.17659649122807,-0.19140350877193
"3765","5640",16.197,0.752,0,-0.17659649122807,0.92859649122807
"3766","5640",22.107,-0.508,0,-0.17659649122807,-0.33140350877193
"3767","5640",23.768,0.012,0,-0.17659649122807,0.18859649122807
"3768","5640",4.037,-0.818,0,-0.17659649122807,-0.64140350877193
"3769","5640",9.231,-0.808,0,-0.17659649122807,-0.63140350877193
"3770","5640",8.276,-0.748,0,-0.17659649122807,-0.57140350877193
"3771","5640",17.085,0.012,0,-0.17659649122807,0.18859649122807
"3772","5640",13,-0.448,0,-0.17659649122807,-0.27140350877193
"3773","5640",22.373,0.592,0,-0.17659649122807,0.76859649122807
"3774","5640",11.281,1.092,0,-0.17659649122807,1.26859649122807
"3775","5640",11.11,-0.848,0,-0.17659649122807,-0.67140350877193
"3776","5640",2.215,-0.938,0,-0.17659649122807,-0.76140350877193
"3777","5640",19.515,-0.068,0,-0.17659649122807,0.10859649122807
"3778","5640",16.212,-0.308,0,-0.17659649122807,-0.13140350877193
"3779","5640",13.876,-0.078,0,-0.17659649122807,0.0985964912280702
"3780","5640",0.614,0.202,0,-0.17659649122807,0.37859649122807
"3781","5640",11.116,-0.348,0,-0.17659649122807,-0.17140350877193
"3782","5640",23.525,0.892,0,-0.17659649122807,1.06859649122807
"3783","5640",8.389,-1.138,0,-0.17659649122807,-0.96140350877193
"3784","5640",9.056,0.252,0,-0.17659649122807,0.42859649122807
"3785","5640",14.699,-0.268,0,-0.17659649122807,-0.0914035087719298
"3786","5640",15.758,0.572,0,-0.17659649122807,0.74859649122807
"3787","5640",0.718,0.182,0,-0.17659649122807,0.35859649122807
"3788","5640",15.058,-0.078,0,-0.17659649122807,0.0985964912280702
"3789","5640",4.067,0.022,0,-0.17659649122807,0.19859649122807
"3790","5640",11.902,0.132,0,-0.17659649122807,0.30859649122807
"3791","5640",5.915,-0.588,0,-0.17659649122807,-0.41140350877193
"3792","5640",9.314,-0.358,0,-0.17659649122807,-0.18140350877193
"3793","5640",23.323,-0.108,0,-0.17659649122807,0.0685964912280702
"3794","5650",22.587,0.292,1,0.0224444444444445,0.269555555555556
"3795","5650",7.633,-0.948,1,0.0224444444444445,-0.970444444444444
"3796","5650",8.49,-0.758,1,0.0224444444444445,-0.780444444444444
"3797","5650",4.682,0.482,1,0.0224444444444445,0.459555555555556
"3798","5650",14.866,-0.238,1,0.0224444444444445,-0.260444444444444
"3799","5650",23.38,0.152,1,0.0224444444444445,0.129555555555556
"3800","5650",22.067,1.262,1,0.0224444444444445,1.23955555555556
"3801","5650",5.191,0.812,1,0.0224444444444445,0.789555555555556
"3802","5650",4.527,1.072,1,0.0224444444444445,1.04955555555556
"3803","5650",3.422,-0.618,1,0.0224444444444445,-0.640444444444444
"3804","5650",8.034,-0.048,1,0.0224444444444445,-0.0704444444444444
"3805","5650",6.552,-0.838,1,0.0224444444444445,-0.860444444444444
"3806","5650",12.125,0.092,1,0.0224444444444445,0.0695555555555556
"3807","5650",4.275,-0.508,1,0.0224444444444445,-0.530444444444444
"3808","5650",15.026,0.052,1,0.0224444444444445,0.0295555555555555
"3809","5650",22.924,0.292,1,0.0224444444444445,0.269555555555556
"3810","5650",13.331,1.252,1,0.0224444444444445,1.22955555555556
"3811","5650",16.641,-0.748,1,0.0224444444444445,-0.770444444444444
"3812","5650",20.907,-0.768,1,0.0224444444444445,-0.790444444444445
"3813","5650",12.525,-0.088,1,0.0224444444444445,-0.110444444444444
"3814","5650",10.527,-0.578,1,0.0224444444444445,-0.600444444444444
"3815","5650",17.991,0.872,1,0.0224444444444445,0.849555555555556
"3816","5650",17.392,-0.868,1,0.0224444444444445,-0.890444444444444
"3817","5650",19.762,-0.868,1,0.0224444444444445,-0.890444444444444
"3818","5650",13.835,-0.528,1,0.0224444444444445,-0.550444444444445
"3819","5650",19.858,-0.198,1,0.0224444444444445,-0.220444444444444
"3820","5650",8.526,-0.288,1,0.0224444444444445,-0.310444444444444
"3821","5650",22.974,-0.378,1,0.0224444444444445,-0.400444444444444
"3822","5650",16.722,0.152,1,0.0224444444444445,0.129555555555556
"3823","5650",19.312,-0.358,1,0.0224444444444445,-0.380444444444444
"3824","5650",9.117,0.302,1,0.0224444444444445,0.279555555555556
"3825","5650",4.294,-0.688,1,0.0224444444444445,-0.710444444444444
"3826","5650",8.507,1.262,1,0.0224444444444445,1.23955555555556
"3827","5650",12.438,0.922,1,0.0224444444444445,0.899555555555556
"3828","5650",13.508,1.512,1,0.0224444444444445,1.48955555555556
"3829","5650",8.368,-1.538,1,0.0224444444444445,-1.56044444444444
"3830","5650",10.519,0.482,1,0.0224444444444445,0.459555555555556
"3831","5650",10.958,-0.318,1,0.0224444444444445,-0.340444444444444
"3832","5650",18.266,1.302,1,0.0224444444444445,1.27955555555556
"3833","5650",17.392,1.422,1,0.0224444444444445,1.39955555555556
"3834","5650",23.28,-0.038,1,0.0224444444444445,-0.0604444444444445
"3835","5650",22.229,-0.468,1,0.0224444444444445,-0.490444444444444
"3836","5650",20.789,-1.208,1,0.0224444444444445,-1.23044444444444
"3837","5650",23.28,0.682,1,0.0224444444444445,0.659555555555556
"3838","5650",23.28,0.222,1,0.0224444444444445,0.199555555555556
"3839","5667",10.697,-0.188,1,0.419049180327869,-0.607049180327869
"3840","5667",14.909,0.062,1,0.419049180327869,-0.357049180327869
"3841","5667",23.249,1.062,1,0.419049180327869,0.642950819672131
"3842","5667",15.319,0.272,1,0.419049180327869,-0.147049180327869
"3843","5667",0.258,-1.328,1,0.419049180327869,-1.74704918032787
"3844","5667",5.902,1.512,1,0.419049180327869,1.09295081967213
"3845","5667",23.785,1.002,1,0.419049180327869,0.582950819672131
"3846","5667",10.478,-0.498,1,0.419049180327869,-0.917049180327869
"3847","5667",16.752,-0.368,1,0.419049180327869,-0.787049180327869
"3848","5667",18.184,1.122,1,0.419049180327869,0.702950819672131
"3849","5667",6.094,-0.098,1,0.419049180327869,-0.517049180327869
"3850","5667",16.269,1.092,1,0.419049180327869,0.672950819672131
"3851","5667",10.989,0.652,1,0.419049180327869,0.232950819672131
"3852","5667",21.097,0.632,1,0.419049180327869,0.212950819672131
"3853","5667",23.033,-0.778,1,0.419049180327869,-1.19704918032787
"3854","5667",22.544,0.202,1,0.419049180327869,-0.217049180327869
"3855","5667",12.413,0.862,1,0.419049180327869,0.442950819672131
"3856","5667",8.169,0.792,1,0.419049180327869,0.372950819672131
"3857","5667",10.373,0.702,1,0.419049180327869,0.282950819672131
"3858","5667",23.882,0.792,1,0.419049180327869,0.372950819672131
"3859","5667",15.745,0.332,1,0.419049180327869,-0.0870491803278688
"3860","5667",17.765,0.232,1,0.419049180327869,-0.187049180327869
"3861","5667",15.826,1.072,1,0.419049180327869,0.652950819672131
"3862","5667",-2.832,0.092,1,0.419049180327869,-0.327049180327869
"3863","5667",4.618,0.532,1,0.419049180327869,0.112950819672131
"3864","5667",22.889,0.652,1,0.419049180327869,0.232950819672131
"3865","5667",6.967,-0.888,1,0.419049180327869,-1.30704918032787
"3866","5667",17.9,1.422,1,0.419049180327869,1.00295081967213
"3867","5667",9.743,0.832,1,0.419049180327869,0.412950819672131
"3868","5667",11.893,0.482,1,0.419049180327869,0.0629508196721311
"3869","5667",10.489,-0.838,1,0.419049180327869,-1.25704918032787
"3870","5667",13.437,0.762,1,0.419049180327869,0.342950819672131
"3871","5667",8.954,0.662,1,0.419049180327869,0.242950819672131
"3872","5667",18.773,0.852,1,0.419049180327869,0.432950819672131
"3873","5667",17.974,0.462,1,0.419049180327869,0.0429508196721312
"3874","5667",18.454,0.582,1,0.419049180327869,0.162950819672131
"3875","5667",21.319,-0.158,1,0.419049180327869,-0.577049180327869
"3876","5667",12.882,1.122,1,0.419049180327869,0.702950819672131
"3877","5667",21.283,0.252,1,0.419049180327869,-0.167049180327869
"3878","5667",17.112,0.292,1,0.419049180327869,-0.127049180327869
"3879","5667",14.859,1.332,1,0.419049180327869,0.912950819672131
"3880","5667",11.141,-0.388,1,0.419049180327869,-0.807049180327869
"3881","5667",0.977,-0.648,1,0.419049180327869,-1.06704918032787
"3882","5667",13.138,0.432,1,0.419049180327869,0.0129508196721311
"3883","5667",7.965,0.182,1,0.419049180327869,-0.237049180327869
"3884","5667",24.067,0.582,1,0.419049180327869,0.162950819672131
"3885","5667",15.409,0.322,1,0.419049180327869,-0.0970491803278689
"3886","5667",9.903,0.502,1,0.419049180327869,0.0829508196721311
"3887","5667",12.336,0.892,1,0.419049180327869,0.472950819672131
"3888","5667",21.533,-0.158,1,0.419049180327869,-0.577049180327869
"3889","5667",11.286,0.842,1,0.419049180327869,0.422950819672131
"3890","5667",12.331,0.762,1,0.419049180327869,0.342950819672131
"3891","5667",13.813,-0.298,1,0.419049180327869,-0.717049180327869
"3892","5667",23.053,1.512,1,0.419049180327869,1.09295081967213
"3893","5667",5.812,0.032,1,0.419049180327869,-0.387049180327869
"3894","5667",17.271,0.832,1,0.419049180327869,0.412950819672131
"3895","5667",0.767,-0.468,1,0.419049180327869,-0.887049180327869
"3896","5667",4.68,0.712,1,0.419049180327869,0.292950819672131
"3897","5667",14.796,0.472,1,0.419049180327869,0.0529508196721311
"3898","5667",21.514,1.202,1,0.419049180327869,0.782950819672131
"3899","5667",8.234,0.662,1,0.419049180327869,0.242950819672131
"3900","5720",19.196,0.432,1,0.0325660377358491,0.399433962264151
"3901","5720",13.754,-0.838,1,0.0325660377358491,-0.870566037735849
"3902","5720",12.43,-0.068,1,0.0325660377358491,-0.100566037735849
"3903","5720",11.871,0.502,1,0.0325660377358491,0.469433962264151
"3904","5720",13.289,-1.228,1,0.0325660377358491,-1.26056603773585
"3905","5720",0.829,0.302,1,0.0325660377358491,0.269433962264151
"3906","5720",18.8,0.502,1,0.0325660377358491,0.469433962264151
"3907","5720",13.086,-0.298,1,0.0325660377358491,-0.330566037735849
"3908","5720",21.361,0.382,1,0.0325660377358491,0.349433962264151
"3909","5720",8.259,-0.238,1,0.0325660377358491,-0.270566037735849
"3910","5720",17.248,-0.528,1,0.0325660377358491,-0.560566037735849
"3911","5720",9.757,-0.658,1,0.0325660377358491,-0.690566037735849
"3912","5720",20.765,0.502,1,0.0325660377358491,0.469433962264151
"3913","5720",15.896,-0.078,1,0.0325660377358491,-0.110566037735849
"3914","5720",23.912,0.322,1,0.0325660377358491,0.289433962264151
"3915","5720",24.075,1.182,1,0.0325660377358491,1.14943396226415
"3916","5720",12.851,-0.498,1,0.0325660377358491,-0.530566037735849
"3917","5720",14.649,-0.898,1,0.0325660377358491,-0.930566037735849
"3918","5720",14.477,-0.948,1,0.0325660377358491,-0.980566037735849
"3919","5720",14.68,0.352,1,0.0325660377358491,0.319433962264151
"3920","5720",14.966,-0.818,1,0.0325660377358491,-0.850566037735849
"3921","5720",3.265,-0.318,1,0.0325660377358491,-0.350566037735849
"3922","5720",12.149,-0.508,1,0.0325660377358491,-0.540566037735849
"3923","5720",17.187,-0.718,1,0.0325660377358491,-0.750566037735849
"3924","5720",22.829,0.652,1,0.0325660377358491,0.619433962264151
"3925","5720",8.342,-0.678,1,0.0325660377358491,-0.710566037735849
"3926","5720",12.428,-0.038,1,0.0325660377358491,-0.0705660377358491
"3927","5720",10.315,0.772,1,0.0325660377358491,0.739433962264151
"3928","5720",7.136,-0.688,1,0.0325660377358491,-0.720566037735849
"3929","5720",20.504,0.592,1,0.0325660377358491,0.559433962264151
"3930","5720",10.669,-0.448,1,0.0325660377358491,-0.480566037735849
"3931","5720",9.064,0.092,1,0.0325660377358491,0.0594339622641509
"3932","5720",15.664,0.202,1,0.0325660377358491,0.169433962264151
"3933","5720",7.728,0.512,1,0.0325660377358491,0.479433962264151
"3934","5720",23.525,0.632,1,0.0325660377358491,0.599433962264151
"3935","5720",18.493,-0.978,1,0.0325660377358491,-1.01056603773585
"3936","5720",-1.472,-0.628,1,0.0325660377358491,-0.660566037735849
"3937","5720",18.714,0.442,1,0.0325660377358491,0.409433962264151
"3938","5720",9.484,0.792,1,0.0325660377358491,0.759433962264151
"3939","5720",13.265,0.132,1,0.0325660377358491,0.0994339622641509
"3940","5720",19.945,0.132,1,0.0325660377358491,0.0994339622641509
"3941","5720",12.012,1.082,1,0.0325660377358491,1.04943396226415
"3942","5720",17.221,-0.438,1,0.0325660377358491,-0.470566037735849
"3943","5720",10.385,-0.468,1,0.0325660377358491,-0.500566037735849
"3944","5720",10.822,0.012,1,0.0325660377358491,-0.0205660377358491
"3945","5720",12.55,-0.308,1,0.0325660377358491,-0.340566037735849
"3946","5720",15.371,0.262,1,0.0325660377358491,0.229433962264151
"3947","5720",22.465,0.922,1,0.0325660377358491,0.889433962264151
"3948","5720",8.652,0.572,1,0.0325660377358491,0.539433962264151
"3949","5720",21.794,-0.888,1,0.0325660377358491,-0.920566037735849
"3950","5720",18.241,1.132,1,0.0325660377358491,1.09943396226415
"3951","5720",13.712,1.122,1,0.0325660377358491,1.08943396226415
"3952","5720",18.352,1.392,1,0.0325660377358491,1.35943396226415
"3953","5761",2.076,-1.118,1,-0.323,-0.795
"3954","5761",5.797,0.392,1,-0.323,0.715
"3955","5761",6.037,-0.528,1,-0.323,-0.205
"3956","5761",9.889,1.402,1,-0.323,1.725
"3957","5761",11.618,0.182,1,-0.323,0.505
"3958","5761",5.364,-0.708,1,-0.323,-0.385
"3959","5761",14.633,-0.018,1,-0.323,0.305
"3960","5761",4.153,-1.238,1,-0.323,-0.915
"3961","5761",6.712,-0.938,1,-0.323,-0.615
"3962","5761",17.514,-0.718,1,-0.323,-0.395
"3963","5761",21.233,-0.348,1,-0.323,-0.025
"3964","5761",9.544,-1.368,1,-0.323,-1.045
"3965","5761",-1.408,-1.758,1,-0.323,-1.435
"3966","5761",8.393,-1.278,1,-0.323,-0.955
"3967","5761",21.39,1.252,1,-0.323,1.575
"3968","5761",17.157,0.472,1,-0.323,0.795
"3969","5761",7.344,-0.118,1,-0.323,0.205
"3970","5761",2.407,-0.078,1,-0.323,0.245
"3971","5761",17.042,-0.858,1,-0.323,-0.535
"3972","5761",14.662,-0.168,1,-0.323,0.155
"3973","5761",15.794,-0.428,1,-0.323,-0.105
"3974","5761",16.481,-0.198,1,-0.323,0.125
"3975","5761",20.99,-0.798,1,-0.323,-0.475
"3976","5761",8.794,0.022,1,-0.323,0.345
"3977","5761",8.331,0.872,1,-0.323,1.195
"3978","5761",24.479,0.682,1,-0.323,1.005
"3979","5761",13.33,0.802,1,-0.323,1.125
"3980","5761",11.342,-0.278,1,-0.323,0.045
"3981","5761",16.773,1.182,1,-0.323,1.505
"3982","5761",21.633,-0.328,1,-0.323,-0.005
"3983","5761",17.92,-0.298,1,-0.323,0.025
"3984","5761",16.784,-0.258,1,-0.323,0.065
"3985","5761",13.7,0.272,1,-0.323,0.595
"3986","5761",3.422,-0.598,1,-0.323,-0.275
"3987","5761",4.462,-0.158,1,-0.323,0.165
"3988","5761",8.118,-0.668,1,-0.323,-0.345
"3989","5761",17.931,-0.768,1,-0.323,-0.445
"3990","5761",1.288,-0.028,1,-0.323,0.295
"3991","5761",14.836,0.842,1,-0.323,1.165
"3992","5761",6.861,-0.378,1,-0.323,-0.055
"3993","5761",14.872,-0.278,1,-0.323,0.045
"3994","5761",14.73,0.192,1,-0.323,0.515
"3995","5761",5.076,-0.558,1,-0.323,-0.235
"3996","5761",14.491,-1.128,1,-0.323,-0.805
"3997","5761",-0.493,-1.038,1,-0.323,-0.715
"3998","5761",10.084,-0.508,1,-0.323,-0.185
"3999","5761",17.565,-1.008,1,-0.323,-0.685
"4000","5761",5.655,-0.798,1,-0.323,-0.475
"4001","5761",15.644,-0.838,1,-0.323,-0.515
"4002","5761",-1.559,-0.708,1,-0.323,-0.385
"4003","5761",6.659,-0.898,1,-0.323,-0.575
"4004","5761",11.629,-1.178,1,-0.323,-0.855
"4005","5762",8.529,-1.308,0,-1.19394594594595,-0.114054054054054
"4006","5762",13.453,-0.828,0,-1.19394594594595,0.365945945945946
"4007","5762",10.81,-1.498,0,-1.19394594594595,-0.304054054054054
"4008","5762",0.585,-1.768,0,-1.19394594594595,-0.574054054054054
"4009","5762",-2.252,-1.028,0,-1.19394594594595,0.165945945945946
"4010","5762",2.633,-0.438,0,-1.19394594594595,0.755945945945946
"4011","5762",-2.55,-1.118,0,-1.19394594594595,0.0759459459459459
"4012","5762",3.284,-1.428,0,-1.19394594594595,-0.234054054054054
"4013","5762",2.43,-0.858,0,-1.19394594594595,0.335945945945946
"4014","5762",12.771,-1.758,0,-1.19394594594595,-0.564054054054054
"4015","5762",4.888,-1.448,0,-1.19394594594595,-0.254054054054054
"4016","5762",7.081,-1.358,0,-1.19394594594595,-0.164054054054054
"4017","5762",5.813,-1.848,0,-1.19394594594595,-0.654054054054054
"4018","5762",5.037,-1.648,0,-1.19394594594595,-0.454054054054054
"4019","5762",-2.224,-1.358,0,-1.19394594594595,-0.164054054054054
"4020","5762",6.524,-0.588,0,-1.19394594594595,0.605945945945946
"4021","5762",-2.721,-1.118,0,-1.19394594594595,0.0759459459459459
"4022","5762",0.193,-1.948,0,-1.19394594594595,-0.754054054054054
"4023","5762",0.959,0.052,0,-1.19394594594595,1.24594594594595
"4024","5762",6.366,-1.608,0,-1.19394594594595,-0.414054054054054
"4025","5762",4.423,-0.768,0,-1.19394594594595,0.425945945945946
"4026","5762",3.954,-2.078,0,-1.19394594594595,-0.884054054054054
"4027","5762",2.572,-1.488,0,-1.19394594594595,-0.294054054054054
"4028","5762",19.424,-0.838,0,-1.19394594594595,0.355945945945946
"4029","5762",7.094,-0.988,0,-1.19394594594595,0.205945945945946
"4030","5762",2.764,-0.898,0,-1.19394594594595,0.295945945945946
"4031","5762",3.73,-0.208,0,-1.19394594594595,0.985945945945946
"4032","5762",-0.754,-0.888,0,-1.19394594594595,0.305945945945946
"4033","5762",-2.832,-1.578,0,-1.19394594594595,-0.384054054054054
"4034","5762",1.045,-0.078,0,-1.19394594594595,1.11594594594595
"4035","5762",9.385,-1.308,0,-1.19394594594595,-0.114054054054054
"4036","5762",2.617,-1.368,0,-1.19394594594595,-0.174054054054054
"4037","5762",1.083,-1.118,0,-1.19394594594595,0.0759459459459459
"4038","5762",7.722,-1.238,0,-1.19394594594595,-0.0440540540540539
"4039","5762",5.312,-1.538,0,-1.19394594594595,-0.344054054054054
"4040","5762",0.569,-0.988,0,-1.19394594594595,0.205945945945946
"4041","5762",10.303,-1.908,0,-1.19394594594595,-0.714054054054054
"4042","5783",4.983,-0.548,0,0.173034482758621,-0.721034482758621
"4043","5783",9.725,0.322,0,0.173034482758621,0.148965517241379
"4044","5783",21.504,-0.728,0,0.173034482758621,-0.901034482758621
"4045","5783",11.637,0.022,0,0.173034482758621,-0.151034482758621
"4046","5783",4.858,-0.168,0,0.173034482758621,-0.341034482758621
"4047","5783",17.53,0.502,0,0.173034482758621,0.328965517241379
"4048","5783",0.148,-0.498,0,0.173034482758621,-0.671034482758621
"4049","5783",17.718,0.522,0,0.173034482758621,0.348965517241379
"4050","5783",1.288,0.612,0,0.173034482758621,0.438965517241379
"4051","5783",3.083,0.762,0,0.173034482758621,0.588965517241379
"4052","5783",18.026,1.002,0,0.173034482758621,0.828965517241379
"4053","5783",10.652,-0.538,0,0.173034482758621,-0.711034482758621
"4054","5783",20,-0.298,0,0.173034482758621,-0.471034482758621
"4055","5783",11.593,1.152,0,0.173034482758621,0.978965517241379
"4056","5783",17.416,-0.168,0,0.173034482758621,-0.341034482758621
"4057","5783",17.059,0.852,0,0.173034482758621,0.678965517241379
"4058","5783",9.413,0.342,0,0.173034482758621,0.168965517241379
"4059","5783",22.794,1.152,0,0.173034482758621,0.978965517241379
"4060","5783",15.456,-0.188,0,0.173034482758621,-0.361034482758621
"4061","5783",18.326,0.982,0,0.173034482758621,0.808965517241379
"4062","5783",13.009,0.272,0,0.173034482758621,0.0989655172413793
"4063","5783",7.417,-0.528,0,0.173034482758621,-0.701034482758621
"4064","5783",14.704,-0.348,0,0.173034482758621,-0.521034482758621
"4065","5783",10.927,0.742,0,0.173034482758621,0.568965517241379
"4066","5783",22.541,1.122,0,0.173034482758621,0.948965517241379
"4067","5783",21.141,0.822,0,0.173034482758621,0.648965517241379
"4068","5783",5.499,-2.328,0,0.173034482758621,-2.50103448275862
"4069","5783",17.287,0.492,0,0.173034482758621,0.318965517241379
"4070","5783",15.626,-0.318,0,0.173034482758621,-0.491034482758621
"4071","5815",5.964,-1.828,0,-0.68,-1.148
"4072","5815",0.842,-1.478,0,-0.68,-0.798
"4073","5815",5.271,-1.068,0,-0.68,-0.388
"4074","5815",17.43,-0.228,0,-0.68,0.452
"4075","5815",10.485,0.292,0,-0.68,0.972
"4076","5815",0.371,-0.818,0,-0.68,-0.138
"4077","5815",12.521,-0.228,0,-0.68,0.452
"4078","5815",2.865,-0.718,0,-0.68,-0.0379999999999999
"4079","5815",12.484,-0.048,0,-0.68,0.632
"4080","5815",14.206,-0.718,0,-0.68,-0.0379999999999999
"4081","5815",19.598,-0.588,0,-0.68,0.0920000000000001
"4082","5815",6.707,-0.518,0,-0.68,0.162
"4083","5815",3.9,-0.268,0,-0.68,0.412
"4084","5815",1.27,-1.768,0,-0.68,-1.088
"4085","5815",11.182,-0.918,0,-0.68,-0.238
"4086","5815",-1.603,-0.778,0,-0.68,-0.098
"4087","5815",14.165,-1.018,0,-0.68,-0.338
"4088","5815",2.04,-0.568,0,-0.68,0.112
"4089","5815",7.123,-0.688,0,-0.68,-0.0079999999999999
"4090","5815",5.443,0.182,0,-0.68,0.862
"4091","5815",6.44,-0.038,0,-0.68,0.642
"4092","5815",3.778,-1.488,0,-0.68,-0.808
"4093","5815",5.034,-1.018,0,-0.68,-0.338
"4094","5815",3.278,-0.008,0,-0.68,0.672
"4095","5815",10.99,-0.678,0,-0.68,0.002
"4096","5819",5.698,0.332,0,0.1816,0.1504
"4097","5819",1.068,-0.768,0,0.1816,-0.9496
"4098","5819",13.427,-0.238,0,0.1816,-0.4196
"4099","5819",13.702,-0.238,0,0.1816,-0.4196
"4100","5819",11.802,1.312,0,0.1816,1.1304
"4101","5819",14.658,0.822,0,0.1816,0.6404
"4102","5819",18.881,-0.188,0,0.1816,-0.3696
"4103","5819",2.191,-0.088,0,0.1816,-0.2696
"4104","5819",5.19,0.442,0,0.1816,0.2604
"4105","5819",19.487,0.332,0,0.1816,0.1504
"4106","5819",7.381,0.182,0,0.1816,0.000399999999999984
"4107","5819",9.741,0.882,0,0.1816,0.7004
"4108","5819",11.149,0.692,0,0.1816,0.5104
"4109","5819",16.246,1.212,0,0.1816,1.0304
"4110","5819",7.782,0.072,0,0.1816,-0.1096
"4111","5819",19.357,-1.078,0,0.1816,-1.2596
"4112","5819",15.575,0.792,0,0.1816,0.6104
"4113","5819",15.669,1.262,0,0.1816,1.0804
"4114","5819",15.108,-1.118,0,0.1816,-1.2996
"4115","5819",11.933,-0.658,0,0.1816,-0.8396
"4116","5819",6.032,-0.888,0,0.1816,-1.0696
"4117","5819",23.185,-0.308,0,0.1816,-0.4896
"4118","5819",1.584,0.082,0,0.1816,-0.0996
"4119","5819",2.272,0.022,0,0.1816,-0.1596
"4120","5819",16.837,0.312,0,0.1816,0.1304
"4121","5819",16.688,0.692,0,0.1816,0.5104
"4122","5819",13.652,0.782,0,0.1816,0.6004
"4123","5819",5.825,0.072,0,0.1816,-0.1096
"4124","5819",24.812,0.552,0,0.1816,0.3704
"4125","5819",16.936,0.142,0,0.1816,-0.0396
"4126","5819",24.483,1.072,0,0.1816,0.8904
"4127","5819",7.492,1.022,0,0.1816,0.8404
"4128","5819",3.886,-0.348,0,0.1816,-0.5296
"4129","5819",-2.132,0.262,0,0.1816,0.0804
"4130","5819",18.62,0.192,0,0.1816,0.0104
"4131","5819",16.084,0.592,0,0.1816,0.4104
"4132","5819",20.441,0.592,0,0.1816,0.4104
"4133","5819",3.237,0.462,0,0.1816,0.2804
"4134","5819",18.142,-0.078,0,0.1816,-0.2596
"4135","5819",10.165,0.302,0,0.1816,0.1204
"4136","5819",24.479,-0.088,0,0.1816,-0.2696
"4137","5819",3.615,-0.608,0,0.1816,-0.7896
"4138","5819",12.465,0.152,0,0.1816,-0.0296
"4139","5819",14.736,-0.008,0,0.1816,-0.1896
"4140","5819",13.854,0.002,0,0.1816,-0.1796
"4141","5819",18.01,0.792,0,0.1816,0.6104
"4142","5819",11.794,0.302,0,0.1816,0.1204
"4143","5819",13.848,-0.088,0,0.1816,-0.2696
"4144","5819",12.192,-0.998,0,0.1816,-1.1796
"4145","5819",-2.334,0.132,0,0.1816,-0.0496
"4146","5838",13.903,-0.038,0,0.156516129032258,-0.194516129032258
"4147","5838",14.123,0.772,0,0.156516129032258,0.615483870967742
"4148","5838",24.133,0.152,0,0.156516129032258,-0.00451612903225806
"4149","5838",22.449,0.842,0,0.156516129032258,0.685483870967742
"4150","5838",10.225,-0.188,0,0.156516129032258,-0.344516129032258
"4151","5838",5.441,-0.118,0,0.156516129032258,-0.274516129032258
"4152","5838",7.477,-0.168,0,0.156516129032258,-0.324516129032258
"4153","5838",14.707,-0.228,0,0.156516129032258,-0.384516129032258
"4154","5838",13.934,-0.828,0,0.156516129032258,-0.984516129032258
"4155","5838",10.504,-0.598,0,0.156516129032258,-0.754516129032258
"4156","5838",14.275,0.212,0,0.156516129032258,0.0554838709677419
"4157","5838",21.355,0.152,0,0.156516129032258,-0.00451612903225806
"4158","5838",8.754,-0.888,0,0.156516129032258,-1.04451612903226
"4159","5838",13.701,0.932,0,0.156516129032258,0.775483870967742
"4160","5838",9.614,-0.958,0,0.156516129032258,-1.11451612903226
"4161","5838",10.439,0.982,0,0.156516129032258,0.825483870967742
"4162","5838",3.584,-0.248,0,0.156516129032258,-0.404516129032258
"4163","5838",20.673,-0.168,0,0.156516129032258,-0.324516129032258
"4164","5838",12.335,0.462,0,0.156516129032258,0.305483870967742
"4165","5838",10.479,0.502,0,0.156516129032258,0.345483870967742
"4166","5838",15.515,-0.148,0,0.156516129032258,-0.304516129032258
"4167","5838",9.875,1.072,0,0.156516129032258,0.915483870967742
"4168","5838",17.327,0.712,0,0.156516129032258,0.555483870967742
"4169","5838",7.193,0.932,0,0.156516129032258,0.775483870967742
"4170","5838",16.189,1.512,0,0.156516129032258,1.35548387096774
"4171","5838",16.948,-0.038,0,0.156516129032258,-0.194516129032258
"4172","5838",17.312,0.732,0,0.156516129032258,0.575483870967742
"4173","5838",20.765,-0.038,0,0.156516129032258,-0.194516129032258
"4174","5838",19.485,0.242,0,0.156516129032258,0.0854838709677419
"4175","5838",19.247,-0.298,0,0.156516129032258,-0.454516129032258
"4176","5838",2.417,-0.408,0,0.156516129032258,-0.564516129032258
"4177","5937",23.88,1.122,0,0.650965517241379,0.471034482758621
"4178","5937",23.771,1.262,0,0.650965517241379,0.611034482758621
"4179","5937",18.312,1.042,0,0.650965517241379,0.391034482758621
"4180","5937",17.539,0.362,0,0.650965517241379,-0.288965517241379
"4181","5937",6.102,-0.018,0,0.650965517241379,-0.668965517241379
"4182","5937",18.4,1.512,0,0.650965517241379,0.861034482758621
"4183","5937",19.4,0.632,0,0.650965517241379,-0.0189655172413793
"4184","5937",18.56,1.202,0,0.650965517241379,0.551034482758621
"4185","5937",8.631,1.172,0,0.650965517241379,0.521034482758621
"4186","5937",18.38,1.072,0,0.650965517241379,0.421034482758621
"4187","5937",14.503,0.662,0,0.650965517241379,0.0110344827586207
"4188","5937",23.822,0.482,0,0.650965517241379,-0.168965517241379
"4189","5937",12.911,0.952,0,0.650965517241379,0.301034482758621
"4190","5937",18.345,-0.148,0,0.650965517241379,-0.798965517241379
"4191","5937",17.152,0.612,0,0.650965517241379,-0.0389655172413793
"4192","5937",12.846,-0.068,0,0.650965517241379,-0.718965517241379
"4193","5937",18.358,0.702,0,0.650965517241379,0.0510344827586207
"4194","5937",17.19,-0.568,0,0.650965517241379,-1.21896551724138
"4195","5937",4.141,0.822,0,0.650965517241379,0.171034482758621
"4196","5937",10.045,0.932,0,0.650965517241379,0.281034482758621
"4197","5937",20.011,1.382,0,0.650965517241379,0.731034482758621
"4198","5937",19.803,0.202,0,0.650965517241379,-0.448965517241379
"4199","5937",21.66,1.122,0,0.650965517241379,0.471034482758621
"4200","5937",22.717,0.222,0,0.650965517241379,-0.428965517241379
"4201","5937",16.219,-0.748,0,0.650965517241379,-1.39896551724138
"4202","5937",15.92,0.232,0,0.650965517241379,-0.418965517241379
"4203","5937",12.853,0.992,0,0.650965517241379,0.341034482758621
"4204","5937",17.321,0.842,0,0.650965517241379,0.191034482758621
"4205","5937",17.711,0.892,0,0.650965517241379,0.241034482758621
"4206","6074",21.142,-0.438,1,-0.27675,-0.16125
"4207","6074",4.826,-1.068,1,-0.27675,-0.79125
"4208","6074",15.473,-0.798,1,-0.27675,-0.52125
"4209","6074",4.472,0.292,1,-0.27675,0.56875
"4210","6074",12.553,0.042,1,-0.27675,0.31875
"4211","6074",19.772,-0.368,1,-0.27675,-0.09125
"4212","6074",4.176,-0.748,1,-0.27675,-0.47125
"4213","6074",15.573,-0.438,1,-0.27675,-0.16125
"4214","6074",18.807,-0.708,1,-0.27675,-0.43125
"4215","6074",8.914,-0.828,1,-0.27675,-0.55125
"4216","6074",8.005,-0.258,1,-0.27675,0.01875
"4217","6074",15.241,-0.278,1,-0.27675,-0.00125000000000003
"4218","6074",19.184,-0.768,1,-0.27675,-0.49125
"4219","6074",13.302,-0.438,1,-0.27675,-0.16125
"4220","6074",14.818,0.252,1,-0.27675,0.52875
"4221","6074",15.502,-0.818,1,-0.27675,-0.54125
"4222","6074",8.642,-0.038,1,-0.27675,0.23875
"4223","6074",7.316,-1.098,1,-0.27675,-0.82125
"4224","6074",15.243,0.022,1,-0.27675,0.29875
"4225","6074",10.654,-0.798,1,-0.27675,-0.52125
"4226","6074",15.076,-0.668,1,-0.27675,-0.39125
"4227","6074",18.324,-0.198,1,-0.27675,0.07875
"4228","6074",18.875,-0.508,1,-0.27675,-0.23125
"4229","6074",16.89,0.142,1,-0.27675,0.41875
"4230","6074",17.681,-0.748,1,-0.27675,-0.47125
"4231","6074",7.907,-0.028,1,-0.27675,0.24875
"4232","6074",9.38,0.662,1,-0.27675,0.93875
"4233","6074",5.236,-0.678,1,-0.27675,-0.40125
"4234","6074",23.917,-0.748,1,-0.27675,-0.47125
"4235","6074",15.636,0.442,1,-0.27675,0.71875
"4236","6074",22.427,0.092,1,-0.27675,0.36875
"4237","6074",20.075,-0.448,1,-0.27675,-0.17125
"4238","6074",11.344,-0.608,1,-0.27675,-0.33125
"4239","6074",17.445,-0.488,1,-0.27675,-0.21125
"4240","6074",2.124,-1.778,1,-0.27675,-1.50125
"4241","6074",1.099,0.522,1,-0.27675,0.79875
"4242","6074",20.251,0.542,1,-0.27675,0.81875
"4243","6074",12.511,-0.158,1,-0.27675,0.11875
"4244","6074",6.332,0.692,1,-0.27675,0.96875
"4245","6074",7.082,-1.608,1,-0.27675,-1.33125
"4246","6074",12.55,0.672,1,-0.27675,0.94875
"4247","6074",21.26,-0.258,1,-0.27675,0.01875
"4248","6074",9.377,0.032,1,-0.27675,0.30875
"4249","6074",15.842,-1.118,1,-0.27675,-0.84125
"4250","6074",6.963,0.852,1,-0.27675,1.12875
"4251","6074",21.986,0.672,1,-0.27675,0.94875
"4252","6074",20.635,-0.358,1,-0.27675,-0.08125
"4253","6074",2.823,-0.478,1,-0.27675,-0.20125
"4254","6074",17.173,-0.618,1,-0.27675,-0.34125
"4255","6074",24.421,-0.358,1,-0.27675,-0.08125
"4256","6074",21.658,0.562,1,-0.27675,0.83875
"4257","6074",21.734,-0.568,1,-0.27675,-0.29125
"4258","6074",5.311,-0.828,1,-0.27675,-0.55125
"4259","6074",9.831,-0.488,1,-0.27675,-0.21125
"4260","6074",19.882,1.512,1,-0.27675,1.78875
"4261","6074",16.956,0.122,1,-0.27675,0.39875
"4262","6089",20.111,-0.398,0,0.085939393939394,-0.483939393939394
"4263","6089",16.624,0.242,0,0.085939393939394,0.156060606060606
"4264","6089",15.343,-0.028,0,0.085939393939394,-0.113939393939394
"4265","6089",20.613,1.032,0,0.085939393939394,0.946060606060606
"4266","6089",20.069,0.172,0,0.085939393939394,0.086060606060606
"4267","6089",6.761,0.292,0,0.085939393939394,0.206060606060606
"4268","6089",14.498,-0.178,0,0.085939393939394,-0.263939393939394
"4269","6089",21.052,-0.138,0,0.085939393939394,-0.223939393939394
"4270","6089",15.761,-0.708,0,0.085939393939394,-0.793939393939394
"4271","6089",19.729,0.502,0,0.085939393939394,0.416060606060606
"4272","6089",24.386,0.152,0,0.085939393939394,0.066060606060606
"4273","6089",13.833,0.482,0,0.085939393939394,0.396060606060606
"4274","6089",17.54,1.022,0,0.085939393939394,0.936060606060606
"4275","6089",-0.111,-0.298,0,0.085939393939394,-0.383939393939394
"4276","6089",8.726,0.442,0,0.085939393939394,0.356060606060606
"4277","6089",5.722,0.652,0,0.085939393939394,0.566060606060606
"4278","6089",11.303,-1.238,0,0.085939393939394,-1.32393939393939
"4279","6089",23.259,-0.258,0,0.085939393939394,-0.343939393939394
"4280","6089",13.337,0.562,0,0.085939393939394,0.476060606060606
"4281","6089",6.707,1.222,0,0.085939393939394,1.13606060606061
"4282","6089",22.854,-0.698,0,0.085939393939394,-0.783939393939394
"4283","6089",22.521,-0.138,0,0.085939393939394,-0.223939393939394
"4284","6089",13.947,-0.288,0,0.085939393939394,-0.373939393939394
"4285","6089",19.499,0.892,0,0.085939393939394,0.806060606060606
"4286","6089",12.577,0.292,0,0.085939393939394,0.206060606060606
"4287","6089",16.761,-0.478,0,0.085939393939394,-0.563939393939394
"4288","6089",13.901,-0.718,0,0.085939393939394,-0.803939393939394
"4289","6089",12.605,0.642,0,0.085939393939394,0.556060606060606
"4290","6089",13.544,0.502,0,0.085939393939394,0.416060606060606
"4291","6089",1.199,-2.038,0,0.085939393939394,-2.12393939393939
"4292","6089",24.707,0.902,0,0.085939393939394,0.816060606060606
"4293","6089",21.793,0.762,0,0.085939393939394,0.676060606060606
"4294","6089",22.625,-0.328,0,0.085939393939394,-0.413939393939394
"4295","6144",13.89,0.202,0,-0.43753488372093,0.63953488372093
"4296","6144",21.272,0.522,0,-0.43753488372093,0.95953488372093
"4297","6144",22.091,-0.478,0,-0.43753488372093,-0.0404651162790697
"4298","6144",6.02,-0.538,0,-0.43753488372093,-0.10046511627907
"4299","6144",6.868,-0.048,0,-0.43753488372093,0.38953488372093
"4300","6144",10.037,-0.128,0,-0.43753488372093,0.30953488372093
"4301","6144",13.639,1.042,0,-0.43753488372093,1.47953488372093
"4302","6144",1.785,-0.078,0,-0.43753488372093,0.35953488372093
"4303","6144",16.246,-0.598,0,-0.43753488372093,-0.16046511627907
"4304","6144",11.486,-0.058,0,-0.43753488372093,0.37953488372093
"4305","6144",-1.852,-0.228,0,-0.43753488372093,0.20953488372093
"4306","6144",3.001,0.192,0,-0.43753488372093,0.62953488372093
"4307","6144",4.239,-1.308,0,-0.43753488372093,-0.87046511627907
"4308","6144",2.799,-0.848,0,-0.43753488372093,-0.41046511627907
"4309","6144",21.64,0.032,0,-0.43753488372093,0.46953488372093
"4310","6144",14.616,-0.498,0,-0.43753488372093,-0.0604651162790698
"4311","6144",6.217,-0.658,0,-0.43753488372093,-0.22046511627907
"4312","6144",0.251,-1.168,0,-0.43753488372093,-0.73046511627907
"4313","6144",16.239,-0.428,0,-0.43753488372093,0.00953488372093025
"4314","6144",1.107,-1.778,0,-0.43753488372093,-1.34046511627907
"4315","6144",5.01,0.212,0,-0.43753488372093,0.64953488372093
"4316","6144",12.65,1.512,0,-0.43753488372093,1.94953488372093
"4317","6144",3.967,-0.148,0,-0.43753488372093,0.28953488372093
"4318","6144",3.605,-0.918,0,-0.43753488372093,-0.48046511627907
"4319","6144",3.091,-1.948,0,-0.43753488372093,-1.51046511627907
"4320","6144",4.641,-0.558,0,-0.43753488372093,-0.12046511627907
"4321","6144",11.389,-1.338,0,-0.43753488372093,-0.90046511627907
"4322","6144",8.362,0.282,0,-0.43753488372093,0.71953488372093
"4323","6144",4.554,-0.208,0,-0.43753488372093,0.22953488372093
"4324","6144",13.247,-0.808,0,-0.43753488372093,-0.37046511627907
"4325","6144",12.344,-0.258,0,-0.43753488372093,0.17953488372093
"4326","6144",8.464,0.072,0,-0.43753488372093,0.50953488372093
"4327","6144",0.778,-0.658,0,-0.43753488372093,-0.22046511627907
"4328","6144",10.84,0.402,0,-0.43753488372093,0.83953488372093
"4329","6144",22.307,-0.958,0,-0.43753488372093,-0.52046511627907
"4330","6144",4.085,-0.968,0,-0.43753488372093,-0.53046511627907
"4331","6144",12.216,-0.488,0,-0.43753488372093,-0.0504651162790697
"4332","6144",-0.726,-1.248,0,-0.43753488372093,-0.81046511627907
"4333","6144",2.503,0.412,0,-0.43753488372093,0.84953488372093
"4334","6144",8.519,-1.508,0,-0.43753488372093,-1.07046511627907
"4335","6144",15.139,-0.508,0,-0.43753488372093,-0.0704651162790698
"4336","6144",3.719,-0.968,0,-0.43753488372093,-0.53046511627907
"4337","6144",5.143,-1.368,0,-0.43753488372093,-0.93046511627907
"4338","6170",8.954,0.462,0,-0.301809523809524,0.763809523809524
"4339","6170",20.087,0.132,0,-0.301809523809524,0.433809523809524
"4340","6170",19.951,1.002,0,-0.301809523809524,1.30380952380952
"4341","6170",22.3,-0.048,0,-0.301809523809524,0.253809523809524
"4342","6170",14.148,0.072,0,-0.301809523809524,0.373809523809524
"4343","6170",13.626,-0.818,0,-0.301809523809524,-0.516190476190476
"4344","6170",16.68,-0.398,0,-0.301809523809524,-0.0961904761904762
"4345","6170",15.085,-1.298,0,-0.301809523809524,-0.996190476190476
"4346","6170",1.01,0.142,0,-0.301809523809524,0.443809523809524
"4347","6170",23.917,-0.818,0,-0.301809523809524,-0.516190476190476
"4348","6170",4.27,-0.518,0,-0.301809523809524,-0.216190476190476
"4349","6170",13.298,0.422,0,-0.301809523809524,0.723809523809524
"4350","6170",20.251,-0.538,0,-0.301809523809524,-0.236190476190476
"4351","6170",10.991,-0.948,0,-0.301809523809524,-0.646190476190476
"4352","6170",3.253,-1.008,0,-0.301809523809524,-0.706190476190476
"4353","6170",0.379,-2.398,0,-0.301809523809524,-2.09619047619048
"4354","6170",24.012,0.532,0,-0.301809523809524,0.833809523809524
"4355","6170",-0.205,-0.778,0,-0.301809523809524,-0.476190476190476
"4356","6170",23.231,-0.258,0,-0.301809523809524,0.0438095238095238
"4357","6170",18.317,-0.458,0,-0.301809523809524,-0.156190476190476
"4358","6170",24.247,1.182,0,-0.301809523809524,1.48380952380952
"4359","6291",10.305,-0.228,0,-0.521714285714286,0.293714285714286
"4360","6291",11.178,-0.688,0,-0.521714285714286,-0.166285714285714
"4361","6291",17.11,-0.528,0,-0.521714285714286,-0.00628571428571434
"4362","6291",8.031,-0.838,0,-0.521714285714286,-0.316285714285714
"4363","6291",17.821,-0.178,0,-0.521714285714286,0.343714285714286
"4364","6291",4.633,-0.658,0,-0.521714285714286,-0.136285714285714
"4365","6291",12.085,-0.238,0,-0.521714285714286,0.283714285714286
"4366","6291",3.309,-1.098,0,-0.521714285714286,-0.576285714285714
"4367","6291",0.612,-0.318,0,-0.521714285714286,0.203714285714286
"4368","6291",1.803,-0.778,0,-0.521714285714286,-0.256285714285714
"4369","6291",8.022,-0.388,0,-0.521714285714286,0.133714285714286
"4370","6291",4.01,-0.408,0,-0.521714285714286,0.113714285714286
"4371","6291",5.9,-1.498,0,-0.521714285714286,-0.976285714285714
"4372","6291",9.182,-0.158,0,-0.521714285714286,0.363714285714286
"4373","6291",7.133,-1.308,0,-0.521714285714286,-0.786285714285714
"4374","6291",6.294,-0.478,0,-0.521714285714286,0.0437142857142857
"4375","6291",15.823,-0.218,0,-0.521714285714286,0.303714285714286
"4376","6291",14.38,-0.048,0,-0.521714285714286,0.473714285714286
"4377","6291",3.326,-1.458,0,-0.521714285714286,-0.936285714285714
"4378","6291",5.5,-0.068,0,-0.521714285714286,0.453714285714286
"4379","6291",3.377,-1.518,0,-0.521714285714286,-0.996285714285714
"4380","6291",7.026,-1.518,0,-0.521714285714286,-0.996285714285714
"4381","6291",23.578,0.482,0,-0.521714285714286,1.00371428571429
"4382","6291",19.619,0.312,0,-0.521714285714286,0.833714285714286
"4383","6291",23.137,-0.258,0,-0.521714285714286,0.263714285714286
"4384","6291",16.177,-0.158,0,-0.521714285714286,0.363714285714286
"4385","6291",15.868,-1.858,0,-0.521714285714286,-1.33628571428571
"4386","6291",17.446,0.472,0,-0.521714285714286,0.993714285714286
"4387","6291",18.119,0.122,0,-0.521714285714286,0.643714285714286
"4388","6291",-2.092,-0.468,0,-0.521714285714286,0.0537142857142857
"4389","6291",12.663,-1.158,0,-0.521714285714286,-0.636285714285714
"4390","6291",13.835,-1.048,0,-0.521714285714286,-0.526285714285714
"4391","6291",3.872,-0.028,0,-0.521714285714286,0.493714285714286
"4392","6291",10.092,-0.418,0,-0.521714285714286,0.103714285714286
"4393","6291",4.582,0.362,0,-0.521714285714286,0.883714285714286
"4394","6366",19.467,0.992,1,0.309758620689655,0.682241379310345
"4395","6366",17.715,0.752,1,0.309758620689655,0.442241379310345
"4396","6366",14.341,-0.678,1,0.309758620689655,-0.987758620689655
"4397","6366",23.04,1.432,1,0.309758620689655,1.12224137931034
"4398","6366",24.993,0.662,1,0.309758620689655,0.352241379310345
"4399","6366",22.943,0.942,1,0.309758620689655,0.632241379310345
"4400","6366",23.525,1.212,1,0.309758620689655,0.902241379310345
"4401","6366",24.133,-0.518,1,0.309758620689655,-0.827758620689655
"4402","6366",21.689,0.662,1,0.309758620689655,0.352241379310345
"4403","6366",10.158,0.142,1,0.309758620689655,-0.167758620689655
"4404","6366",20.761,0.582,1,0.309758620689655,0.272241379310345
"4405","6366",22.055,0.482,1,0.309758620689655,0.172241379310345
"4406","6366",8.933,-0.238,1,0.309758620689655,-0.547758620689655
"4407","6366",24.252,1.092,1,0.309758620689655,0.782241379310345
"4408","6366",10.477,0.802,1,0.309758620689655,0.492241379310345
"4409","6366",12.082,0.842,1,0.309758620689655,0.532241379310345
"4410","6366",20.619,-0.438,1,0.309758620689655,-0.747758620689655
"4411","6366",3.745,0.422,1,0.309758620689655,0.112241379310345
"4412","6366",7.292,-1.428,1,0.309758620689655,-1.73775862068966
"4413","6366",14.516,0.902,1,0.309758620689655,0.592241379310345
"4414","6366",22.827,0.092,1,0.309758620689655,-0.217758620689655
"4415","6366",12.211,0.032,1,0.309758620689655,-0.277758620689655
"4416","6366",15.183,0.172,1,0.309758620689655,-0.137758620689655
"4417","6366",9.178,0.402,1,0.309758620689655,0.0922413793103449
"4418","6366",19.704,0.072,1,0.309758620689655,-0.237758620689655
"4419","6366",19.685,0.362,1,0.309758620689655,0.0522413793103448
"4420","6366",12.565,0.702,1,0.309758620689655,0.392241379310345
"4421","6366",22.572,0.762,1,0.309758620689655,0.452241379310345
"4422","6366",5.932,-0.718,1,0.309758620689655,-1.02775862068966
"4423","6366",8.34,-0.098,1,0.309758620689655,-0.407758620689655
"4424","6366",15.712,0.542,1,0.309758620689655,0.232241379310345
"4425","6366",15.415,0.222,1,0.309758620689655,-0.0877586206896551
"4426","6366",19.41,1.122,1,0.309758620689655,0.812241379310345
"4427","6366",18.12,-0.138,1,0.309758620689655,-0.447758620689655
"4428","6366",8.317,-0.738,1,0.309758620689655,-1.04775862068966
"4429","6366",12.723,0.692,1,0.309758620689655,0.382241379310345
"4430","6366",22.311,0.542,1,0.309758620689655,0.232241379310345
"4431","6366",18.33,0.672,1,0.309758620689655,0.362241379310345
"4432","6366",15.019,-0.218,1,0.309758620689655,-0.527758620689655
"4433","6366",10.79,0.232,1,0.309758620689655,-0.0777586206896551
"4434","6366",16.491,0.062,1,0.309758620689655,-0.247758620689655
"4435","6366",18.028,0.152,1,0.309758620689655,-0.157758620689655
"4436","6366",21.264,-0.388,1,0.309758620689655,-0.697758620689655
"4437","6366",14.318,-0.028,1,0.309758620689655,-0.337758620689655
"4438","6366",15.572,1.152,1,0.309758620689655,0.842241379310345
"4439","6366",21.755,-0.328,1,0.309758620689655,-0.637758620689655
"4440","6366",19.327,-0.038,1,0.309758620689655,-0.347758620689655
"4441","6366",13.882,-0.678,1,0.309758620689655,-0.987758620689655
"4442","6366",3.706,0.642,1,0.309758620689655,0.332241379310345
"4443","6366",10.186,0.852,1,0.309758620689655,0.542241379310345
"4444","6366",-0.799,1.342,1,0.309758620689655,1.03224137931034
"4445","6366",12.971,1.102,1,0.309758620689655,0.792241379310345
"4446","6366",14.084,-1.068,1,0.309758620689655,-1.37775862068966
"4447","6366",12.104,1.282,1,0.309758620689655,0.972241379310345
"4448","6366",3.57,0.192,1,0.309758620689655,-0.117758620689655
"4449","6366",24.418,1.262,1,0.309758620689655,0.952241379310345
"4450","6366",11.635,-0.458,1,0.309758620689655,-0.767758620689655
"4451","6366",24.479,-0.418,1,0.309758620689655,-0.727758620689655
"4452","6397",-1.483,1.042,0,-0.2165,1.2585
"4453","6397",13.327,0.522,0,-0.2165,0.7385
"4454","6397",10.873,1.152,0,-0.2165,1.3685
"4455","6397",15.109,0.322,0,-0.2165,0.5385
"4456","6397",6.886,-1.048,0,-0.2165,-0.8315
"4457","6397",4.233,-2.058,0,-0.2165,-1.8415
"4458","6397",12.774,0.772,0,-0.2165,0.9885
"4459","6397",13.581,-0.018,0,-0.2165,0.1985
"4460","6397",3.344,0.472,0,-0.2165,0.6885
"4461","6397",3.834,-1.388,0,-0.2165,-1.1715
"4462","6397",23.388,-0.598,0,-0.2165,-0.3815
"4463","6397",3.457,-1.788,0,-0.2165,-1.5715
"4464","6397",20.658,0.142,0,-0.2165,0.3585
"4465","6397",6.842,-0.928,0,-0.2165,-0.7115
"4466","6397",8.559,-0.158,0,-0.2165,0.0585
"4467","6397",4.918,-0.568,0,-0.2165,-0.3515
"4468","6397",14.09,-1.448,0,-0.2165,-1.2315
"4469","6397",10.284,0.262,0,-0.2165,0.4785
"4470","6397",6.76,-0.018,0,-0.2165,0.1985
"4471","6397",4.496,0.382,0,-0.2165,0.5985
"4472","6397",21.663,1.242,0,-0.2165,1.4585
"4473","6397",19.411,-0.288,0,-0.2165,-0.0715
"4474","6397",15.241,0.042,0,-0.2165,0.2585
"4475","6397",18.314,-0.088,0,-0.2165,0.1285
"4476","6397",14.82,0.072,0,-0.2165,0.2885
"4477","6397",11.505,-0.438,0,-0.2165,-0.2215
"4478","6397",4.987,-0.748,0,-0.2165,-0.5315
"4479","6397",5.641,-1.368,0,-0.2165,-1.1515
"4480","6397",2.679,-0.228,0,-0.2165,-0.0115
"4481","6397",0.67,-0.098,0,-0.2165,0.1185
"4482","6397",15.045,-1.178,0,-0.2165,-0.9615
"4483","6397",20.828,-0.338,0,-0.2165,-0.1215
"4484","6397",8.826,-0.118,0,-0.2165,0.0985
"4485","6397",15.79,0.552,0,-0.2165,0.7685
"4486","6397",19.724,0.792,0,-0.2165,1.0085
"4487","6397",20.222,-0.868,0,-0.2165,-0.6515
"4488","6397",5.688,-0.208,0,-0.2165,0.00850000000000001
"4489","6397",23.261,1.222,0,-0.2165,1.4385
"4490","6397",10.856,-0.988,0,-0.2165,-0.7715
"4491","6397",17.857,-0.248,0,-0.2165,-0.0315
"4492","6397",3.335,-0.568,0,-0.2165,-0.3515
"4493","6397",6.572,-1.308,0,-0.2165,-1.0915
"4494","6397",7.387,-0.118,0,-0.2165,0.0985
"4495","6397",24.869,0.272,0,-0.2165,0.4885
"4496","6397",19.833,-0.028,0,-0.2165,0.1885
"4497","6397",21.334,-0.068,0,-0.2165,0.1485
"4498","6397",17.267,1.062,0,-0.2165,1.2785
"4499","6397",21.887,-0.288,0,-0.2165,-0.0715
"4500","6397",18.07,-0.188,0,-0.2165,0.0285
"4501","6397",12.869,-0.478,0,-0.2165,-0.2615
"4502","6397",9.659,-1.308,0,-0.2165,-1.0915
"4503","6397",6.211,0.012,0,-0.2165,0.2285
"4504","6397",10.388,0.042,0,-0.2165,0.2585
"4505","6397",14.898,-0.498,0,-0.2165,-0.2815
"4506","6397",17.669,-0.418,0,-0.2165,-0.2015
"4507","6397",21.897,0.982,0,-0.2165,1.1985
"4508","6397",24.434,0.172,0,-0.2165,0.3885
"4509","6397",21.557,-0.928,0,-0.2165,-0.7115
"4510","6397",11.861,-1.098,0,-0.2165,-0.8815
"4511","6397",16.811,-0.008,0,-0.2165,0.2085
"4512","6415",21.594,-0.588,0,-0.187259259259259,-0.400740740740741
"4513","6415",13.752,-0.808,0,-0.187259259259259,-0.620740740740741
"4514","6415",10.266,-0.998,0,-0.187259259259259,-0.810740740740741
"4515","6415",6.46,0.412,0,-0.187259259259259,0.599259259259259
"4516","6415",23.108,0.002,0,-0.187259259259259,0.189259259259259
"4517","6415",2.187,-1.488,0,-0.187259259259259,-1.30074074074074
"4518","6415",12.877,-1.188,0,-0.187259259259259,-1.00074074074074
"4519","6415",23.717,0.082,0,-0.187259259259259,0.269259259259259
"4520","6415",21.857,-0.268,0,-0.187259259259259,-0.0807407407407408
"4521","6415",11.85,0.052,0,-0.187259259259259,0.239259259259259
"4522","6415",21.877,0.262,0,-0.187259259259259,0.449259259259259
"4523","6415",12.51,0.372,0,-0.187259259259259,0.559259259259259
"4524","6415",0.965,-0.058,0,-0.187259259259259,0.129259259259259
"4525","6415",16.623,0.782,0,-0.187259259259259,0.969259259259259
"4526","6415",4.653,-0.158,0,-0.187259259259259,0.0292592592592593
"4527","6415",3.353,0.042,0,-0.187259259259259,0.229259259259259
"4528","6415",13.091,0.942,0,-0.187259259259259,1.12925925925926
"4529","6415",17.129,-0.328,0,-0.187259259259259,-0.140740740740741
"4530","6415",17.937,-0.118,0,-0.187259259259259,0.0692592592592593
"4531","6415",12.238,-0.278,0,-0.187259259259259,-0.0907407407407408
"4532","6415",15.296,-0.018,0,-0.187259259259259,0.169259259259259
"4533","6415",4.205,-1.038,0,-0.187259259259259,-0.850740740740741
"4534","6415",15.117,0.572,0,-0.187259259259259,0.759259259259259
"4535","6415",11.407,0.012,0,-0.187259259259259,0.199259259259259
"4536","6415",1.103,-0.788,0,-0.187259259259259,-0.600740740740741
"4537","6415",10.36,-0.068,0,-0.187259259259259,0.119259259259259
"4538","6415",7.52,0.962,0,-0.187259259259259,1.14925925925926
"4539","6415",14.397,0.212,0,-0.187259259259259,0.399259259259259
"4540","6415",19.749,-1.368,0,-0.187259259259259,-1.18074074074074
"4541","6415",20.767,0.022,0,-0.187259259259259,0.209259259259259
"4542","6415",20.124,0.912,0,-0.187259259259259,1.09925925925926
"4543","6415",12.268,0.912,0,-0.187259259259259,1.09925925925926
"4544","6415",7.035,-1.678,0,-0.187259259259259,-1.49074074074074
"4545","6415",4.292,-0.768,0,-0.187259259259259,-0.580740740740741
"4546","6415",21.508,1.212,0,-0.187259259259259,1.39925925925926
"4547","6415",13.945,-0.558,0,-0.187259259259259,-0.370740740740741
"4548","6415",9.658,-0.508,0,-0.187259259259259,-0.320740740740741
"4549","6415",9.81,-0.218,0,-0.187259259259259,-0.0307407407407407
"4550","6415",-1.818,-0.008,0,-0.187259259259259,0.179259259259259
"4551","6415",17.055,0.662,0,-0.187259259259259,0.849259259259259
"4552","6415",4.731,-0.748,0,-0.187259259259259,-0.560740740740741
"4553","6415",6.552,-0.818,0,-0.187259259259259,-0.630740740740741
"4554","6415",1.208,0.132,0,-0.187259259259259,0.319259259259259
"4555","6415",12.706,0.022,0,-0.187259259259259,0.209259259259259
"4556","6415",16.762,0.112,0,-0.187259259259259,0.299259259259259
"4557","6415",3.444,-1.218,0,-0.187259259259259,-1.03074074074074
"4558","6415",7.237,-1.658,0,-0.187259259259259,-1.47074074074074
"4559","6415",9.371,-0.498,0,-0.187259259259259,-0.310740740740741
"4560","6415",6.34,-0.218,0,-0.187259259259259,-0.0307407407407407
"4561","6415",12.706,-0.458,0,-0.187259259259259,-0.270740740740741
"4562","6415",17.118,0.132,0,-0.187259259259259,0.319259259259259
"4563","6415",21.869,0.022,0,-0.187259259259259,0.209259259259259
"4564","6415",2.935,-0.508,0,-0.187259259259259,-0.320740740740741
"4565","6415",15.63,0.462,0,-0.187259259259259,0.649259259259259
"4566","6443",6.372,-0.428,0,-0.353,-0.075
"4567","6443",14.039,-1.408,0,-0.353,-1.055
"4568","6443",12.655,-1.168,0,-0.353,-0.815
"4569","6443",9.865,-0.338,0,-0.353,0.015
"4570","6443",9.937,0.202,0,-0.353,0.555
"4571","6443",-1.806,0.362,0,-0.353,0.715
"4572","6443",22.391,0.362,0,-0.353,0.715
"4573","6443",14.191,-0.898,0,-0.353,-0.545
"4574","6443",13.014,-1.068,0,-0.353,-0.715
"4575","6443",5.873,0.642,0,-0.353,0.995
"4576","6443",12.427,-0.808,0,-0.353,-0.455
"4577","6443",10.582,0.422,0,-0.353,0.775
"4578","6443",17.731,-0.618,0,-0.353,-0.265
"4579","6443",7.731,0.762,0,-0.353,1.115
"4580","6443",9.522,-0.728,0,-0.353,-0.375
"4581","6443",14.626,0.222,0,-0.353,0.575
"4582","6443",3.93,-0.308,0,-0.353,0.045
"4583","6443",13.861,-1.308,0,-0.353,-0.955
"4584","6443",18.22,-0.048,0,-0.353,0.305
"4585","6443",-1.199,-1.168,0,-0.353,-0.815
"4586","6443",7.096,-2.498,0,-0.353,-2.145
"4587","6443",6.087,0.392,0,-0.353,0.745
"4588","6443",5.779,-0.348,0,-0.353,0.005
"4589","6443",4.745,0.472,0,-0.353,0.825
"4590","6443",15.571,0.442,0,-0.353,0.795
"4591","6443",0.98,-0.398,0,-0.353,-0.045
"4592","6443",9.627,-0.388,0,-0.353,-0.035
"4593","6443",2.493,-0.728,0,-0.353,-0.375
"4594","6443",15.06,-0.918,0,-0.353,-0.565
"4595","6443",2.866,0.702,0,-0.353,1.055
"4596","6464",4.898,-0.518,0,-0.676275862068966,0.158275862068965
"4597","6464",23.822,-1.458,0,-0.676275862068966,-0.781724137931034
"4598","6464",2.57,-1.068,0,-0.676275862068966,-0.391724137931035
"4599","6464",0.247,-2.328,0,-0.676275862068966,-1.65172413793103
"4600","6464",11.448,-0.298,0,-0.676275862068966,0.378275862068966
"4601","6464",4.745,-0.808,0,-0.676275862068966,-0.131724137931035
"4602","6464",10.969,-1.288,0,-0.676275862068966,-0.611724137931035
"4603","6464",14.298,0.142,0,-0.676275862068966,0.818275862068966
"4604","6464",2.792,-0.208,0,-0.676275862068966,0.468275862068966
"4605","6464",3.721,-0.658,0,-0.676275862068966,0.0182758620689655
"4606","6464",11.265,-0.278,0,-0.676275862068966,0.398275862068965
"4607","6464",10.249,-1.458,0,-0.676275862068966,-0.781724137931034
"4608","6464",7.235,-1.548,0,-0.676275862068966,-0.871724137931035
"4609","6464",7.347,0.232,0,-0.676275862068966,0.908275862068965
"4610","6464",6.198,-1.078,0,-0.676275862068966,-0.401724137931035
"4611","6464",2.083,-1.078,0,-0.676275862068966,-0.401724137931035
"4612","6464",11.771,0.242,0,-0.676275862068966,0.918275862068965
"4613","6464",6.864,-0.188,0,-0.676275862068966,0.488275862068966
"4614","6464",2.291,0.422,0,-0.676275862068966,1.09827586206897
"4615","6464",3.949,-0.348,0,-0.676275862068966,0.328275862068966
"4616","6464",14.876,-0.178,0,-0.676275862068966,0.498275862068966
"4617","6464",7.962,-0.328,0,-0.676275862068966,0.348275862068965
"4618","6464",6.676,-0.508,0,-0.676275862068966,0.168275862068965
"4619","6464",9.251,-0.438,0,-0.676275862068966,0.238275862068966
"4620","6464",6.921,-1.308,0,-0.676275862068966,-0.631724137931035
"4621","6464",7.526,-0.718,0,-0.676275862068966,-0.0417241379310345
"4622","6464",7.068,-0.788,0,-0.676275862068966,-0.111724137931035
"4623","6464",-1.638,-0.718,0,-0.676275862068966,-0.0417241379310345
"4624","6464",-1.747,-1.058,0,-0.676275862068966,-0.381724137931035
"4625","6469",17.823,0.282,1,0.752526315789474,-0.470526315789474
"4626","6469",20.396,1.152,1,0.752526315789474,0.399473684210526
"4627","6469",20.159,0.422,1,0.752526315789474,-0.330526315789474
"4628","6469",24.309,0.862,1,0.752526315789474,0.109473684210526
"4629","6469",16.217,-1.118,1,0.752526315789474,-1.87052631578947
"4630","6469",22.027,1.052,1,0.752526315789474,0.299473684210526
"4631","6469",19.71,0.892,1,0.752526315789474,0.139473684210526
"4632","6469",23.081,1.362,1,0.752526315789474,0.609473684210526
"4633","6469",17.711,1.072,1,0.752526315789474,0.319473684210526
"4634","6469",23.677,0.942,1,0.752526315789474,0.189473684210526
"4635","6469",16.909,0.832,1,0.752526315789474,0.0794736842105263
"4636","6469",16.352,0.152,1,0.752526315789474,-0.600526315789474
"4637","6469",22.992,-0.318,1,0.752526315789474,-1.07052631578947
"4638","6469",20.743,1.422,1,0.752526315789474,0.669473684210526
"4639","6469",9.766,0.382,1,0.752526315789474,-0.370526315789474
"4640","6469",21.721,0.692,1,0.752526315789474,-0.0605263157894738
"4641","6469",21.514,0.072,1,0.752526315789474,-0.680526315789474
"4642","6469",20.34,1.182,1,0.752526315789474,0.429473684210526
"4643","6469",23.043,1.512,1,0.752526315789474,0.759473684210526
"4644","6469",20.403,1.172,1,0.752526315789474,0.419473684210526
"4645","6469",7.778,0.152,1,0.752526315789474,-0.600526315789474
"4646","6469",18.076,1.452,1,0.752526315789474,0.699473684210526
"4647","6469",24.993,0.202,1,0.752526315789474,-0.550526315789474
"4648","6469",22.284,1.372,1,0.752526315789474,0.619473684210526
"4649","6469",11.161,0.172,1,0.752526315789474,-0.580526315789474
"4650","6469",22.752,0.502,1,0.752526315789474,-0.250526315789474
"4651","6469",12.561,0.102,1,0.752526315789474,-0.650526315789474
"4652","6469",15.772,1.182,1,0.752526315789474,0.429473684210526
"4653","6469",11.941,0.522,1,0.752526315789474,-0.230526315789474
"4654","6469",23.509,1.362,1,0.752526315789474,0.609473684210526
"4655","6469",16.133,1.292,1,0.752526315789474,0.539473684210526
"4656","6469",19.326,1.512,1,0.752526315789474,0.759473684210526
"4657","6469",10.358,-0.208,1,0.752526315789474,-0.960526315789474
"4658","6469",21.74,1.132,1,0.752526315789474,0.379473684210526
"4659","6469",17.364,0.262,1,0.752526315789474,-0.490526315789474
"4660","6469",24.993,1.512,1,0.752526315789474,0.759473684210526
"4661","6469",11.097,1.282,1,0.752526315789474,0.529473684210526
"4662","6469",12.624,0.752,1,0.752526315789474,-0.000526315789473708
"4663","6469",23.619,1.362,1,0.752526315789474,0.609473684210526
"4664","6469",16.902,0.942,1,0.752526315789474,0.189473684210526
"4665","6469",22.705,0.622,1,0.752526315789474,-0.130526315789474
"4666","6469",7.292,1.512,1,0.752526315789474,0.759473684210526
"4667","6469",12.878,1.342,1,0.752526315789474,0.589473684210526
"4668","6469",10.542,0.362,1,0.752526315789474,-0.390526315789474
"4669","6469",19.599,1.342,1,0.752526315789474,0.589473684210526
"4670","6469",18.058,-0.428,1,0.752526315789474,-1.18052631578947
"4671","6469",21.919,0.792,1,0.752526315789474,0.0394736842105263
"4672","6469",23.889,0.982,1,0.752526315789474,0.229473684210526
"4673","6469",11.778,0.292,1,0.752526315789474,-0.460526315789474
"4674","6469",15.088,-0.248,1,0.752526315789474,-1.00052631578947
"4675","6469",22.491,-0.408,1,0.752526315789474,-1.16052631578947
"4676","6469",15.464,1.092,1,0.752526315789474,0.339473684210526
"4677","6469",22.08,1.172,1,0.752526315789474,0.419473684210526
"4678","6469",18.614,0.992,1,0.752526315789474,0.239473684210526
"4679","6469",20.967,1.512,1,0.752526315789474,0.759473684210526
"4680","6469",22.694,1.242,1,0.752526315789474,0.489473684210526
"4681","6469",22.042,-0.158,1,0.752526315789474,-0.910526315789474
"4682","6484",7.068,0.082,0,-0.185142857142857,0.267142857142857
"4683","6484",21.653,-0.378,0,-0.185142857142857,-0.192857142857143
"4684","6484",18.539,-0.898,0,-0.185142857142857,-0.712857142857143
"4685","6484",18.707,-0.988,0,-0.185142857142857,-0.802857142857143
"4686","6484",15.296,1.122,0,-0.185142857142857,1.30714285714286
"4687","6484",17.224,0.042,0,-0.185142857142857,0.227142857142857
"4688","6484",8.05,-0.898,0,-0.185142857142857,-0.712857142857143
"4689","6484",20.84,-0.678,0,-0.185142857142857,-0.492857142857143
"4690","6484",15.863,0.942,0,-0.185142857142857,1.12714285714286
"4691","6484",-2.557,-0.188,0,-0.185142857142857,-0.00285714285714286
"4692","6484",-0.765,-0.478,0,-0.185142857142857,-0.292857142857143
"4693","6484",8.976,0.372,0,-0.185142857142857,0.557142857142857
"4694","6484",20.571,-1.498,0,-0.185142857142857,-1.31285714285714
"4695","6484",16.233,-0.188,0,-0.185142857142857,-0.00285714285714286
"4696","6484",16.948,0.902,0,-0.185142857142857,1.08714285714286
"4697","6484",13.959,-1.168,0,-0.185142857142857,-0.982857142857143
"4698","6484",8.782,-0.348,0,-0.185142857142857,-0.162857142857143
"4699","6484",5.674,-1.018,0,-0.185142857142857,-0.832857142857143
"4700","6484",5.59,-1.128,0,-0.185142857142857,-0.942857142857143
"4701","6484",20.188,-0.178,0,-0.185142857142857,0.00714285714285715
"4702","6484",6.563,1.262,0,-0.185142857142857,1.44714285714286
"4703","6484",20.742,0.152,0,-0.185142857142857,0.337142857142857
"4704","6484",12.881,-0.848,0,-0.185142857142857,-0.662857142857143
"4705","6484",8.1,-0.358,0,-0.185142857142857,-0.172857142857143
"4706","6484",19.705,-0.248,0,-0.185142857142857,-0.0628571428571429
"4707","6484",14.612,0.012,0,-0.185142857142857,0.197142857142857
"4708","6484",3.269,0.142,0,-0.185142857142857,0.327142857142857
"4709","6484",14.474,-0.578,0,-0.185142857142857,-0.392857142857143
"4710","6484",21.073,-0.428,0,-0.185142857142857,-0.242857142857143
"4711","6484",20.267,0.462,0,-0.185142857142857,0.647142857142857
"4712","6484",24.479,1.202,0,-0.185142857142857,1.38714285714286
"4713","6484",17.42,-0.458,0,-0.185142857142857,-0.272857142857143
"4714","6484",10.101,-0.078,0,-0.185142857142857,0.107142857142857
"4715","6484",-2.832,-0.228,0,-0.185142857142857,-0.0428571428571429
"4716","6484",4.241,0.082,0,-0.185142857142857,0.267142857142857
"4717","6578",19.679,-0.378,1,-0.516571428571429,0.138571428571429
"4718","6578",20.847,-0.088,1,-0.516571428571429,0.428571428571429
"4719","6578",10.643,-1.438,1,-0.516571428571429,-0.921428571428571
"4720","6578",11.011,-0.728,1,-0.516571428571429,-0.211428571428571
"4721","6578",19.288,0.302,1,-0.516571428571429,0.818571428571429
"4722","6578",16.109,-1.138,1,-0.516571428571429,-0.621428571428571
"4723","6578",11.931,0.342,1,-0.516571428571429,0.858571428571429
"4724","6578",6.767,0.132,1,-0.516571428571429,0.648571428571429
"4725","6578",23.133,-1.098,1,-0.516571428571429,-0.581428571428572
"4726","6578",14.462,-0.708,1,-0.516571428571429,-0.191428571428571
"4727","6578",17.684,1.052,1,-0.516571428571429,1.56857142857143
"4728","6578",-1.17,-0.308,1,-0.516571428571429,0.208571428571429
"4729","6578",21.704,-0.788,1,-0.516571428571429,-0.271428571428571
"4730","6578",5.82,-2.058,1,-0.516571428571429,-1.54142857142857
"4731","6578",13.556,-0.208,1,-0.516571428571429,0.308571428571429
"4732","6578",5.757,-1.308,1,-0.516571428571429,-0.791428571428571
"4733","6578",5.95,-0.388,1,-0.516571428571429,0.128571428571429
"4734","6578",0.936,-0.818,1,-0.516571428571429,-0.301428571428571
"4735","6578",16.157,0.092,1,-0.516571428571429,0.608571428571429
"4736","6578",12.632,0.122,1,-0.516571428571429,0.638571428571429
"4737","6578",3.563,0.232,1,-0.516571428571429,0.748571428571429
"4738","6578",8.728,0.082,1,-0.516571428571429,0.598571428571429
"4739","6578",16.673,0.302,1,-0.516571428571429,0.818571428571429
"4740","6578",11.423,-0.648,1,-0.516571428571429,-0.131428571428571
"4741","6578",3.565,-0.808,1,-0.516571428571429,-0.291428571428571
"4742","6578",17.727,-0.388,1,-0.516571428571429,0.128571428571429
"4743","6578",20.739,0.222,1,-0.516571428571429,0.738571428571429
"4744","6578",12.394,0.052,1,-0.516571428571429,0.568571428571429
"4745","6578",8.117,-0.258,1,-0.516571428571429,0.258571428571429
"4746","6578",11.84,-0.638,1,-0.516571428571429,-0.121428571428571
"4747","6578",14.964,-0.518,1,-0.516571428571429,-0.00142857142857145
"4748","6578",9.759,-1.408,1,-0.516571428571429,-0.891428571428571
"4749","6578",6.627,-1.368,1,-0.516571428571429,-0.851428571428572
"4750","6578",13.505,-1.228,1,-0.516571428571429,-0.711428571428571
"4751","6578",15.381,-0.438,1,-0.516571428571429,0.0785714285714286
"4752","6578",12.258,-0.008,1,-0.516571428571429,0.508571428571429
"4753","6578",18.616,0.122,1,-0.516571428571429,0.638571428571429
"4754","6578",0.771,-0.838,1,-0.516571428571429,-0.321428571428571
"4755","6578",9.842,-0.948,1,-0.516571428571429,-0.431428571428571
"4756","6578",2.446,-0.708,1,-0.516571428571429,-0.191428571428571
"4757","6578",2.751,-0.628,1,-0.516571428571429,-0.111428571428571
"4758","6578",16.183,-1.528,1,-0.516571428571429,-1.01142857142857
"4759","6578",19.362,-0.498,1,-0.516571428571429,0.0185714285714286
"4760","6578",23.144,0.582,1,-0.516571428571429,1.09857142857143
"4761","6578",19.827,-0.238,1,-0.516571428571429,0.278571428571429
"4762","6578",16.785,-0.148,1,-0.516571428571429,0.368571428571429
"4763","6578",4.045,-0.018,1,-0.516571428571429,0.498571428571429
"4764","6578",12.761,-0.568,1,-0.516571428571429,-0.0514285714285714
"4765","6578",16.177,-0.838,1,-0.516571428571429,-0.321428571428571
"4766","6578",11.814,-0.548,1,-0.516571428571429,-0.0314285714285715
"4767","6578",20.605,-1.768,1,-0.516571428571429,-1.25142857142857
"4768","6578",8.271,-0.548,1,-0.516571428571429,-0.0314285714285715
"4769","6578",5.653,-1.398,1,-0.516571428571429,-0.881428571428571
"4770","6578",7.267,-0.468,1,-0.516571428571429,0.0485714285714285
"4771","6578",10.277,-0.568,1,-0.516571428571429,-0.0514285714285714
"4772","6578",4.908,-1.148,1,-0.516571428571429,-0.631428571428571
"4773","6600",9.493,-0.508,0,-0.0535357142857143,-0.454464285714286
"4774","6600",20.429,0.152,0,-0.0535357142857143,0.205535714285714
"4775","6600",1.803,-1.808,0,-0.0535357142857143,-1.75446428571429
"4776","6600",7.503,-0.578,0,-0.0535357142857143,-0.524464285714286
"4777","6600",2.628,-0.798,0,-0.0535357142857143,-0.744464285714286
"4778","6600",14.414,-0.278,0,-0.0535357142857143,-0.224464285714286
"4779","6600",11.462,-0.168,0,-0.0535357142857143,-0.114464285714286
"4780","6600",-0.691,-1.328,0,-0.0535357142857143,-1.27446428571429
"4781","6600",3.383,-0.268,0,-0.0535357142857143,-0.214464285714286
"4782","6600",9.321,-0.048,0,-0.0535357142857143,0.00553571428571429
"4783","6600",7.328,-0.438,0,-0.0535357142857143,-0.384464285714286
"4784","6600",2.899,-0.138,0,-0.0535357142857143,-0.0844642857142857
"4785","6600",9.216,-0.908,0,-0.0535357142857143,-0.854464285714286
"4786","6600",22.866,1.072,0,-0.0535357142857143,1.12553571428571
"4787","6600",16.176,0.612,0,-0.0535357142857143,0.665535714285714
"4788","6600",15.561,-0.328,0,-0.0535357142857143,-0.274464285714286
"4789","6600",23.053,1.182,0,-0.0535357142857143,1.23553571428571
"4790","6600",24.06,1.122,0,-0.0535357142857143,1.17553571428571
"4791","6600",14.076,-0.508,0,-0.0535357142857143,-0.454464285714286
"4792","6600",4.601,-0.338,0,-0.0535357142857143,-0.284464285714286
"4793","6600",12.291,-0.628,0,-0.0535357142857143,-0.574464285714286
"4794","6600",19.963,0.972,0,-0.0535357142857143,1.02553571428571
"4795","6600",9.339,-0.588,0,-0.0535357142857143,-0.534464285714286
"4796","6600",2.258,-0.738,0,-0.0535357142857143,-0.684464285714286
"4797","6600",0.969,-1.978,0,-0.0535357142857143,-1.92446428571429
"4798","6600",17.741,0.802,0,-0.0535357142857143,0.855535714285714
"4799","6600",19.126,-0.228,0,-0.0535357142857143,-0.174464285714286
"4800","6600",15.297,-0.158,0,-0.0535357142857143,-0.104464285714286
"4801","6600",8.197,-0.338,0,-0.0535357142857143,-0.284464285714286
"4802","6600",18.946,0.952,0,-0.0535357142857143,1.00553571428571
"4803","6600",9.179,-0.188,0,-0.0535357142857143,-0.134464285714286
"4804","6600",11.202,-0.728,0,-0.0535357142857143,-0.674464285714286
"4805","6600",14.932,-0.038,0,-0.0535357142857143,0.0155357142857143
"4806","6600",11.941,0.692,0,-0.0535357142857143,0.745535714285714
"4807","6600",19.592,0.682,0,-0.0535357142857143,0.735535714285714
"4808","6600",-2.832,0.952,0,-0.0535357142857143,1.00553571428571
"4809","6600",13.44,-0.598,0,-0.0535357142857143,-0.544464285714286
"4810","6600",3.979,0.312,0,-0.0535357142857143,0.365535714285714
"4811","6600",20.144,-0.308,0,-0.0535357142857143,-0.254464285714286
"4812","6600",7.772,1.152,0,-0.0535357142857143,1.20553571428571
"4813","6600",6.966,-0.258,0,-0.0535357142857143,-0.204464285714286
"4814","6600",22.183,-0.058,0,-0.0535357142857143,-0.00446428571428571
"4815","6600",3.145,0.512,0,-0.0535357142857143,0.565535714285714
"4816","6600",17.964,-0.368,0,-0.0535357142857143,-0.314464285714286
"4817","6600",12.445,0.332,0,-0.0535357142857143,0.385535714285714
"4818","6600",8.865,-0.228,0,-0.0535357142857143,-0.174464285714286
"4819","6600",16.836,-0.058,0,-0.0535357142857143,-0.00446428571428571
"4820","6600",5.927,0.062,0,-0.0535357142857143,0.115535714285714
"4821","6600",8.153,-0.158,0,-0.0535357142857143,-0.104464285714286
"4822","6600",15.118,-0.208,0,-0.0535357142857143,-0.154464285714286
"4823","6600",7.649,-0.358,0,-0.0535357142857143,-0.304464285714286
"4824","6600",20.366,-0.128,0,-0.0535357142857143,-0.0744642857142857
"4825","6600",11.723,1.042,0,-0.0535357142857143,1.09553571428571
"4826","6600",21.646,0.282,0,-0.0535357142857143,0.335535714285714
"4827","6600",6.58,-0.038,0,-0.0535357142857143,0.0155357142857143
"4828","6600",16.795,0.932,0,-0.0535357142857143,0.985535714285714
"4829","6808",10.249,-0.048,0,-0.0961818181818182,0.0481818181818182
"4830","6808",13.392,-0.688,0,-0.0961818181818182,-0.591818181818182
"4831","6808",10.551,-0.998,0,-0.0961818181818182,-0.901818181818182
"4832","6808",4.666,0.502,0,-0.0961818181818182,0.598181818181818
"4833","6808",1.551,-0.498,0,-0.0961818181818182,-0.401818181818182
"4834","6808",5.803,-0.878,0,-0.0961818181818182,-0.781818181818182
"4835","6808",11.096,0.692,0,-0.0961818181818182,0.788181818181818
"4836","6808",5.628,-1.128,0,-0.0961818181818182,-1.03181818181818
"4837","6808",22.197,1.042,0,-0.0961818181818182,1.13818181818182
"4838","6808",20.718,-0.898,0,-0.0961818181818182,-0.801818181818182
"4839","6808",14.304,-0.968,0,-0.0961818181818182,-0.871818181818182
"4840","6808",19.545,0.222,0,-0.0961818181818182,0.318181818181818
"4841","6808",9.766,0.782,0,-0.0961818181818182,0.878181818181818
"4842","6808",6.024,-0.768,0,-0.0961818181818182,-0.671818181818182
"4843","6808",5.484,0.192,0,-0.0961818181818182,0.288181818181818
"4844","6808",2.393,0.052,0,-0.0961818181818182,0.148181818181818
"4845","6808",0.958,-2.148,0,-0.0961818181818182,-2.05181818181818
"4846","6808",22.451,0.802,0,-0.0961818181818182,0.898181818181818
"4847","6808",7.243,0.422,0,-0.0961818181818182,0.518181818181818
"4848","6808",12.577,-1.118,0,-0.0961818181818182,-1.02181818181818
"4849","6808",4.774,1.242,0,-0.0961818181818182,1.33818181818182
"4850","6808",-2.008,-0.468,0,-0.0961818181818182,-0.371818181818182
"4851","6808",13.809,-0.588,0,-0.0961818181818182,-0.491818181818182
"4852","6808",15.963,0.092,0,-0.0961818181818182,0.188181818181818
"4853","6808",7.719,0.132,0,-0.0961818181818182,0.228181818181818
"4854","6808",-2.565,0.062,0,-0.0961818181818182,0.158181818181818
"4855","6808",1.908,-0.718,0,-0.0961818181818182,-0.621818181818182
"4856","6808",1.011,-0.228,0,-0.0961818181818182,-0.131818181818182
"4857","6808",19.047,0.942,0,-0.0961818181818182,1.03818181818182
"4858","6808",5.198,-0.788,0,-0.0961818181818182,-0.691818181818182
"4859","6808",11.16,0.022,0,-0.0961818181818182,0.118181818181818
"4860","6808",3.522,-0.218,0,-0.0961818181818182,-0.121818181818182
"4861","6808",21.739,-0.528,0,-0.0961818181818182,-0.431818181818182
"4862","6808",18.255,-0.448,0,-0.0961818181818182,-0.351818181818182
"4863","6808",5.232,-0.438,0,-0.0961818181818182,-0.341818181818182
"4864","6808",12.188,1.512,0,-0.0961818181818182,1.60818181818182
"4865","6808",16.007,1.292,0,-0.0961818181818182,1.38818181818182
"4866","6808",14.505,1.212,0,-0.0961818181818182,1.30818181818182
"4867","6808",3.038,0.482,0,-0.0961818181818182,0.578181818181818
"4868","6808",10.847,-0.788,0,-0.0961818181818182,-0.691818181818182
"4869","6808",-2.496,0.202,0,-0.0961818181818182,0.298181818181818
"4870","6808",1.275,-1.158,0,-0.0961818181818182,-1.06181818181818
"4871","6808",12.723,-0.008,0,-0.0961818181818182,0.0881818181818182
"4872","6808",9.142,0.382,0,-0.0961818181818182,0.478181818181818
"4873","6816",18.067,0.852,1,0.528909090909091,0.323090909090909
"4874","6816",10.197,0.012,1,0.528909090909091,-0.516909090909091
"4875","6816",18.997,0.652,1,0.528909090909091,0.123090909090909
"4876","6816",14.991,0.742,1,0.528909090909091,0.213090909090909
"4877","6816",17.604,-0.128,1,0.528909090909091,-0.656909090909091
"4878","6816",11.411,1.512,1,0.528909090909091,0.983090909090909
"4879","6816",15.337,-0.408,1,0.528909090909091,-0.936909090909091
"4880","6816",22.006,0.472,1,0.528909090909091,-0.0569090909090909
"4881","6816",8.156,0.682,1,0.528909090909091,0.153090909090909
"4882","6816",17.516,0.882,1,0.528909090909091,0.353090909090909
"4883","6816",17.826,0.112,1,0.528909090909091,-0.416909090909091
"4884","6816",8.233,0.062,1,0.528909090909091,-0.466909090909091
"4885","6816",9.092,0.002,1,0.528909090909091,-0.526909090909091
"4886","6816",14.861,0.952,1,0.528909090909091,0.423090909090909
"4887","6816",16.103,0.362,1,0.528909090909091,-0.166909090909091
"4888","6816",17.409,1.122,1,0.528909090909091,0.593090909090909
"4889","6816",8.713,1.212,1,0.528909090909091,0.683090909090909
"4890","6816",20.303,0.302,1,0.528909090909091,-0.226909090909091
"4891","6816",17.187,1.512,1,0.528909090909091,0.983090909090909
"4892","6816",22.559,1.342,1,0.528909090909091,0.813090909090909
"4893","6816",9.944,1.222,1,0.528909090909091,0.693090909090909
"4894","6816",16.649,-0.188,1,0.528909090909091,-0.716909090909091
"4895","6816",3.619,0.132,1,0.528909090909091,-0.396909090909091
"4896","6816",12.884,0.452,1,0.528909090909091,-0.0769090909090909
"4897","6816",9.413,1.062,1,0.528909090909091,0.533090909090909
"4898","6816",16.777,0.272,1,0.528909090909091,-0.256909090909091
"4899","6816",8.654,-2.838,1,0.528909090909091,-3.36690909090909
"4900","6816",14.344,0.192,1,0.528909090909091,-0.336909090909091
"4901","6816",11.339,0.712,1,0.528909090909091,0.183090909090909
"4902","6816",12.531,1.262,1,0.528909090909091,0.733090909090909
"4903","6816",18.285,-0.138,1,0.528909090909091,-0.666909090909091
"4904","6816",16.411,0.902,1,0.528909090909091,0.373090909090909
"4905","6816",15.284,0.772,1,0.528909090909091,0.243090909090909
"4906","6816",21.191,0.912,1,0.528909090909091,0.383090909090909
"4907","6816",15.014,0.402,1,0.528909090909091,-0.126909090909091
"4908","6816",13.117,0.542,1,0.528909090909091,0.0130909090909092
"4909","6816",16.446,-0.148,1,0.528909090909091,-0.676909090909091
"4910","6816",21.29,1.512,1,0.528909090909091,0.983090909090909
"4911","6816",15.456,1.162,1,0.528909090909091,0.633090909090909
"4912","6816",18.791,1.072,1,0.528909090909091,0.543090909090909
"4913","6816",15.611,-0.068,1,0.528909090909091,-0.596909090909091
"4914","6816",7.412,0.672,1,0.528909090909091,0.143090909090909
"4915","6816",19.041,0.942,1,0.528909090909091,0.413090909090909
"4916","6816",16.967,0.152,1,0.528909090909091,-0.376909090909091
"4917","6816",1.162,0.192,1,0.528909090909091,-0.336909090909091
"4918","6816",11.937,0.902,1,0.528909090909091,0.373090909090909
"4919","6816",13.012,1.342,1,0.528909090909091,0.813090909090909
"4920","6816",17.248,1.032,1,0.528909090909091,0.503090909090909
"4921","6816",7.492,-0.388,1,0.528909090909091,-0.916909090909091
"4922","6816",21.392,-0.218,1,0.528909090909091,-0.746909090909091
"4923","6816",15.733,0.172,1,0.528909090909091,-0.356909090909091
"4924","6816",15.034,1.082,1,0.528909090909091,0.553090909090909
"4925","6816",15.614,0.472,1,0.528909090909091,-0.0569090909090909
"4926","6816",12.584,0.132,1,0.528909090909091,-0.396909090909091
"4927","6816",15.357,1.152,1,0.528909090909091,0.623090909090909
"4928","6897",18.863,1.512,0,0.349551020408163,1.16244897959184
"4929","6897",7.705,-0.618,0,0.349551020408163,-0.967551020408163
"4930","6897",8.411,0.622,0,0.349551020408163,0.272448979591837
"4931","6897",22.004,-0.288,0,0.349551020408163,-0.637551020408163
"4932","6897",23.503,1.452,0,0.349551020408163,1.10244897959184
"4933","6897",17.527,0.392,0,0.349551020408163,0.0424489795918367
"4934","6897",22.7,0.632,0,0.349551020408163,0.282448979591837
"4935","6897",10.148,0.792,0,0.349551020408163,0.442448979591837
"4936","6897",23.397,0.742,0,0.349551020408163,0.392448979591837
"4937","6897",4.638,-0.798,0,0.349551020408163,-1.14755102040816
"4938","6897",17.906,0.662,0,0.349551020408163,0.312448979591837
"4939","6897",11.541,-0.718,0,0.349551020408163,-1.06755102040816
"4940","6897",21.141,0.212,0,0.349551020408163,-0.137551020408163
"4941","6897",10.122,0.082,0,0.349551020408163,-0.267551020408163
"4942","6897",12.332,0.402,0,0.349551020408163,0.0524489795918368
"4943","6897",16.794,-0.038,0,0.349551020408163,-0.387551020408163
"4944","6897",23.923,-0.548,0,0.349551020408163,-0.897551020408163
"4945","6897",14.57,0.062,0,0.349551020408163,-0.287551020408163
"4946","6897",6.405,-0.108,0,0.349551020408163,-0.457551020408163
"4947","6897",22.123,1.232,0,0.349551020408163,0.882448979591837
"4948","6897",19.619,1.162,0,0.349551020408163,0.812448979591837
"4949","6897",2.251,0.482,0,0.349551020408163,0.132448979591837
"4950","6897",14.197,0.162,0,0.349551020408163,-0.187551020408163
"4951","6897",10.103,0.522,0,0.349551020408163,0.172448979591837
"4952","6897",9.101,-0.888,0,0.349551020408163,-1.23755102040816
"4953","6897",15.885,-0.388,0,0.349551020408163,-0.737551020408163
"4954","6897",19.83,1.012,0,0.349551020408163,0.662448979591837
"4955","6897",22.292,0.682,0,0.349551020408163,0.332448979591837
"4956","6897",5.157,-0.298,0,0.349551020408163,-0.647551020408163
"4957","6897",24.479,1.452,0,0.349551020408163,1.10244897959184
"4958","6897",18.66,-0.958,0,0.349551020408163,-1.30755102040816
"4959","6897",5.358,0.312,0,0.349551020408163,-0.0375510204081633
"4960","6897",4.806,0.872,0,0.349551020408163,0.522448979591837
"4961","6897",19.245,1.372,0,0.349551020408163,1.02244897959184
"4962","6897",4.33,-0.718,0,0.349551020408163,-1.06755102040816
"4963","6897",17.255,0.472,0,0.349551020408163,0.122448979591837
"4964","6897",15.281,-0.328,0,0.349551020408163,-0.677551020408163
"4965","6897",21.416,1.512,0,0.349551020408163,1.16244897959184
"4966","6897",22.857,-0.198,0,0.349551020408163,-0.547551020408163
"4967","6897",15.944,0.402,0,0.349551020408163,0.0524489795918368
"4968","6897",17.972,0.062,0,0.349551020408163,-0.287551020408163
"4969","6897",8.188,1.022,0,0.349551020408163,0.672448979591837
"4970","6897",23.584,1.372,0,0.349551020408163,1.02244897959184
"4971","6897",11.309,-1.188,0,0.349551020408163,-1.53755102040816
"4972","6897",19.303,1.312,0,0.349551020408163,0.962448979591837
"4973","6897",1.813,0.032,0,0.349551020408163,-0.317551020408163
"4974","6897",17.423,1.312,0,0.349551020408163,0.962448979591837
"4975","6897",16.543,0.832,0,0.349551020408163,0.482448979591837
"4976","6897",19.83,0.052,0,0.349551020408163,-0.297551020408163
"4977","6990",2.509,-1.648,0,-0.489698113207547,-1.15830188679245
"4978","6990",4.756,1.292,0,-0.489698113207547,1.78169811320755
"4979","6990",15.756,-1.068,0,-0.489698113207547,-0.578301886792453
"4980","6990",0.037,0.162,0,-0.489698113207547,0.651698113207547
"4981","6990",13.484,-0.728,0,-0.489698113207547,-0.238301886792453
"4982","6990",13.796,-0.028,0,-0.489698113207547,0.461698113207547
"4983","6990",1.645,0.692,0,-0.489698113207547,1.18169811320755
"4984","6990",3.654,-0.428,0,-0.489698113207547,0.0616981132075472
"4985","6990",13.667,0.882,0,-0.489698113207547,1.37169811320755
"4986","6990",1.291,-1.618,0,-0.489698113207547,-1.12830188679245
"4987","6990",6.232,0.242,0,-0.489698113207547,0.731698113207547
"4988","6990",3.513,-0.188,0,-0.489698113207547,0.301698113207547
"4989","6990",4.522,-0.708,0,-0.489698113207547,-0.218301886792453
"4990","6990",10.237,0.882,0,-0.489698113207547,1.37169811320755
"4991","6990",7.262,-0.028,0,-0.489698113207547,0.461698113207547
"4992","6990",3.715,-0.078,0,-0.489698113207547,0.411698113207547
"4993","6990",10.817,-0.498,0,-0.489698113207547,-0.00830188679245281
"4994","6990",5.092,-1.098,0,-0.489698113207547,-0.608301886792453
"4995","6990",2.855,-0.528,0,-0.489698113207547,-0.0383018867924528
"4996","6990",3.617,-0.078,0,-0.489698113207547,0.411698113207547
"4997","6990",4.78,0.292,0,-0.489698113207547,0.781698113207547
"4998","6990",1.245,-0.448,0,-0.489698113207547,0.0416981132075472
"4999","6990",3.209,0.022,0,-0.489698113207547,0.511698113207547
"5000","6990",13.599,-0.348,0,-0.489698113207547,0.141698113207547
"5001","6990",3.583,-0.628,0,-0.489698113207547,-0.138301886792453
"5002","6990",10.038,-1.948,0,-0.489698113207547,-1.45830188679245
"5003","6990",4.895,-0.078,0,-0.489698113207547,0.411698113207547
"5004","6990",0.261,-0.998,0,-0.489698113207547,-0.508301886792453
"5005","6990",19.432,-0.348,0,-0.489698113207547,0.141698113207547
"5006","6990",4.568,-1.028,0,-0.489698113207547,-0.538301886792453
"5007","6990",-0.626,-0.298,0,-0.489698113207547,0.191698113207547
"5008","6990",4.285,-2.148,0,-0.489698113207547,-1.65830188679245
"5009","6990",3.36,-2.508,0,-0.489698113207547,-2.01830188679245
"5010","6990",15.164,-0.588,0,-0.489698113207547,-0.0983018867924528
"5011","6990",16.015,1.062,0,-0.489698113207547,1.55169811320755
"5012","6990",10.389,-0.908,0,-0.489698113207547,-0.418301886792453
"5013","6990",10.011,-1.418,0,-0.489698113207547,-0.928301886792453
"5014","6990",-2.832,-0.448,0,-0.489698113207547,0.0416981132075472
"5015","6990",2.6,-1.708,0,-0.489698113207547,-1.21830188679245
"5016","6990",0.819,-0.618,0,-0.489698113207547,-0.128301886792453
"5017","6990",5.078,-0.928,0,-0.489698113207547,-0.438301886792453
"5018","6990",9.268,-0.828,0,-0.489698113207547,-0.338301886792453
"5019","6990",7.944,0.352,0,-0.489698113207547,0.841698113207547
"5020","6990",15.832,0.412,0,-0.489698113207547,0.901698113207547
"5021","6990",3.357,-1.708,0,-0.489698113207547,-1.21830188679245
"5022","6990",7.77,-0.118,0,-0.489698113207547,0.371698113207547
"5023","6990",0.035,1.262,0,-0.489698113207547,1.75169811320755
"5024","6990",-1.929,-1.498,0,-0.489698113207547,-1.00830188679245
"5025","6990",4.293,-1.228,0,-0.489698113207547,-0.738301886792453
"5026","6990",1.785,-0.658,0,-0.489698113207547,-0.168301886792453
"5027","6990",8.875,-1.048,0,-0.489698113207547,-0.558301886792453
"5028","6990",0.401,-0.528,0,-0.489698113207547,-0.0383018867924528
"5029","6990",0.809,0.222,0,-0.489698113207547,0.711698113207547
"5030","7011",9.581,0.522,1,-0.0313333333333333,0.553333333333333
"5031","7011",7.429,-0.378,1,-0.0313333333333333,-0.346666666666667
"5032","7011",14.777,-0.468,1,-0.0313333333333333,-0.436666666666667
"5033","7011",8.537,-0.258,1,-0.0313333333333333,-0.226666666666667
"5034","7011",13.103,0.062,1,-0.0313333333333333,0.0933333333333334
"5035","7011",8.768,-0.458,1,-0.0313333333333333,-0.426666666666667
"5036","7011",13.102,0.422,1,-0.0313333333333333,0.453333333333333
"5037","7011",9.919,-0.408,1,-0.0313333333333333,-0.376666666666667
"5038","7011",13.842,-0.138,1,-0.0313333333333333,-0.106666666666667
"5039","7011",2.799,-1.278,1,-0.0313333333333333,-1.24666666666667
"5040","7011",11.29,0.182,1,-0.0313333333333333,0.213333333333333
"5041","7011",17.659,1.212,1,-0.0313333333333333,1.24333333333333
"5042","7011",19.234,0.542,1,-0.0313333333333333,0.573333333333333
"5043","7011",20.773,-0.248,1,-0.0313333333333333,-0.216666666666667
"5044","7011",23.558,0.612,1,-0.0313333333333333,0.643333333333333
"5045","7011",0.165,-0.258,1,-0.0313333333333333,-0.226666666666667
"5046","7011",20.081,0.562,1,-0.0313333333333333,0.593333333333333
"5047","7011",16.699,1.162,1,-0.0313333333333333,1.19333333333333
"5048","7011",22.382,0.282,1,-0.0313333333333333,0.313333333333333
"5049","7011",24.993,0.072,1,-0.0313333333333333,0.103333333333333
"5050","7011",22.402,-0.628,1,-0.0313333333333333,-0.596666666666667
"5051","7011",11.839,-0.158,1,-0.0313333333333333,-0.126666666666667
"5052","7011",5.501,-1.008,1,-0.0313333333333333,-0.976666666666667
"5053","7011",8.319,0.152,1,-0.0313333333333333,0.183333333333333
"5054","7011",8.513,-1.108,1,-0.0313333333333333,-1.07666666666667
"5055","7011",16.289,-0.328,1,-0.0313333333333333,-0.296666666666667
"5056","7011",7.472,-0.768,1,-0.0313333333333333,-0.736666666666667
"5057","7011",17.555,0.602,1,-0.0313333333333333,0.633333333333333
"5058","7011",17.094,0.672,1,-0.0313333333333333,0.703333333333333
"5059","7011",17.611,-0.548,1,-0.0313333333333333,-0.516666666666667
"5060","7011",18.305,0.852,1,-0.0313333333333333,0.883333333333333
"5061","7011",12.744,-0.098,1,-0.0313333333333333,-0.0666666666666667
"5062","7011",13.513,-0.408,1,-0.0313333333333333,-0.376666666666667
"5063","7101",14.438,0.932,0,0.00700000000000002,0.925
"5064","7101",21.741,0.072,0,0.00700000000000002,0.065
"5065","7101",5.533,0.252,0,0.00700000000000002,0.245
"5066","7101",3.597,1.112,0,0.00700000000000002,1.105
"5067","7101",6.826,0.482,0,0.00700000000000002,0.475
"5068","7101",10.183,-0.108,0,0.00700000000000002,-0.115
"5069","7101",15.161,0.062,0,0.00700000000000002,0.055
"5070","7101",14.256,-1.698,0,0.00700000000000002,-1.705
"5071","7101",7.209,-0.228,0,0.00700000000000002,-0.235
"5072","7101",12.078,-0.578,0,0.00700000000000002,-0.585
"5073","7101",22.113,0.472,0,0.00700000000000002,0.465
"5074","7101",4.034,-1.168,0,0.00700000000000002,-1.175
"5075","7101",17.085,0.832,0,0.00700000000000002,0.825
"5076","7101",16.251,1.262,0,0.00700000000000002,1.255
"5077","7101",16.585,-0.648,0,0.00700000000000002,-0.655
"5078","7101",16.188,0.422,0,0.00700000000000002,0.415
"5079","7101",17.206,0.672,0,0.00700000000000002,0.665
"5080","7101",19.483,-0.238,0,0.00700000000000002,-0.245
"5081","7101",6.271,-0.428,0,0.00700000000000002,-0.435
"5082","7101",9.223,-0.618,0,0.00700000000000002,-0.625
"5083","7101",4.534,-0.968,0,0.00700000000000002,-0.975
"5084","7101",13.684,-0.478,0,0.00700000000000002,-0.485
"5085","7101",9.401,-1.258,0,0.00700000000000002,-1.265
"5086","7101",12.063,0.892,0,0.00700000000000002,0.885
"5087","7101",22.906,0.902,0,0.00700000000000002,0.895
"5088","7101",0.803,0.502,0,0.00700000000000002,0.495
"5089","7101",10.145,-1.158,0,0.00700000000000002,-1.165
"5090","7101",2.801,0.902,0,0.00700000000000002,0.895
"5091","7172",7.054,-0.898,1,-0.289818181818182,-0.608181818181818
"5092","7172",-0.602,-0.138,1,-0.289818181818182,0.151818181818182
"5093","7172",5.549,0.462,1,-0.289818181818182,0.751818181818182
"5094","7172",14.331,0.002,1,-0.289818181818182,0.291818181818182
"5095","7172",3.452,-0.778,1,-0.289818181818182,-0.488181818181818
"5096","7172",3.828,-1.358,1,-0.289818181818182,-1.06818181818182
"5097","7172",3.552,-1.228,1,-0.289818181818182,-0.938181818181818
"5098","7172",2.342,-0.198,1,-0.289818181818182,0.0918181818181818
"5099","7172",9.915,-0.628,1,-0.289818181818182,-0.338181818181818
"5100","7172",11.563,-0.348,1,-0.289818181818182,-0.0581818181818182
"5101","7172",19.899,0.202,1,-0.289818181818182,0.491818181818182
"5102","7172",6.303,-0.218,1,-0.289818181818182,0.0718181818181818
"5103","7172",4.518,0.202,1,-0.289818181818182,0.491818181818182
"5104","7172",10.579,-0.108,1,-0.289818181818182,0.181818181818182
"5105","7172",7.189,-0.428,1,-0.289818181818182,-0.138181818181818
"5106","7172",0.62,-1.498,1,-0.289818181818182,-1.20818181818182
"5107","7172",1.43,-0.098,1,-0.289818181818182,0.191818181818182
"5108","7172",4.686,0.242,1,-0.289818181818182,0.531818181818182
"5109","7172",13.351,-0.908,1,-0.289818181818182,-0.618181818181818
"5110","7172",2.003,0.512,1,-0.289818181818182,0.801818181818182
"5111","7172",7.918,0.182,1,-0.289818181818182,0.471818181818182
"5112","7172",14.899,0.592,1,-0.289818181818182,0.881818181818182
"5113","7172",2.382,-0.278,1,-0.289818181818182,0.0118181818181818
"5114","7172",7.107,0.482,1,-0.289818181818182,0.771818181818182
"5115","7172",13.85,0.562,1,-0.289818181818182,0.851818181818182
"5116","7172",3.951,0.252,1,-0.289818181818182,0.541818181818182
"5117","7172",5.788,-0.958,1,-0.289818181818182,-0.668181818181818
"5118","7172",7.011,-0.558,1,-0.289818181818182,-0.268181818181818
"5119","7172",17.967,-0.538,1,-0.289818181818182,-0.248181818181818
"5120","7172",10.044,-1.078,1,-0.289818181818182,-0.788181818181818
"5121","7172",3.243,-0.708,1,-0.289818181818182,-0.418181818181818
"5122","7172",11.458,0.262,1,-0.289818181818182,0.551818181818182
"5123","7172",1.098,-1.388,1,-0.289818181818182,-1.09818181818182
"5124","7172",4.416,-0.908,1,-0.289818181818182,-0.618181818181818
"5125","7172",13.097,0.482,1,-0.289818181818182,0.771818181818182
"5126","7172",13.349,1.152,1,-0.289818181818182,1.44181818181818
"5127","7172",18.938,-1.028,1,-0.289818181818182,-0.738181818181818
"5128","7172",9.486,1.052,1,-0.289818181818182,1.34181818181818
"5129","7172",8.399,-0.558,1,-0.289818181818182,-0.268181818181818
"5130","7172",-2.116,-0.048,1,-0.289818181818182,0.241818181818182
"5131","7172",10.083,0.202,1,-0.289818181818182,0.491818181818182
"5132","7172",6.615,-0.478,1,-0.289818181818182,-0.188181818181818
"5133","7172",17.276,-1.448,1,-0.289818181818182,-1.15818181818182
"5134","7172",17.119,-0.788,1,-0.289818181818182,-0.498181818181818
"5135","7232",2.633,0.502,0,-0.0901153846153846,0.592115384615385
"5136","7232",2.934,-1.068,0,-0.0901153846153846,-0.977884615384615
"5137","7232",10.348,0.232,0,-0.0901153846153846,0.322115384615385
"5138","7232",14.9,0.422,0,-0.0901153846153846,0.512115384615385
"5139","7232",14.46,-0.688,0,-0.0901153846153846,-0.597884615384615
"5140","7232",15.273,0.042,0,-0.0901153846153846,0.132115384615385
"5141","7232",-0.438,-0.048,0,-0.0901153846153846,0.0421153846153846
"5142","7232",4.135,-0.068,0,-0.0901153846153846,0.0221153846153846
"5143","7232",17.988,-0.348,0,-0.0901153846153846,-0.257884615384615
"5144","7232",10.087,-0.498,0,-0.0901153846153846,-0.407884615384615
"5145","7232",2.665,-1.348,0,-0.0901153846153846,-1.25788461538462
"5146","7232",14.561,-0.178,0,-0.0901153846153846,-0.0878846153846154
"5147","7232",14.241,0.972,0,-0.0901153846153846,1.06211538461538
"5148","7232",13.944,-0.538,0,-0.0901153846153846,-0.447884615384615
"5149","7232",-0.519,-0.788,0,-0.0901153846153846,-0.697884615384615
"5150","7232",-0.955,-0.018,0,-0.0901153846153846,0.0721153846153846
"5151","7232",21.628,-0.368,0,-0.0901153846153846,-0.277884615384615
"5152","7232",5.879,-0.238,0,-0.0901153846153846,-0.147884615384615
"5153","7232",17.001,0.332,0,-0.0901153846153846,0.422115384615385
"5154","7232",12.577,-0.518,0,-0.0901153846153846,-0.427884615384615
"5155","7232",2.607,-0.228,0,-0.0901153846153846,-0.137884615384615
"5156","7232",24.182,0.602,0,-0.0901153846153846,0.692115384615385
"5157","7232",20.206,0.182,0,-0.0901153846153846,0.272115384615385
"5158","7232",10.588,-0.718,0,-0.0901153846153846,-0.627884615384615
"5159","7232",13.584,-0.998,0,-0.0901153846153846,-0.907884615384615
"5160","7232",15.887,-0.718,0,-0.0901153846153846,-0.627884615384615
"5161","7232",2.008,-0.428,0,-0.0901153846153846,-0.337884615384615
"5162","7232",15.343,-0.648,0,-0.0901153846153846,-0.557884615384615
"5163","7232",15.711,-0.148,0,-0.0901153846153846,-0.0578846153846154
"5164","7232",9.32,0.482,0,-0.0901153846153846,0.572115384615385
"5165","7232",6.258,-1.418,0,-0.0901153846153846,-1.32788461538462
"5166","7232",19.301,0.652,0,-0.0901153846153846,0.742115384615385
"5167","7232",12.215,-0.028,0,-0.0901153846153846,0.0621153846153846
"5168","7232",8.619,0.112,0,-0.0901153846153846,0.202115384615385
"5169","7232",18.149,0.592,0,-0.0901153846153846,0.682115384615385
"5170","7232",20.941,0.032,0,-0.0901153846153846,0.122115384615385
"5171","7232",6.694,-0.228,0,-0.0901153846153846,-0.137884615384615
"5172","7232",16.74,-0.738,0,-0.0901153846153846,-0.647884615384615
"5173","7232",20.275,1.292,0,-0.0901153846153846,1.38211538461538
"5174","7232",17.025,0.082,0,-0.0901153846153846,0.172115384615385
"5175","7232",18.073,0.582,0,-0.0901153846153846,0.672115384615385
"5176","7232",10.795,-0.288,0,-0.0901153846153846,-0.197884615384615
"5177","7232",13.695,0.092,0,-0.0901153846153846,0.182115384615385
"5178","7232",16.278,-0.338,0,-0.0901153846153846,-0.247884615384615
"5179","7232",15.821,0.362,0,-0.0901153846153846,0.452115384615385
"5180","7232",23.591,0.442,0,-0.0901153846153846,0.532115384615385
"5181","7232",11.893,0.282,0,-0.0901153846153846,0.372115384615385
"5182","7232",15.302,0.782,0,-0.0901153846153846,0.872115384615385
"5183","7232",18.663,0.082,0,-0.0901153846153846,0.172115384615385
"5184","7232",1.81,-0.648,0,-0.0901153846153846,-0.557884615384615
"5185","7232",16.291,0.262,0,-0.0901153846153846,0.352115384615385
"5186","7232",21.01,0.182,0,-0.0901153846153846,0.272115384615385
"5187","7276",12.745,-1.188,0,0.0782264150943396,-1.26622641509434
"5188","7276",16.409,0.282,0,0.0782264150943396,0.20377358490566
"5189","7276",20.652,-0.508,0,0.0782264150943396,-0.58622641509434
"5190","7276",11.12,0.102,0,0.0782264150943396,0.0237735849056604
"5191","7276",2.113,-0.458,0,0.0782264150943396,-0.53622641509434
"5192","7276",4.027,-0.438,0,0.0782264150943396,-0.51622641509434
"5193","7276",4.849,0.892,0,0.0782264150943396,0.81377358490566
"5194","7276",7.086,0.892,0,0.0782264150943396,0.81377358490566
"5195","7276",24.309,0.632,0,0.0782264150943396,0.55377358490566
"5196","7276",14.171,1.142,0,0.0782264150943396,1.06377358490566
"5197","7276",12.146,0.532,0,0.0782264150943396,0.45377358490566
"5198","7276",18.71,0.572,0,0.0782264150943396,0.49377358490566
"5199","7276",6.617,0.912,0,0.0782264150943396,0.83377358490566
"5200","7276",1.521,-1.398,0,0.0782264150943396,-1.47622641509434
"5201","7276",14.184,-0.438,0,0.0782264150943396,-0.51622641509434
"5202","7276",18.357,0.372,0,0.0782264150943396,0.29377358490566
"5203","7276",19.129,0.442,0,0.0782264150943396,0.36377358490566
"5204","7276",18.564,-0.428,0,0.0782264150943396,-0.50622641509434
"5205","7276",16.576,-0.858,0,0.0782264150943396,-0.93622641509434
"5206","7276",7.996,0.032,0,0.0782264150943396,-0.0462264150943396
"5207","7276",20.853,0.482,0,0.0782264150943396,0.40377358490566
"5208","7276",11.596,0.462,0,0.0782264150943396,0.38377358490566
"5209","7276",5.935,0.312,0,0.0782264150943396,0.23377358490566
"5210","7276",19.558,-0.468,0,0.0782264150943396,-0.54622641509434
"5211","7276",11.676,1.122,0,0.0782264150943396,1.04377358490566
"5212","7276",11.504,0.482,0,0.0782264150943396,0.40377358490566
"5213","7276",14.372,0.472,0,0.0782264150943396,0.39377358490566
"5214","7276",24.677,0.932,0,0.0782264150943396,0.85377358490566
"5215","7276",15.412,0.862,0,0.0782264150943396,0.78377358490566
"5216","7276",24.993,1.372,0,0.0782264150943396,1.29377358490566
"5217","7276",17.228,1.052,0,0.0782264150943396,0.97377358490566
"5218","7276",20.214,1.092,0,0.0782264150943396,1.01377358490566
"5219","7276",6.277,-1.158,0,0.0782264150943396,-1.23622641509434
"5220","7276",11.717,-1.218,0,0.0782264150943396,-1.29622641509434
"5221","7276",4.828,0.092,0,0.0782264150943396,0.0137735849056604
"5222","7276",11.937,0.832,0,0.0782264150943396,0.75377358490566
"5223","7276",-1.525,-1.098,0,0.0782264150943396,-1.17622641509434
"5224","7276",15.73,-0.678,0,0.0782264150943396,-0.75622641509434
"5225","7276",13.765,0.242,0,0.0782264150943396,0.16377358490566
"5226","7276",21.532,1.132,0,0.0782264150943396,1.05377358490566
"5227","7276",3.478,-1.688,0,0.0782264150943396,-1.76622641509434
"5228","7276",10.162,-0.588,0,0.0782264150943396,-0.66622641509434
"5229","7276",19.672,0.782,0,0.0782264150943396,0.70377358490566
"5230","7276",8.96,-1.498,0,0.0782264150943396,-1.57622641509434
"5231","7276",0.906,0.382,0,0.0782264150943396,0.30377358490566
"5232","7276",9.484,-0.568,0,0.0782264150943396,-0.64622641509434
"5233","7276",2.327,0.142,0,0.0782264150943396,0.0637735849056604
"5234","7276",14.292,-0.068,0,0.0782264150943396,-0.14622641509434
"5235","7276",7.318,-0.738,0,0.0782264150943396,-0.81622641509434
"5236","7276",12.319,-0.128,0,0.0782264150943396,-0.20622641509434
"5237","7276",14.106,-0.038,0,0.0782264150943396,-0.11622641509434
"5238","7276",24.479,0.762,0,0.0782264150943396,0.68377358490566
"5239","7276",10.945,-0.018,0,0.0782264150943396,-0.0962264150943396
"5240","7332",10.738,-0.128,1,0.297,-0.425
"5241","7332",10.423,0.672,1,0.297,0.375
"5242","7332",18.759,0.652,1,0.297,0.355
"5243","7332",7.382,0.832,1,0.297,0.535
"5244","7332",3.013,-0.688,1,0.297,-0.985
"5245","7332",24.993,0.722,1,0.297,0.425
"5246","7332",22.208,0.912,1,0.297,0.615
"5247","7332",9.815,-0.118,1,0.297,-0.415
"5248","7332",19.835,0.782,1,0.297,0.485
"5249","7332",22.668,-1.378,1,0.297,-1.675
"5250","7332",3.326,0.192,1,0.297,-0.105
"5251","7332",16.502,-0.488,1,0.297,-0.785
"5252","7332",9.608,-0.208,1,0.297,-0.505
"5253","7332",18.96,0.022,1,0.297,-0.275
"5254","7332",16.67,0.982,1,0.297,0.685
"5255","7332",17.28,1.062,1,0.297,0.765
"5256","7332",13.347,1.022,1,0.297,0.725
"5257","7332",8.05,-0.168,1,0.297,-0.465
"5258","7332",23.141,0.682,1,0.297,0.385
"5259","7332",9.967,0.462,1,0.297,0.165
"5260","7332",18.054,0.682,1,0.297,0.385
"5261","7332",7.082,-0.118,1,0.297,-0.415
"5262","7332",14.873,-0.458,1,0.297,-0.755
"5263","7332",14.466,-0.918,1,0.297,-1.215
"5264","7332",21.884,0.712,1,0.297,0.415
"5265","7332",15.332,0.972,1,0.297,0.675
"5266","7332",15.286,0.982,1,0.297,0.685
"5267","7332",9.899,0.342,1,0.297,0.045
"5268","7332",21.736,0.652,1,0.297,0.355
"5269","7332",13.197,-0.298,1,0.297,-0.595
"5270","7332",18.423,-0.258,1,0.297,-0.555
"5271","7332",11.627,0.652,1,0.297,0.355
"5272","7332",10.865,0.332,1,0.297,0.035
"5273","7332",13.895,0.652,1,0.297,0.355
"5274","7332",10.551,0.302,1,0.297,0.005
"5275","7332",12.951,0.492,1,0.297,0.195
"5276","7332",13.531,-0.808,1,0.297,-1.105
"5277","7332",22.701,-0.578,1,0.297,-0.875
"5278","7332",16.114,-0.508,1,0.297,-0.805
"5279","7332",21.6,1.512,1,0.297,1.215
"5280","7332",18.804,1.342,1,0.297,1.045
"5281","7332",20.846,1.342,1,0.297,1.045
"5282","7332",21.184,0.252,1,0.297,-0.045
"5283","7332",15.917,0.942,1,0.297,0.645
"5284","7332",6.398,0.032,1,0.297,-0.265
"5285","7332",4.056,-0.748,1,0.297,-1.045
"5286","7332",13.243,0.692,1,0.297,0.395
"5287","7332",11.333,0.242,1,0.297,-0.055
"5288","7341",4.06,-0.558,0,-0.164078431372549,-0.393921568627451
"5289","7341",-1.232,0.172,0,-0.164078431372549,0.336078431372549
"5290","7341",9.483,0.202,0,-0.164078431372549,0.366078431372549
"5291","7341",14.357,-0.838,0,-0.164078431372549,-0.673921568627451
"5292","7341",4.939,-0.008,0,-0.164078431372549,0.156078431372549
"5293","7341",-0.05,-1.988,0,-0.164078431372549,-1.82392156862745
"5294","7341",0.047,-0.328,0,-0.164078431372549,-0.163921568627451
"5295","7341",12.076,-0.428,0,-0.164078431372549,-0.263921568627451
"5296","7341",7.82,0.092,0,-0.164078431372549,0.256078431372549
"5297","7341",-0.706,-0.138,0,-0.164078431372549,0.026078431372549
"5298","7341",1.295,-0.458,0,-0.164078431372549,-0.293921568627451
"5299","7341",5.705,-0.948,0,-0.164078431372549,-0.783921568627451
"5300","7341",13.469,-0.308,0,-0.164078431372549,-0.143921568627451
"5301","7341",12.893,0.182,0,-0.164078431372549,0.346078431372549
"5302","7341",10.255,-0.008,0,-0.164078431372549,0.156078431372549
"5303","7341",13.271,-0.218,0,-0.164078431372549,-0.053921568627451
"5304","7341",4.476,-1.668,0,-0.164078431372549,-1.50392156862745
"5305","7341",11.852,-0.258,0,-0.164078431372549,-0.093921568627451
"5306","7341",10.977,0.442,0,-0.164078431372549,0.606078431372549
"5307","7341",15.073,1.012,0,-0.164078431372549,1.17607843137255
"5308","7341",13.021,-0.018,0,-0.164078431372549,0.146078431372549
"5309","7341",4.417,-0.758,0,-0.164078431372549,-0.593921568627451
"5310","7341",11.132,-0.428,0,-0.164078431372549,-0.263921568627451
"5311","7341",4.55,0.502,0,-0.164078431372549,0.666078431372549
"5312","7341",3.711,-1.648,0,-0.164078431372549,-1.48392156862745
"5313","7341",10.54,-0.518,0,-0.164078431372549,-0.353921568627451
"5314","7341",14.716,-0.148,0,-0.164078431372549,0.016078431372549
"5315","7341",18.152,1.122,0,-0.164078431372549,1.28607843137255
"5316","7341",17.5,0.442,0,-0.164078431372549,0.606078431372549
"5317","7341",14.978,0.822,0,-0.164078431372549,0.986078431372549
"5318","7341",17.537,0.772,0,-0.164078431372549,0.936078431372549
"5319","7341",20.828,-0.618,0,-0.164078431372549,-0.453921568627451
"5320","7341",13.108,-1.008,0,-0.164078431372549,-0.843921568627451
"5321","7341",6.234,2.692,0,-0.164078431372549,2.85607843137255
"5322","7341",11.892,0.542,0,-0.164078431372549,0.706078431372549
"5323","7341",17.709,-0.138,0,-0.164078431372549,0.026078431372549
"5324","7341",7.078,-0.228,0,-0.164078431372549,-0.063921568627451
"5325","7341",13.557,-0.468,0,-0.164078431372549,-0.303921568627451
"5326","7341",11.325,-1.808,0,-0.164078431372549,-1.64392156862745
"5327","7341",13.174,0.022,0,-0.164078431372549,0.186078431372549
"5328","7341",5.041,-0.038,0,-0.164078431372549,0.126078431372549
"5329","7341",11.316,0.152,0,-0.164078431372549,0.316078431372549
"5330","7341",4.216,-1.038,0,-0.164078431372549,-0.873921568627451
"5331","7341",11.518,-0.458,0,-0.164078431372549,-0.293921568627451
"5332","7341",9.109,-0.578,0,-0.164078431372549,-0.413921568627451
"5333","7341",12.912,-0.058,0,-0.164078431372549,0.106078431372549
"5334","7341",11.537,1.342,0,-0.164078431372549,1.50607843137255
"5335","7341",6.65,0.462,0,-0.164078431372549,0.626078431372549
"5336","7341",5.23,0.202,0,-0.164078431372549,0.366078431372549
"5337","7341",8.87,-1.948,0,-0.164078431372549,-1.78392156862745
"5338","7341",17.885,0.512,0,-0.164078431372549,0.676078431372549
"5339","7342",9.304,-1.348,1,-0.447827586206897,-0.900172413793104
"5340","7342",11.609,-0.898,1,-0.447827586206897,-0.450172413793103
"5341","7342",23.271,-0.748,1,-0.447827586206897,-0.300172413793103
"5342","7342",15.179,0.222,1,-0.447827586206897,0.669827586206897
"5343","7342",18.183,-0.798,1,-0.447827586206897,-0.350172413793103
"5344","7342",8.335,-0.218,1,-0.447827586206897,0.229827586206897
"5345","7342",9.589,-1.298,1,-0.447827586206897,-0.850172413793103
"5346","7342",20.655,-0.778,1,-0.447827586206897,-0.330172413793103
"5347","7342",4.315,0.632,1,-0.447827586206897,1.0798275862069
"5348","7342",9.176,-0.898,1,-0.447827586206897,-0.450172413793103
"5349","7342",19.443,0.222,1,-0.447827586206897,0.669827586206897
"5350","7342",8.394,0.002,1,-0.447827586206897,0.449827586206897
"5351","7342",0.848,-0.338,1,-0.447827586206897,0.109827586206897
"5352","7342",14.099,-0.138,1,-0.447827586206897,0.309827586206897
"5353","7342",19.847,-0.808,1,-0.447827586206897,-0.360172413793103
"5354","7342",4.093,-1.438,1,-0.447827586206897,-0.990172413793103
"5355","7342",7.57,-0.618,1,-0.447827586206897,-0.170172413793103
"5356","7342",13.848,-0.718,1,-0.447827586206897,-0.270172413793103
"5357","7342",4.335,-0.048,1,-0.447827586206897,0.399827586206897
"5358","7342",19.461,-0.478,1,-0.447827586206897,-0.0301724137931034
"5359","7342",4.633,-0.548,1,-0.447827586206897,-0.100172413793103
"5360","7342",4.406,-0.188,1,-0.447827586206897,0.259827586206897
"5361","7342",13.098,-0.368,1,-0.447827586206897,0.0798275862068966
"5362","7342",2.032,-0.558,1,-0.447827586206897,-0.110172413793103
"5363","7342",15.918,1.042,1,-0.447827586206897,1.4898275862069
"5364","7342",12.821,-0.248,1,-0.447827586206897,0.199827586206897
"5365","7342",4.383,-1.098,1,-0.447827586206897,-0.650172413793104
"5366","7342",10.365,-0.938,1,-0.447827586206897,-0.490172413793103
"5367","7342",14.181,-0.898,1,-0.447827586206897,-0.450172413793103
"5368","7342",15.33,-0.718,1,-0.447827586206897,-0.270172413793103
"5369","7342",3.683,-1.418,1,-0.447827586206897,-0.970172413793103
"5370","7342",17.31,-0.418,1,-0.447827586206897,0.0298275862068966
"5371","7342",11.661,0.352,1,-0.447827586206897,0.799827586206897
"5372","7342",19.773,-0.398,1,-0.447827586206897,0.0498275862068965
"5373","7342",9.156,-0.078,1,-0.447827586206897,0.369827586206897
"5374","7342",10.637,-0.418,1,-0.447827586206897,0.0298275862068966
"5375","7342",21.879,-1.478,1,-0.447827586206897,-1.0301724137931
"5376","7342",1.103,-0.768,1,-0.447827586206897,-0.320172413793103
"5377","7342",13.31,-0.878,1,-0.447827586206897,-0.430172413793103
"5378","7342",7.531,-0.588,1,-0.447827586206897,-0.140172413793103
"5379","7342",10.453,-0.048,1,-0.447827586206897,0.399827586206897
"5380","7342",18.226,-0.628,1,-0.447827586206897,-0.180172413793103
"5381","7342",1.187,-0.678,1,-0.447827586206897,-0.230172413793103
"5382","7342",8.283,0.742,1,-0.447827586206897,1.1898275862069
"5383","7342",17.28,0.032,1,-0.447827586206897,0.479827586206897
"5384","7342",15.449,-1.088,1,-0.447827586206897,-0.640172413793104
"5385","7342",6.923,-0.328,1,-0.447827586206897,0.119827586206897
"5386","7342",5.529,0.032,1,-0.447827586206897,0.479827586206897
"5387","7342",19.098,-0.158,1,-0.447827586206897,0.289827586206897
"5388","7342",11.664,0.862,1,-0.447827586206897,1.3098275862069
"5389","7342",10.033,-0.018,1,-0.447827586206897,0.429827586206897
"5390","7342",13.328,-0.308,1,-0.447827586206897,0.139827586206897
"5391","7342",5.418,-0.658,1,-0.447827586206897,-0.210172413793103
"5392","7342",20.02,0.152,1,-0.447827586206897,0.599827586206897
"5393","7342",2.956,-1.108,1,-0.447827586206897,-0.660172413793104
"5394","7342",22.535,-0.188,1,-0.447827586206897,0.259827586206897
"5395","7342",6.194,-0.978,1,-0.447827586206897,-0.530172413793103
"5396","7342",-1.688,-0.508,1,-0.447827586206897,-0.0601724137931035
"5397","7345",13.068,0.702,0,0.03325,0.66875
"5398","7345",13.085,0.002,0,0.03325,-0.03125
"5399","7345",-0.203,-0.078,0,0.03325,-0.11125
"5400","7345",12.609,-0.588,0,0.03325,-0.62125
"5401","7345",16.98,0.762,0,0.03325,0.72875
"5402","7345",17.983,0.882,0,0.03325,0.84875
"5403","7345",12.787,1.372,0,0.03325,1.33875
"5404","7345",8.788,-1.528,0,0.03325,-1.56125
"5405","7345",11.919,-1.618,0,0.03325,-1.65125
"5406","7345",22.5,1.072,0,0.03325,1.03875
"5407","7345",11.07,0.692,0,0.03325,0.65875
"5408","7345",23.585,1.152,0,0.03325,1.11875
"5409","7345",7.891,-0.958,0,0.03325,-0.99125
"5410","7345",0.908,0.602,0,0.03325,0.56875
"5411","7345",16.706,0.932,0,0.03325,0.89875
"5412","7345",20.784,-0.738,0,0.03325,-0.77125
"5413","7345",15.539,0.672,0,0.03325,0.63875
"5414","7345",12.904,-0.188,0,0.03325,-0.22125
"5415","7345",18.909,0.692,0,0.03325,0.65875
"5416","7345",16.652,0.292,0,0.03325,0.25875
"5417","7345",7.513,0.342,0,0.03325,0.30875
"5418","7345",12.848,0.052,0,0.03325,0.01875
"5419","7345",13.047,-2.078,0,0.03325,-2.11125
"5420","7345",16.706,0.712,0,0.03325,0.67875
"5421","7345",1.817,0.352,0,0.03325,0.31875
"5422","7345",4.215,0.132,0,0.03325,0.09875
"5423","7345",4.6,-1.358,0,0.03325,-1.39125
"5424","7345",22.313,0.892,0,0.03325,0.85875
"5425","7345",24.993,1.282,0,0.03325,1.24875
"5426","7345",5.926,-1.048,0,0.03325,-1.08125
"5427","7345",12.123,0.452,0,0.03325,0.41875
"5428","7345",1.442,-0.988,0,0.03325,-1.02125
"5429","7345",4.023,0.082,0,0.03325,0.04875
"5430","7345",2.126,0.602,0,0.03325,0.56875
"5431","7345",9.098,-0.358,0,0.03325,-0.39125
"5432","7345",20.767,0.502,0,0.03325,0.46875
"5433","7345",2.211,-0.138,0,0.03325,-0.17125
"5434","7345",2.527,-0.548,0,0.03325,-0.58125
"5435","7345",9.764,0.812,0,0.03325,0.77875
"5436","7345",14.337,0.402,0,0.03325,0.36875
"5437","7345",4.337,-0.658,0,0.03325,-0.69125
"5438","7345",17.513,0.472,0,0.03325,0.43875
"5439","7345",8.157,-0.798,0,0.03325,-0.83125
"5440","7345",-0.184,0.822,0,0.03325,0.78875
"5441","7345",2.354,-1.098,0,0.03325,-1.13125
"5442","7345",23.134,0.472,0,0.03325,0.43875
"5443","7345",10.009,0.162,0,0.03325,0.12875
"5444","7345",3.361,-0.668,0,0.03325,-0.70125
"5445","7345",21.873,0.712,0,0.03325,0.67875
"5446","7345",-2.541,-0.948,0,0.03325,-0.98125
"5447","7345",8.231,-0.898,0,0.03325,-0.93125
"5448","7345",18.441,0.422,0,0.03325,0.38875
"5449","7345",20.589,1.082,0,0.03325,1.04875
"5450","7345",10.969,-0.348,0,0.03325,-0.38125
"5451","7345",12.16,-0.288,0,0.03325,-0.32125
"5452","7345",9.696,-0.808,0,0.03325,-0.84125
"5453","7364",13.88,0.372,1,-0.0893636363636364,0.461363636363636
"5454","7364",20.556,-0.808,1,-0.0893636363636364,-0.718636363636364
"5455","7364",14.665,-0.468,1,-0.0893636363636364,-0.378636363636364
"5456","7364",5.486,0.322,1,-0.0893636363636364,0.411363636363636
"5457","7364",3.762,0.622,1,-0.0893636363636364,0.711363636363636
"5458","7364",13.928,0.022,1,-0.0893636363636364,0.111363636363636
"5459","7364",17.348,-0.688,1,-0.0893636363636364,-0.598636363636364
"5460","7364",14.867,-0.988,1,-0.0893636363636364,-0.898636363636364
"5461","7364",3.554,0.312,1,-0.0893636363636364,0.401363636363636
"5462","7364",2.347,-0.228,1,-0.0893636363636364,-0.138636363636364
"5463","7364",16.485,0.472,1,-0.0893636363636364,0.561363636363636
"5464","7364",5.058,-1.268,1,-0.0893636363636364,-1.17863636363636
"5465","7364",19.836,-0.038,1,-0.0893636363636364,0.0513636363636364
"5466","7364",11.211,0.022,1,-0.0893636363636364,0.111363636363636
"5467","7364",20.325,-0.178,1,-0.0893636363636364,-0.0886363636363636
"5468","7364",21.139,0.352,1,-0.0893636363636364,0.441363636363636
"5469","7364",22.678,-0.168,1,-0.0893636363636364,-0.0786363636363636
"5470","7364",10.454,-0.688,1,-0.0893636363636364,-0.598636363636364
"5471","7364",13.131,0.032,1,-0.0893636363636364,0.121363636363636
"5472","7364",16.28,-0.568,1,-0.0893636363636364,-0.478636363636364
"5473","7364",7.12,0.202,1,-0.0893636363636364,0.291363636363636
"5474","7364",8.839,-0.208,1,-0.0893636363636364,-0.118636363636364
"5475","7364",20.964,0.182,1,-0.0893636363636364,0.271363636363636
"5476","7364",22.854,0.202,1,-0.0893636363636364,0.291363636363636
"5477","7364",10.174,-0.378,1,-0.0893636363636364,-0.288636363636364
"5478","7364",23.323,0.172,1,-0.0893636363636364,0.261363636363636
"5479","7364",19.096,-0.308,1,-0.0893636363636364,-0.218636363636364
"5480","7364",7.067,-0.358,1,-0.0893636363636364,-0.268636363636364
"5481","7364",14.833,0.622,1,-0.0893636363636364,0.711363636363636
"5482","7364",16.18,0.312,1,-0.0893636363636364,0.401363636363636
"5483","7364",17.594,-0.568,1,-0.0893636363636364,-0.478636363636364
"5484","7364",14.201,0.442,1,-0.0893636363636364,0.531363636363636
"5485","7364",20.29,0.052,1,-0.0893636363636364,0.141363636363636
"5486","7364",17.276,-0.458,1,-0.0893636363636364,-0.368636363636364
"5487","7364",19.275,-0.018,1,-0.0893636363636364,0.0713636363636364
"5488","7364",10.848,0.082,1,-0.0893636363636364,0.171363636363636
"5489","7364",6.015,-0.238,1,-0.0893636363636364,-0.148636363636364
"5490","7364",11.335,-0.778,1,-0.0893636363636364,-0.688636363636364
"5491","7364",6.571,-0.228,1,-0.0893636363636364,-0.138636363636364
"5492","7364",20.828,0.022,1,-0.0893636363636364,0.111363636363636
"5493","7364",17.231,-0.998,1,-0.0893636363636364,-0.908636363636364
"5494","7364",15.407,0.962,1,-0.0893636363636364,1.05136363636364
"5495","7364",13.238,1.002,1,-0.0893636363636364,1.09136363636364
"5496","7364",16.025,-0.088,1,-0.0893636363636364,0.00136363636363637
"5497","7635",12.162,0.012,1,0.242980392156863,-0.230980392156863
"5498","7635",11.307,-0.588,1,0.242980392156863,-0.830980392156863
"5499","7635",11.552,1.152,1,0.242980392156863,0.909019607843137
"5500","7635",22.526,0.672,1,0.242980392156863,0.429019607843137
"5501","7635",12.707,0.342,1,0.242980392156863,0.0990196078431373
"5502","7635",22.138,0.152,1,0.242980392156863,-0.0909803921568627
"5503","7635",14.077,0.442,1,0.242980392156863,0.199019607843137
"5504","7635",7.494,0.102,1,0.242980392156863,-0.140980392156863
"5505","7635",6.027,0.762,1,0.242980392156863,0.519019607843137
"5506","7635",3.5,-0.868,1,0.242980392156863,-1.11098039215686
"5507","7635",14.842,-0.938,1,0.242980392156863,-1.18098039215686
"5508","7635",16.442,-0.738,1,0.242980392156863,-0.980980392156863
"5509","7635",17.768,-0.038,1,0.242980392156863,-0.280980392156863
"5510","7635",4.995,0.392,1,0.242980392156863,0.149019607843137
"5511","7635",22.579,0.062,1,0.242980392156863,-0.180980392156863
"5512","7635",13.082,0.242,1,0.242980392156863,-0.000980392156862742
"5513","7635",17.989,0.902,1,0.242980392156863,0.659019607843137
"5514","7635",7.741,0.242,1,0.242980392156863,-0.000980392156862742
"5515","7635",22.851,1.392,1,0.242980392156863,1.14901960784314
"5516","7635",22.055,0.702,1,0.242980392156863,0.459019607843137
"5517","7635",20.691,0.352,1,0.242980392156863,0.109019607843137
"5518","7635",14.823,1.512,1,0.242980392156863,1.26901960784314
"5519","7635",21.445,-0.978,1,0.242980392156863,-1.22098039215686
"5520","7635",6.225,-1.228,1,0.242980392156863,-1.47098039215686
"5521","7635",17.049,-0.408,1,0.242980392156863,-0.650980392156863
"5522","7635",15.203,-0.138,1,0.242980392156863,-0.380980392156863
"5523","7635",19.989,-0.008,1,0.242980392156863,-0.250980392156863
"5524","7635",19.044,0.802,1,0.242980392156863,0.559019607843137
"5525","7635",7.703,0.422,1,0.242980392156863,0.179019607843137
"5526","7635",3.724,0.242,1,0.242980392156863,-0.000980392156862742
"5527","7635",10.535,-0.258,1,0.242980392156863,-0.500980392156863
"5528","7635",23.81,1.132,1,0.242980392156863,0.889019607843137
"5529","7635",5.479,-1.238,1,0.242980392156863,-1.48098039215686
"5530","7635",15.358,1.262,1,0.242980392156863,1.01901960784314
"5531","7635",5.866,-0.648,1,0.242980392156863,-0.890980392156863
"5532","7635",13.84,0.872,1,0.242980392156863,0.629019607843137
"5533","7635",13.398,0.742,1,0.242980392156863,0.499019607843137
"5534","7635",21.319,0.332,1,0.242980392156863,0.0890196078431373
"5535","7635",22.066,0.222,1,0.242980392156863,-0.0209803921568627
"5536","7635",19.816,0.942,1,0.242980392156863,0.699019607843137
"5537","7635",24.479,-0.018,1,0.242980392156863,-0.260980392156863
"5538","7635",13.142,0.342,1,0.242980392156863,0.0990196078431373
"5539","7635",12.406,0.342,1,0.242980392156863,0.0990196078431373
"5540","7635",19.964,-0.008,1,0.242980392156863,-0.250980392156863
"5541","7635",22.37,1.202,1,0.242980392156863,0.959019607843137
"5542","7635",14.713,0.532,1,0.242980392156863,0.289019607843137
"5543","7635",22.016,0.112,1,0.242980392156863,-0.130980392156863
"5544","7635",15.609,-0.018,1,0.242980392156863,-0.260980392156863
"5545","7635",19.795,-0.258,1,0.242980392156863,-0.500980392156863
"5546","7635",14.077,1.182,1,0.242980392156863,0.939019607843137
"5547","7635",8.554,0.652,1,0.242980392156863,0.409019607843137
"5548","7688",19.866,-0.128,1,0.185888888888889,-0.313888888888889
"5549","7688",20.078,-0.318,1,0.185888888888889,-0.503888888888889
"5550","7688",22.085,1.182,1,0.185888888888889,0.996111111111111
"5551","7688",20.928,0.222,1,0.185888888888889,0.0361111111111111
"5552","7688",17.163,-0.278,1,0.185888888888889,-0.463888888888889
"5553","7688",21.563,0.272,1,0.185888888888889,0.0861111111111111
"5554","7688",20.032,0.052,1,0.185888888888889,-0.133888888888889
"5555","7688",22.94,0.392,1,0.185888888888889,0.206111111111111
"5556","7688",23.686,0.682,1,0.185888888888889,0.496111111111111
"5557","7688",22.745,0.032,1,0.185888888888889,-0.153888888888889
"5558","7688",20.046,0.392,1,0.185888888888889,0.206111111111111
"5559","7688",22.909,-0.008,1,0.185888888888889,-0.193888888888889
"5560","7688",24.993,0.792,1,0.185888888888889,0.606111111111111
"5561","7688",15.264,0.752,1,0.185888888888889,0.566111111111111
"5562","7688",15.466,1.162,1,0.185888888888889,0.976111111111111
"5563","7688",16.855,0.172,1,0.185888888888889,-0.0138888888888889
"5564","7688",23.161,0.482,1,0.185888888888889,0.296111111111111
"5565","7688",18.718,0.432,1,0.185888888888889,0.246111111111111
"5566","7688",14.266,0.482,1,0.185888888888889,0.296111111111111
"5567","7688",16.267,0.772,1,0.185888888888889,0.586111111111111
"5568","7688",23.238,0.522,1,0.185888888888889,0.336111111111111
"5569","7688",15.781,0.062,1,0.185888888888889,-0.123888888888889
"5570","7688",18.63,0.292,1,0.185888888888889,0.106111111111111
"5571","7688",19.06,0.792,1,0.185888888888889,0.606111111111111
"5572","7688",1.277,0.592,1,0.185888888888889,0.406111111111111
"5573","7688",24.993,0.902,1,0.185888888888889,0.716111111111111
"5574","7688",22.69,1.422,1,0.185888888888889,1.23611111111111
"5575","7688",21.07,0.092,1,0.185888888888889,-0.0938888888888889
"5576","7688",9.156,0.552,1,0.185888888888889,0.366111111111111
"5577","7688",19.004,0.612,1,0.185888888888889,0.426111111111111
"5578","7688",9.587,0.612,1,0.185888888888889,0.426111111111111
"5579","7688",18.504,-0.628,1,0.185888888888889,-0.813888888888889
"5580","7688",15.485,-0.708,1,0.185888888888889,-0.893888888888889
"5581","7688",16.216,-0.468,1,0.185888888888889,-0.653888888888889
"5582","7688",13.484,-0.298,1,0.185888888888889,-0.483888888888889
"5583","7688",20.978,-0.938,1,0.185888888888889,-1.12388888888889
"5584","7688",12.146,-0.068,1,0.185888888888889,-0.253888888888889
"5585","7688",18.284,0.002,1,0.185888888888889,-0.183888888888889
"5586","7688",10.582,0.572,1,0.185888888888889,0.386111111111111
"5587","7688",21.517,0.132,1,0.185888888888889,-0.0538888888888889
"5588","7688",13.738,0.112,1,0.185888888888889,-0.0738888888888889
"5589","7688",20.908,0.502,1,0.185888888888889,0.316111111111111
"5590","7688",19.624,0.362,1,0.185888888888889,0.176111111111111
"5591","7688",15.24,-0.638,1,0.185888888888889,-0.823888888888889
"5592","7688",24.479,-0.398,1,0.185888888888889,-0.583888888888889
"5593","7688",22.907,-0.008,1,0.185888888888889,-0.193888888888889
"5594","7688",15.23,-0.308,1,0.185888888888889,-0.493888888888889
"5595","7688",20.502,-0.078,1,0.185888888888889,-0.263888888888889
"5596","7688",18.537,0.902,1,0.185888888888889,0.716111111111111
"5597","7688",17.258,0.712,1,0.185888888888889,0.526111111111111
"5598","7688",19.567,-1.278,1,0.185888888888889,-1.46388888888889
"5599","7688",16.252,-0.488,1,0.185888888888889,-0.673888888888889
"5600","7688",19.391,-0.658,1,0.185888888888889,-0.843888888888889
"5601","7688",20.459,-0.288,1,0.185888888888889,-0.473888888888889
"5602","7697",6.779,-0.408,0,0.25825,-0.66625
"5603","7697",12.505,0.662,0,0.25825,0.40375
"5604","7697",19.844,0.692,0,0.25825,0.43375
"5605","7697",17.163,0.482,0,0.25825,0.22375
"5606","7697",5.705,-0.208,0,0.25825,-0.46625
"5607","7697",22.973,0.252,0,0.25825,-0.00624999999999998
"5608","7697",13.179,-0.718,0,0.25825,-0.97625
"5609","7697",7.015,0.562,0,0.25825,0.30375
"5610","7697",14.254,0.122,0,0.25825,-0.13625
"5611","7697",20.13,0.832,0,0.25825,0.57375
"5612","7697",5.148,0.002,0,0.25825,-0.25625
"5613","7697",11.475,-0.008,0,0.25825,-0.26625
"5614","7697",24.479,0.182,0,0.25825,-0.07625
"5615","7697",23.398,0.742,0,0.25825,0.48375
"5616","7697",10.116,-0.158,0,0.25825,-0.41625
"5617","7697",24.483,0.542,0,0.25825,0.28375
"5618","7697",24.993,0.502,0,0.25825,0.24375
"5619","7697",20.226,-0.158,0,0.25825,-0.41625
"5620","7697",17.022,0.442,0,0.25825,0.18375
"5621","7697",23.464,0.822,0,0.25825,0.56375
"5622","7697",4.887,1.032,0,0.25825,0.77375
"5623","7697",21.848,0.272,0,0.25825,0.01375
"5624","7697",8.731,0.192,0,0.25825,-0.06625
"5625","7697",13.528,-0.588,0,0.25825,-0.84625
"5626","7697",11.62,0.872,0,0.25825,0.61375
"5627","7697",18.395,-0.228,0,0.25825,-0.48625
"5628","7697",6.574,-1.118,0,0.25825,-1.37625
"5629","7697",18.805,-1.078,0,0.25825,-1.33625
"5630","7697",13.179,0.472,0,0.25825,0.21375
"5631","7697",23.185,0.802,0,0.25825,0.54375
"5632","7697",23.578,0.942,0,0.25825,0.68375
"5633","7697",14.416,1.512,0,0.25825,1.25375
"5634","7734",16.44,-0.658,0,-0.469363636363636,-0.188636363636364
"5635","7734",4.132,-1.238,0,-0.469363636363636,-0.768636363636364
"5636","7734",7.044,-0.188,0,-0.469363636363636,0.281363636363636
"5637","7734",24.041,-1.278,0,-0.469363636363636,-0.808636363636364
"5638","7734",1.824,-1.128,0,-0.469363636363636,-0.658636363636363
"5639","7734",5.118,-1.128,0,-0.469363636363636,-0.658636363636363
"5640","7734",2.528,-0.388,0,-0.469363636363636,0.0813636363636364
"5641","7734",5.194,-0.878,0,-0.469363636363636,-0.408636363636364
"5642","7734",-1.225,-1.968,0,-0.469363636363636,-1.49863636363636
"5643","7734",13.759,1.512,0,-0.469363636363636,1.98136363636364
"5644","7734",17.054,-0.638,0,-0.469363636363636,-0.168636363636364
"5645","7734",23.394,1.002,0,-0.469363636363636,1.47136363636364
"5646","7734",9.782,-0.068,0,-0.469363636363636,0.401363636363636
"5647","7734",17.271,0.412,0,-0.469363636363636,0.881363636363636
"5648","7734",24.479,0.602,0,-0.469363636363636,1.07136363636364
"5649","7734",16.148,0.202,0,-0.469363636363636,0.671363636363636
"5650","7734",0.554,-1.518,0,-0.469363636363636,-1.04863636363636
"5651","7734",-0.281,-1.548,0,-0.469363636363636,-1.07863636363636
"5652","7734",6.018,-0.068,0,-0.469363636363636,0.401363636363636
"5653","7734",23.062,0.192,0,-0.469363636363636,0.661363636363636
"5654","7734",9.841,-0.388,0,-0.469363636363636,0.0813636363636364
"5655","7734",6.135,-1.168,0,-0.469363636363636,-0.698636363636363
"5656","7890",17.17,-0.618,0,-0.522705882352941,-0.0952941176470589
"5657","7890",4.74,0.232,0,-0.522705882352941,0.754705882352941
"5658","7890",3.377,0.032,0,-0.522705882352941,0.554705882352941
"5659","7890",22.189,-0.678,0,-0.522705882352941,-0.155294117647059
"5660","7890",16.495,-0.168,0,-0.522705882352941,0.354705882352941
"5661","7890",15.574,-0.828,0,-0.522705882352941,-0.305294117647059
"5662","7890",12.044,-0.528,0,-0.522705882352941,-0.00529411764705889
"5663","7890",3.628,-1.488,0,-0.522705882352941,-0.965294117647059
"5664","7890",3.901,0.492,0,-0.522705882352941,1.01470588235294
"5665","7890",5.941,-0.158,0,-0.522705882352941,0.364705882352941
"5666","7890",5.496,-0.998,0,-0.522705882352941,-0.475294117647059
"5667","7890",3.996,-1.128,0,-0.522705882352941,-0.605294117647059
"5668","7890",4.556,0.282,0,-0.522705882352941,0.804705882352941
"5669","7890",20.542,0.022,0,-0.522705882352941,0.544705882352941
"5670","7890",11.206,-1.308,0,-0.522705882352941,-0.785294117647059
"5671","7890",2.811,-0.118,0,-0.522705882352941,0.404705882352941
"5672","7890",11.467,-0.858,0,-0.522705882352941,-0.335294117647059
"5673","7890",2.622,-1.128,0,-0.522705882352941,-0.605294117647059
"5674","7890",20.534,-0.978,0,-0.522705882352941,-0.455294117647059
"5675","7890",3.893,-0.188,0,-0.522705882352941,0.334705882352941
"5676","7890",14.279,-1.148,0,-0.522705882352941,-0.625294117647059
"5677","7890",14.662,-0.668,0,-0.522705882352941,-0.145294117647059
"5678","7890",0.748,-0.238,0,-0.522705882352941,0.284705882352941
"5679","7890",9.68,-1.518,0,-0.522705882352941,-0.995294117647059
"5680","7890",7.886,-0.698,0,-0.522705882352941,-0.175294117647059
"5681","7890",0.93,-1.038,0,-0.522705882352941,-0.515294117647059
"5682","7890",5.211,0.002,0,-0.522705882352941,0.524705882352941
"5683","7890",11.992,-0.198,0,-0.522705882352941,0.324705882352941
"5684","7890",3.371,-1.428,0,-0.522705882352941,-0.905294117647059
"5685","7890",16.809,-0.338,0,-0.522705882352941,0.184705882352941
"5686","7890",3.478,-0.938,0,-0.522705882352941,-0.415294117647059
"5687","7890",7.774,-0.148,0,-0.522705882352941,0.374705882352941
"5688","7890",4.439,-0.488,0,-0.522705882352941,0.0347058823529411
"5689","7890",9.35,-0.868,0,-0.522705882352941,-0.345294117647059
"5690","7890",-0.398,-0.358,0,-0.522705882352941,0.164705882352941
"5691","7890",20.468,0.112,0,-0.522705882352941,0.634705882352941
"5692","7890",10.16,-1.038,0,-0.522705882352941,-0.515294117647059
"5693","7890",8.787,-0.738,0,-0.522705882352941,-0.215294117647059
"5694","7890",8.954,-0.388,0,-0.522705882352941,0.134705882352941
"5695","7890",2.434,-1.388,0,-0.522705882352941,-0.865294117647059
"5696","7890",3.295,-0.118,0,-0.522705882352941,0.404705882352941
"5697","7890",6.893,-0.368,0,-0.522705882352941,0.154705882352941
"5698","7890",3.414,-1.598,0,-0.522705882352941,-1.07529411764706
"5699","7890",9.28,-1.148,0,-0.522705882352941,-0.625294117647059
"5700","7890",8.322,-0.168,0,-0.522705882352941,0.354705882352941
"5701","7890",6.22,-0.318,0,-0.522705882352941,0.204705882352941
"5702","7890",12.037,0.832,0,-0.522705882352941,1.35470588235294
"5703","7890",20.648,-0.988,0,-0.522705882352941,-0.465294117647059
"5704","7890",3.744,0.802,0,-0.522705882352941,1.32470588235294
"5705","7890",-2.362,-0.048,0,-0.522705882352941,0.474705882352941
"5706","7890",0.709,0.082,0,-0.522705882352941,0.604705882352941
"5707","7919",2.809,0.852,0,0.457675675675676,0.394324324324324
"5708","7919",7.788,1.022,0,0.457675675675676,0.564324324324324
"5709","7919",23.906,0.172,0,0.457675675675676,-0.285675675675676
"5710","7919",13.8,0.552,0,0.457675675675676,0.0943243243243244
"5711","7919",18.171,0.702,0,0.457675675675676,0.244324324324324
"5712","7919",10.083,-0.008,0,0.457675675675676,-0.465675675675676
"5713","7919",9.891,0.762,0,0.457675675675676,0.304324324324324
"5714","7919",17.775,1.172,0,0.457675675675676,0.714324324324324
"5715","7919",22.519,0.952,0,0.457675675675676,0.494324324324324
"5716","7919",23.007,-0.068,0,0.457675675675676,-0.525675675675676
"5717","7919",7.195,0.762,0,0.457675675675676,0.304324324324324
"5718","7919",13.475,0.612,0,0.457675675675676,0.154324324324324
"5719","7919",6.582,0.392,0,0.457675675675676,-0.0656756756756757
"5720","7919",23.623,-0.118,0,0.457675675675676,-0.575675675675676
"5721","7919",4.675,-0.118,0,0.457675675675676,-0.575675675675676
"5722","7919",13.184,-0.038,0,0.457675675675676,-0.495675675675676
"5723","7919",19.14,0.062,0,0.457675675675676,-0.395675675675676
"5724","7919",20.245,0.862,0,0.457675675675676,0.404324324324324
"5725","7919",0.767,0.132,0,0.457675675675676,-0.325675675675676
"5726","7919",14.991,0.652,0,0.457675675675676,0.194324324324324
"5727","7919",18.484,0.412,0,0.457675675675676,-0.0456756756756757
"5728","7919",13.23,0.412,0,0.457675675675676,-0.0456756756756757
"5729","7919",18.608,0.962,0,0.457675675675676,0.504324324324324
"5730","7919",23.578,0.622,0,0.457675675675676,0.164324324324324
"5731","7919",3.367,-1.578,0,0.457675675675676,-2.03567567567568
"5732","7919",10.437,0.302,0,0.457675675675676,-0.155675675675676
"5733","7919",9.76,0.062,0,0.457675675675676,-0.395675675675676
"5734","7919",10.889,-0.408,0,0.457675675675676,-0.865675675675676
"5735","7919",21.741,1.012,0,0.457675675675676,0.554324324324324
"5736","7919",21.695,0.752,0,0.457675675675676,0.294324324324324
"5737","7919",23.323,0.802,0,0.457675675675676,0.344324324324324
"5738","7919",19.043,0.762,0,0.457675675675676,0.304324324324324
"5739","7919",18.921,0.762,0,0.457675675675676,0.304324324324324
"5740","7919",8,0.282,0,0.457675675675676,-0.175675675675676
"5741","7919",21.539,0.862,0,0.457675675675676,0.404324324324324
"5742","7919",21.152,0.342,0,0.457675675675676,-0.115675675675676
"5743","7919",12.056,1.262,0,0.457675675675676,0.804324324324324
"5744","8009",5.6,-0.148,1,0.515617021276596,-0.663617021276596
"5745","8009",19.843,0.072,1,0.515617021276596,-0.443617021276596
"5746","8009",5.359,0.332,1,0.515617021276596,-0.183617021276596
"5747","8009",18.394,0.612,1,0.515617021276596,0.0963829787234042
"5748","8009",17.807,0.882,1,0.515617021276596,0.366382978723404
"5749","8009",14.278,0.882,1,0.515617021276596,0.366382978723404
"5750","8009",12.072,0.922,1,0.515617021276596,0.406382978723404
"5751","8009",3.5,-0.798,1,0.515617021276596,-1.3136170212766
"5752","8009",17.958,0.892,1,0.515617021276596,0.376382978723404
"5753","8009",22.772,1.252,1,0.515617021276596,0.736382978723404
"5754","8009",12.224,-0.588,1,0.515617021276596,-1.1036170212766
"5755","8009",15.402,0.912,1,0.515617021276596,0.396382978723404
"5756","8009",13.255,0.902,1,0.515617021276596,0.386382978723404
"5757","8009",14.514,0.932,1,0.515617021276596,0.416382978723404
"5758","8009",16.396,1.072,1,0.515617021276596,0.556382978723404
"5759","8009",19.565,0.412,1,0.515617021276596,-0.103617021276596
"5760","8009",22.208,1.422,1,0.515617021276596,0.906382978723404
"5761","8009",9.52,1.192,1,0.515617021276596,0.676382978723404
"5762","8009",17.953,0.482,1,0.515617021276596,-0.0336170212765958
"5763","8009",6.149,1.102,1,0.515617021276596,0.586382978723404
"5764","8009",22.365,0.972,1,0.515617021276596,0.456382978723404
"5765","8009",11.063,0.282,1,0.515617021276596,-0.233617021276596
"5766","8009",17.724,0.672,1,0.515617021276596,0.156382978723404
"5767","8009",15.422,1.072,1,0.515617021276596,0.556382978723404
"5768","8009",9.718,0.522,1,0.515617021276596,0.00638297872340421
"5769","8009",9.78,0.892,1,0.515617021276596,0.376382978723404
"5770","8009",19.686,-0.388,1,0.515617021276596,-0.903617021276596
"5771","8009",18.604,0.042,1,0.515617021276596,-0.473617021276596
"5772","8009",6.153,0.302,1,0.515617021276596,-0.213617021276596
"5773","8009",22.373,1.072,1,0.515617021276596,0.556382978723404
"5774","8009",13.331,0.002,1,0.515617021276596,-0.513617021276596
"5775","8009",7.824,0.612,1,0.515617021276596,0.0963829787234042
"5776","8009",11.307,-0.358,1,0.515617021276596,-0.873617021276596
"5777","8009",18.814,0.502,1,0.515617021276596,-0.0136170212765958
"5778","8009",16.452,0.662,1,0.515617021276596,0.146382978723404
"5779","8009",9.311,0.652,1,0.515617021276596,0.136382978723404
"5780","8009",17.305,1.072,1,0.515617021276596,0.556382978723404
"5781","8009",-1.524,0.792,1,0.515617021276596,0.276382978723404
"5782","8009",13.108,-0.268,1,0.515617021276596,-0.783617021276596
"5783","8009",14.931,0.382,1,0.515617021276596,-0.133617021276596
"5784","8009",6.568,0.632,1,0.515617021276596,0.116382978723404
"5785","8009",14.061,0.452,1,0.515617021276596,-0.0636170212765958
"5786","8009",20.828,-0.618,1,0.515617021276596,-1.1336170212766
"5787","8009",10.58,0.792,1,0.515617021276596,0.276382978723404
"5788","8009",13.147,0.672,1,0.515617021276596,0.156382978723404
"5789","8009",21.497,0.852,1,0.515617021276596,0.336382978723404
"5790","8009",16.785,-0.778,1,0.515617021276596,-1.2936170212766
"5791","8150",12.693,0.322,1,0.305863636363636,0.0161363636363637
"5792","8150",18.295,0.202,1,0.305863636363636,-0.103863636363636
"5793","8150",13.881,-0.278,1,0.305863636363636,-0.583863636363636
"5794","8150",21.186,1.182,1,0.305863636363636,0.876136363636364
"5795","8150",17.769,0.852,1,0.305863636363636,0.546136363636364
"5796","8150",10.399,0.032,1,0.305863636363636,-0.273863636363636
"5797","8150",12.088,0.722,1,0.305863636363636,0.416136363636364
"5798","8150",7.369,0.302,1,0.305863636363636,-0.00386363636363635
"5799","8150",8.555,-0.358,1,0.305863636363636,-0.663863636363636
"5800","8150",14.947,-0.318,1,0.305863636363636,-0.623863636363636
"5801","8150",13.543,1.072,1,0.305863636363636,0.766136363636364
"5802","8150",16.405,0.902,1,0.305863636363636,0.596136363636364
"5803","8150",11.288,1.012,1,0.305863636363636,0.706136363636364
"5804","8150",17.756,-1.578,1,0.305863636363636,-1.88386363636364
"5805","8150",13.66,1.132,1,0.305863636363636,0.826136363636364
"5806","8150",24.355,-0.198,1,0.305863636363636,-0.503863636363636
"5807","8150",17.045,0.812,1,0.305863636363636,0.506136363636364
"5808","8150",18.368,-0.468,1,0.305863636363636,-0.773863636363636
"5809","8150",17.82,0.612,1,0.305863636363636,0.306136363636364
"5810","8150",5.523,-0.548,1,0.305863636363636,-0.853863636363636
"5811","8150",16.475,1.102,1,0.305863636363636,0.796136363636364
"5812","8150",22.854,-0.328,1,0.305863636363636,-0.633863636363636
"5813","8150",19.189,-0.588,1,0.305863636363636,-0.893863636363636
"5814","8150",17.889,1.072,1,0.305863636363636,0.766136363636364
"5815","8150",6.878,0.042,1,0.305863636363636,-0.263863636363636
"5816","8150",22.854,0.532,1,0.305863636363636,0.226136363636364
"5817","8150",13.313,0.462,1,0.305863636363636,0.156136363636364
"5818","8150",18.002,0.542,1,0.305863636363636,0.236136363636364
"5819","8150",10.482,0.752,1,0.305863636363636,0.446136363636364
"5820","8150",6.106,0.582,1,0.305863636363636,0.276136363636364
"5821","8150",13.779,-0.208,1,0.305863636363636,-0.513863636363636
"5822","8150",17.846,-0.638,1,0.305863636363636,-0.943863636363636
"5823","8150",6.772,1.212,1,0.305863636363636,0.906136363636364
"5824","8150",23.58,0.752,1,0.305863636363636,0.446136363636364
"5825","8150",14.843,0.282,1,0.305863636363636,-0.0238636363636364
"5826","8150",15.244,0.512,1,0.305863636363636,0.206136363636364
"5827","8150",3.347,0.302,1,0.305863636363636,-0.00386363636363635
"5828","8150",12.782,-0.108,1,0.305863636363636,-0.413863636363636
"5829","8150",20.296,0.282,1,0.305863636363636,-0.0238636363636364
"5830","8150",14.334,-0.118,1,0.305863636363636,-0.423863636363636
"5831","8150",13.557,0.312,1,0.305863636363636,0.00613636363636366
"5832","8150",15.888,-0.118,1,0.305863636363636,-0.423863636363636
"5833","8150",14.356,0.602,1,0.305863636363636,0.296136363636364
"5834","8150",19.893,0.812,1,0.305863636363636,0.506136363636364
"5835","8165",23.772,-0.138,1,0.308938775510204,-0.446938775510204
"5836","8165",14.389,-0.438,1,0.308938775510204,-0.746938775510204
"5837","8165",20.781,0.222,1,0.308938775510204,-0.0869387755102041
"5838","8165",24.252,-0.138,1,0.308938775510204,-0.446938775510204
"5839","8165",20.564,-0.298,1,0.308938775510204,-0.606938775510204
"5840","8165",14.879,-0.038,1,0.308938775510204,-0.346938775510204
"5841","8165",18.788,0.592,1,0.308938775510204,0.283061224489796
"5842","8165",14.578,0.942,1,0.308938775510204,0.633061224489796
"5843","8165",17.03,1.192,1,0.308938775510204,0.883061224489796
"5844","8165",20.945,0.062,1,0.308938775510204,-0.246938775510204
"5845","8165",11.244,-0.678,1,0.308938775510204,-0.986938775510204
"5846","8165",10.989,0.332,1,0.308938775510204,0.0230612244897959
"5847","8165",12.644,0.192,1,0.308938775510204,-0.116938775510204
"5848","8165",10.442,0.092,1,0.308938775510204,-0.216938775510204
"5849","8165",-0.179,-0.858,1,0.308938775510204,-1.1669387755102
"5850","8165",10.661,-0.498,1,0.308938775510204,-0.806938775510204
"5851","8165",11.027,0.442,1,0.308938775510204,0.133061224489796
"5852","8165",14.89,0.732,1,0.308938775510204,0.423061224489796
"5853","8165",22.771,0.572,1,0.308938775510204,0.263061224489796
"5854","8165",15.539,-1.058,1,0.308938775510204,-1.3669387755102
"5855","8165",18.822,1.192,1,0.308938775510204,0.883061224489796
"5856","8165",21.185,1.332,1,0.308938775510204,1.0230612244898
"5857","8165",20.399,-0.588,1,0.308938775510204,-0.896938775510204
"5858","8165",21.797,0.282,1,0.308938775510204,-0.0269387755102041
"5859","8165",19.475,0.292,1,0.308938775510204,-0.0169387755102041
"5860","8165",10.665,0.402,1,0.308938775510204,0.0930612244897959
"5861","8165",23.065,0.152,1,0.308938775510204,-0.156938775510204
"5862","8165",17.969,0.762,1,0.308938775510204,0.453061224489796
"5863","8165",20.551,0.042,1,0.308938775510204,-0.266938775510204
"5864","8165",13.492,-0.298,1,0.308938775510204,-0.606938775510204
"5865","8165",18.215,1.122,1,0.308938775510204,0.813061224489796
"5866","8165",18.196,-0.428,1,0.308938775510204,-0.736938775510204
"5867","8165",8.984,0.462,1,0.308938775510204,0.153061224489796
"5868","8165",19.679,1.342,1,0.308938775510204,1.0330612244898
"5869","8165",22.37,1.272,1,0.308938775510204,0.963061224489796
"5870","8165",22.685,1.452,1,0.308938775510204,1.1430612244898
"5871","8165",23.591,0.892,1,0.308938775510204,0.583061224489796
"5872","8165",5.55,0.842,1,0.308938775510204,0.533061224489796
"5873","8165",11.24,0.112,1,0.308938775510204,-0.196938775510204
"5874","8165",15.648,0.112,1,0.308938775510204,-0.196938775510204
"5875","8165",19.391,-0.588,1,0.308938775510204,-0.896938775510204
"5876","8165",21.324,0.152,1,0.308938775510204,-0.156938775510204
"5877","8165",15.071,1.132,1,0.308938775510204,0.823061224489796
"5878","8165",13.869,-0.158,1,0.308938775510204,-0.466938775510204
"5879","8165",12.676,1.102,1,0.308938775510204,0.793061224489796
"5880","8165",9.695,0.732,1,0.308938775510204,0.423061224489796
"5881","8165",15.445,0.252,1,0.308938775510204,-0.0569387755102041
"5882","8165",12.608,0.032,1,0.308938775510204,-0.276938775510204
"5883","8165",22.447,0.502,1,0.308938775510204,0.193061224489796
"5884","8175",12.09,0.602,0,-0.171636363636364,0.773636363636364
"5885","8175",7.272,-0.958,0,-0.171636363636364,-0.786363636363636
"5886","8175",5.683,0.012,0,-0.171636363636364,0.183636363636364
"5887","8175",5.73,0.152,0,-0.171636363636364,0.323636363636364
"5888","8175",7.097,-0.468,0,-0.171636363636364,-0.296363636363636
"5889","8175",18.416,-0.768,0,-0.171636363636364,-0.596363636363636
"5890","8175",15.927,-0.068,0,-0.171636363636364,0.103636363636364
"5891","8175",4.507,-0.818,0,-0.171636363636364,-0.646363636363636
"5892","8175",14.017,0.532,0,-0.171636363636364,0.703636363636364
"5893","8175",9.202,-0.218,0,-0.171636363636364,-0.0463636363636364
"5894","8175",3.514,0.622,0,-0.171636363636364,0.793636363636364
"5895","8175",13.703,0.112,0,-0.171636363636364,0.283636363636364
"5896","8175",14.958,1.022,0,-0.171636363636364,1.19363636363636
"5897","8175",5.441,-1.498,0,-0.171636363636364,-1.32636363636364
"5898","8175",19.822,0.322,0,-0.171636363636364,0.493636363636364
"5899","8175",23.689,-0.478,0,-0.171636363636364,-0.306363636363636
"5900","8175",17.255,-0.738,0,-0.171636363636364,-0.566363636363636
"5901","8175",11.531,-0.298,0,-0.171636363636364,-0.126363636363636
"5902","8175",4.141,-0.498,0,-0.171636363636364,-0.326363636363636
"5903","8175",10.793,-0.798,0,-0.171636363636364,-0.626363636363636
"5904","8175",10.244,0.592,0,-0.171636363636364,0.763636363636364
"5905","8175",6.351,0.792,0,-0.171636363636364,0.963636363636364
"5906","8175",14.173,-1.178,0,-0.171636363636364,-1.00636363636364
"5907","8175",5.284,-0.148,0,-0.171636363636364,0.0236363636363636
"5908","8175",15.894,-0.968,0,-0.171636363636364,-0.796363636363636
"5909","8175",11.259,0.342,0,-0.171636363636364,0.513636363636364
"5910","8175",4.705,-0.298,0,-0.171636363636364,-0.126363636363636
"5911","8175",14.307,-1.288,0,-0.171636363636364,-1.11636363636364
"5912","8175",3.792,-1.058,0,-0.171636363636364,-0.886363636363636
"5913","8175",24.479,0.472,0,-0.171636363636364,0.643636363636364
"5914","8175",15.825,0.962,0,-0.171636363636364,1.13363636363636
"5915","8175",11.356,-0.158,0,-0.171636363636364,0.0136363636363636
"5916","8175",23.58,0.502,0,-0.171636363636364,0.673636363636364
"5917","8188",23.487,0.382,0,0.139,0.243
"5918","8188",3.545,-0.308,0,0.139,-0.447
"5919","8188",16.653,-0.268,0,0.139,-0.407
"5920","8188",19.535,1.012,0,0.139,0.873
"5921","8188",14.778,-0.018,0,0.139,-0.157
"5922","8188",2.691,-0.128,0,0.139,-0.267
"5923","8188",5.56,-1.238,0,0.139,-1.377
"5924","8188",7.77,0.552,0,0.139,0.413
"5925","8188",8.629,1.072,0,0.139,0.933
"5926","8188",5.678,-0.328,0,0.139,-0.467
"5927","8188",10.259,-0.838,0,0.139,-0.977
"5928","8188",2.909,-0.608,0,0.139,-0.747
"5929","8188",9.751,1.022,0,0.139,0.883
"5930","8188",16.338,0.642,0,0.139,0.503
"5931","8188",15.216,0.182,0,0.139,0.043
"5932","8188",15.58,0.612,0,0.139,0.473
"5933","8188",18.042,0.722,0,0.139,0.583
"5934","8188",5.127,-0.358,0,0.139,-0.497
"5935","8188",22.354,0.112,0,0.139,-0.027
"5936","8188",8.841,-0.838,0,0.139,-0.977
"5937","8188",14.848,0.212,0,0.139,0.073
"5938","8188",22.705,1.072,0,0.139,0.933
"5939","8188",12.023,0.142,0,0.139,0.00299999999999997
"5940","8188",7.426,0.522,0,0.139,0.383
"5941","8188",22.365,0.242,0,0.139,0.103
"5942","8188",14.47,1.072,0,0.139,0.933
"5943","8188",17.763,-0.138,0,0.139,-0.277
"5944","8188",2.063,-0.948,0,0.139,-1.087
"5945","8188",20.627,-0.538,0,0.139,-0.677
"5946","8188",15.196,1.152,0,0.139,1.013
"5947","8193",19.699,0.402,1,-0.176604651162791,0.578604651162791
"5948","8193",20.945,-0.628,1,-0.176604651162791,-0.451395348837209
"5949","8193",14.408,1.172,1,-0.176604651162791,1.34860465116279
"5950","8193",20.161,0.802,1,-0.176604651162791,0.978604651162791
"5951","8193",15.639,-0.898,1,-0.176604651162791,-0.721395348837209
"5952","8193",17.554,0.032,1,-0.176604651162791,0.208604651162791
"5953","8193",17.143,0.582,1,-0.176604651162791,0.758604651162791
"5954","8193",18.91,0.572,1,-0.176604651162791,0.748604651162791
"5955","8193",21.674,-0.908,1,-0.176604651162791,-0.731395348837209
"5956","8193",9.681,-0.688,1,-0.176604651162791,-0.511395348837209
"5957","8193",20.216,-0.808,1,-0.176604651162791,-0.631395348837209
"5958","8193",15.235,-0.338,1,-0.176604651162791,-0.161395348837209
"5959","8193",12.885,-0.918,1,-0.176604651162791,-0.741395348837209
"5960","8193",15.969,0.052,1,-0.176604651162791,0.228604651162791
"5961","8193",19.632,0.802,1,-0.176604651162791,0.978604651162791
"5962","8193",12.644,0.462,1,-0.176604651162791,0.638604651162791
"5963","8193",10.102,-0.348,1,-0.176604651162791,-0.171395348837209
"5964","8193",10.748,-0.828,1,-0.176604651162791,-0.651395348837209
"5965","8193",18.63,0.242,1,-0.176604651162791,0.418604651162791
"5966","8193",17.734,-0.108,1,-0.176604651162791,0.0686046511627907
"5967","8193",18.406,0.492,1,-0.176604651162791,0.668604651162791
"5968","8193",16.743,-0.028,1,-0.176604651162791,0.148604651162791
"5969","8193",16.939,-0.438,1,-0.176604651162791,-0.261395348837209
"5970","8193",24.993,0.322,1,-0.176604651162791,0.498604651162791
"5971","8193",13.04,-0.858,1,-0.176604651162791,-0.681395348837209
"5972","8193",16.311,-0.468,1,-0.176604651162791,-0.291395348837209
"5973","8193",13.252,-0.738,1,-0.176604651162791,-0.561395348837209
"5974","8193",13.981,-0.458,1,-0.176604651162791,-0.281395348837209
"5975","8193",15.969,0.422,1,-0.176604651162791,0.598604651162791
"5976","8193",7.212,-0.418,1,-0.176604651162791,-0.241395348837209
"5977","8193",5.189,-0.378,1,-0.176604651162791,-0.201395348837209
"5978","8193",20.625,-0.258,1,-0.176604651162791,-0.0813953488372093
"5979","8193",17.594,-0.008,1,-0.176604651162791,0.168604651162791
"5980","8193",19.092,-0.378,1,-0.176604651162791,-0.201395348837209
"5981","8193",10.985,-0.178,1,-0.176604651162791,-0.00139534883720929
"5982","8193",17.109,-0.008,1,-0.176604651162791,0.168604651162791
"5983","8193",13.276,-1.588,1,-0.176604651162791,-1.41139534883721
"5984","8193",22.475,-0.328,1,-0.176604651162791,-0.151395348837209
"5985","8193",22.079,-0.008,1,-0.176604651162791,0.168604651162791
"5986","8193",21.893,-0.288,1,-0.176604651162791,-0.111395348837209
"5987","8193",17.554,0.472,1,-0.176604651162791,0.648604651162791
"5988","8193",12.674,-0.618,1,-0.176604651162791,-0.441395348837209
"5989","8193",10.987,-0.508,1,-0.176604651162791,-0.331395348837209
"5990","8202",11.137,-0.248,0,0.0857142857142857,-0.333714285714286
"5991","8202",6.469,-0.818,0,0.0857142857142857,-0.903714285714286
"5992","8202",24.107,1.312,0,0.0857142857142857,1.22628571428571
"5993","8202",-2.832,0.242,0,0.0857142857142857,0.156285714285714
"5994","8202",13.651,-0.298,0,0.0857142857142857,-0.383714285714286
"5995","8202",7.709,-0.648,0,0.0857142857142857,-0.733714285714286
"5996","8202",1.062,-0.188,0,0.0857142857142857,-0.273714285714286
"5997","8202",14.051,0.452,0,0.0857142857142857,0.366285714285714
"5998","8202",10.061,-0.488,0,0.0857142857142857,-0.573714285714286
"5999","8202",24.993,0.972,0,0.0857142857142857,0.886285714285714
"6000","8202",2.165,-0.148,0,0.0857142857142857,-0.233714285714286
"6001","8202",16.59,-0.918,0,0.0857142857142857,-1.00371428571429
"6002","8202",18.113,-0.538,0,0.0857142857142857,-0.623714285714286
"6003","8202",18.46,1.172,0,0.0857142857142857,1.08628571428571
"6004","8202",5.758,-0.098,0,0.0857142857142857,-0.183714285714286
"6005","8202",24.421,1.282,0,0.0857142857142857,1.19628571428571
"6006","8202",14.518,-0.278,0,0.0857142857142857,-0.363714285714286
"6007","8202",21.435,1.082,0,0.0857142857142857,0.996285714285714
"6008","8202",3.445,0.212,0,0.0857142857142857,0.126285714285714
"6009","8202",16.791,-0.718,0,0.0857142857142857,-0.803714285714286
"6010","8202",5.585,1.242,0,0.0857142857142857,1.15628571428571
"6011","8202",8.439,0.582,0,0.0857142857142857,0.496285714285714
"6012","8202",19.67,1.222,0,0.0857142857142857,1.13628571428571
"6013","8202",7.448,-0.098,0,0.0857142857142857,-0.183714285714286
"6014","8202",0.787,-0.068,0,0.0857142857142857,-0.153714285714286
"6015","8202",15.89,0.092,0,0.0857142857142857,0.00628571428571428
"6016","8202",4.778,0.622,0,0.0857142857142857,0.536285714285714
"6017","8202",8.796,0.762,0,0.0857142857142857,0.676285714285714
"6018","8202",6.546,-0.188,0,0.0857142857142857,-0.273714285714286
"6019","8202",14.841,-0.548,0,0.0857142857142857,-0.633714285714286
"6020","8202",2.783,-1.168,0,0.0857142857142857,-1.25371428571429
"6021","8202",5.286,-0.138,0,0.0857142857142857,-0.223714285714286
"6022","8202",24.421,0.142,0,0.0857142857142857,0.0562857142857143
"6023","8202",16.166,-0.038,0,0.0857142857142857,-0.123714285714286
"6024","8202",16.395,-0.758,0,0.0857142857142857,-0.843714285714286
"6025","8357",7.387,-0.898,0,-0.107259259259259,-0.790740740740741
"6026","8357",13.984,-0.408,0,-0.107259259259259,-0.300740740740741
"6027","8357",19.244,1.132,0,-0.107259259259259,1.23925925925926
"6028","8357",7.075,-1.288,0,-0.107259259259259,-1.18074074074074
"6029","8357",11.736,0.382,0,-0.107259259259259,0.489259259259259
"6030","8357",12.51,0.042,0,-0.107259259259259,0.149259259259259
"6031","8357",1.017,0.682,0,-0.107259259259259,0.789259259259259
"6032","8357",18.33,0.182,0,-0.107259259259259,0.289259259259259
"6033","8357",3.671,-3.758,0,-0.107259259259259,-3.65074074074074
"6034","8357",24.386,0.752,0,-0.107259259259259,0.859259259259259
"6035","8357",21.836,0.432,0,-0.107259259259259,0.539259259259259
"6036","8357",22.359,-0.498,0,-0.107259259259259,-0.390740740740741
"6037","8357",16.401,-0.278,0,-0.107259259259259,-0.170740740740741
"6038","8357",20.252,1.092,0,-0.107259259259259,1.19925925925926
"6039","8357",15.547,-0.678,0,-0.107259259259259,-0.570740740740741
"6040","8357",1.681,-1.398,0,-0.107259259259259,-1.29074074074074
"6041","8357",14.133,-0.068,0,-0.107259259259259,0.0392592592592593
"6042","8357",20.013,0.202,0,-0.107259259259259,0.309259259259259
"6043","8357",20.403,0.062,0,-0.107259259259259,0.169259259259259
"6044","8357",10.242,0.912,0,-0.107259259259259,1.01925925925926
"6045","8357",14.025,-0.118,0,-0.107259259259259,-0.0107407407407407
"6046","8357",7.647,-0.288,0,-0.107259259259259,-0.180740740740741
"6047","8357",17.342,1.422,0,-0.107259259259259,1.52925925925926
"6048","8357",8.145,0.852,0,-0.107259259259259,0.959259259259259
"6049","8357",14.142,-0.488,0,-0.107259259259259,-0.380740740740741
"6050","8357",22.129,-0.338,0,-0.107259259259259,-0.230740740740741
"6051","8357",22.673,-0.538,0,-0.107259259259259,-0.430740740740741
"6052","8367",15.936,-0.228,0,0.0255714285714286,-0.253571428571429
"6053","8367",1.865,-0.208,0,0.0255714285714286,-0.233571428571429
"6054","8367",-2.832,0.532,0,0.0255714285714286,0.506428571428571
"6055","8367",2.122,0.662,0,0.0255714285714286,0.636428571428571
"6056","8367",6.755,-0.228,0,0.0255714285714286,-0.253571428571429
"6057","8367",0.725,-1.078,0,0.0255714285714286,-1.10357142857143
"6058","8367",0.836,-1.028,0,0.0255714285714286,-1.05357142857143
"6059","8367",6.788,0.242,0,0.0255714285714286,0.216428571428571
"6060","8367",8.454,-0.048,0,0.0255714285714286,-0.0735714285714286
"6061","8367",4.192,1.462,0,0.0255714285714286,1.43642857142857
"6062","8367",4.841,-0.458,0,0.0255714285714286,-0.483571428571429
"6063","8367",3.895,0.202,0,0.0255714285714286,0.176428571428571
"6064","8367",6.227,1.202,0,0.0255714285714286,1.17642857142857
"6065","8367",3.935,-0.668,0,0.0255714285714286,-0.693571428571429
"6066","8477",10.036,-0.308,0,-0.196108108108108,-0.111891891891892
"6067","8477",7.733,0.062,0,-0.196108108108108,0.258108108108108
"6068","8477",12.683,-0.438,0,-0.196108108108108,-0.241891891891892
"6069","8477",5.84,-0.148,0,-0.196108108108108,0.0481081081081081
"6070","8477",7.644,-1.948,0,-0.196108108108108,-1.75189189189189
"6071","8477",7.276,-0.438,0,-0.196108108108108,-0.241891891891892
"6072","8477",20.726,-0.868,0,-0.196108108108108,-0.671891891891892
"6073","8477",16.28,-0.168,0,-0.196108108108108,0.0281081081081081
"6074","8477",20.716,0.752,0,-0.196108108108108,0.948108108108108
"6075","8477",4.986,-0.368,0,-0.196108108108108,-0.171891891891892
"6076","8477",23.549,0.052,0,-0.196108108108108,0.248108108108108
"6077","8477",7.873,-0.568,0,-0.196108108108108,-0.371891891891892
"6078","8477",10.776,0.082,0,-0.196108108108108,0.278108108108108
"6079","8477",21.179,-0.168,0,-0.196108108108108,0.0281081081081081
"6080","8477",1.138,-2.298,0,-0.196108108108108,-2.10189189189189
"6081","8477",5.671,-0.468,0,-0.196108108108108,-0.271891891891892
"6082","8477",13.967,0.932,0,-0.196108108108108,1.12810810810811
"6083","8477",20.73,0.812,0,-0.196108108108108,1.00810810810811
"6084","8477",21.586,0.762,0,-0.196108108108108,0.958108108108108
"6085","8477",13.676,0.732,0,-0.196108108108108,0.928108108108108
"6086","8477",7.044,0.742,0,-0.196108108108108,0.938108108108108
"6087","8477",9.743,0.202,0,-0.196108108108108,0.398108108108108
"6088","8477",16.305,-0.398,0,-0.196108108108108,-0.201891891891892
"6089","8477",16.646,-0.708,0,-0.196108108108108,-0.511891891891892
"6090","8477",14.076,0.662,0,-0.196108108108108,0.858108108108108
"6091","8477",13.97,-0.888,0,-0.196108108108108,-0.691891891891892
"6092","8477",22.864,0.792,0,-0.196108108108108,0.988108108108108
"6093","8477",16.583,-0.918,0,-0.196108108108108,-0.721891891891892
"6094","8477",4.662,-2.218,0,-0.196108108108108,-2.02189189189189
"6095","8477",22.653,0.232,0,-0.196108108108108,0.428108108108108
"6096","8477",5.642,-0.418,0,-0.196108108108108,-0.221891891891892
"6097","8477",8.135,0.572,0,-0.196108108108108,0.768108108108108
"6098","8477",16.324,-0.298,0,-0.196108108108108,-0.101891891891892
"6099","8477",1.565,-0.728,0,-0.196108108108108,-0.531891891891892
"6100","8477",23.062,0.322,0,-0.196108108108108,0.518108108108108
"6101","8477",4.173,-0.468,0,-0.196108108108108,-0.271891891891892
"6102","8477",5.811,0.262,0,-0.196108108108108,0.458108108108108
"6103","8531",6.199,1.062,0,0.40809756097561,0.65390243902439
"6104","8531",1.375,-0.318,0,0.40809756097561,-0.72609756097561
"6105","8531",1.882,-0.148,0,0.40809756097561,-0.55609756097561
"6106","8531",24.112,1.192,0,0.40809756097561,0.78390243902439
"6107","8531",7.529,0.782,0,0.40809756097561,0.37390243902439
"6108","8531",13.985,0.202,0,0.40809756097561,-0.20609756097561
"6109","8531",15.997,1.022,0,0.40809756097561,0.61390243902439
"6110","8531",23.696,-0.628,0,0.40809756097561,-1.03609756097561
"6111","8531",21.366,1.092,0,0.40809756097561,0.68390243902439
"6112","8531",7.204,0.452,0,0.40809756097561,0.0439024390243902
"6113","8531",23.087,1.512,0,0.40809756097561,1.10390243902439
"6114","8531",19.365,0.742,0,0.40809756097561,0.33390243902439
"6115","8531",22.401,-1.178,0,0.40809756097561,-1.58609756097561
"6116","8531",18.817,1.332,0,0.40809756097561,0.92390243902439
"6117","8531",14.087,-0.558,0,0.40809756097561,-0.96609756097561
"6118","8531",14.733,-0.138,0,0.40809756097561,-0.54609756097561
"6119","8531",15.555,1.182,0,0.40809756097561,0.77390243902439
"6120","8531",11.841,0.842,0,0.40809756097561,0.43390243902439
"6121","8531",13.689,0.332,0,0.40809756097561,-0.0760975609756098
"6122","8531",7.061,0.502,0,0.40809756097561,0.0939024390243902
"6123","8531",20.121,0.842,0,0.40809756097561,0.43390243902439
"6124","8531",10.663,-0.368,0,0.40809756097561,-0.77609756097561
"6125","8531",10.46,0.022,0,0.40809756097561,-0.38609756097561
"6126","8531",17.153,0.722,0,0.40809756097561,0.31390243902439
"6127","8531",4.552,0.462,0,0.40809756097561,0.0539024390243902
"6128","8531",22.271,0.922,0,0.40809756097561,0.51390243902439
"6129","8531",5.538,-0.008,0,0.40809756097561,-0.41609756097561
"6130","8531",23.501,0.932,0,0.40809756097561,0.52390243902439
"6131","8531",23.397,1.052,0,0.40809756097561,0.64390243902439
"6132","8531",24.418,0.592,0,0.40809756097561,0.18390243902439
"6133","8531",10.17,0.722,0,0.40809756097561,0.31390243902439
"6134","8531",6.311,-0.208,0,0.40809756097561,-0.61609756097561
"6135","8531",20.094,1.262,0,0.40809756097561,0.85390243902439
"6136","8531",14.419,-0.968,0,0.40809756097561,-1.37609756097561
"6137","8531",8.15,0.232,0,0.40809756097561,-0.17609756097561
"6138","8531",5.945,-0.088,0,0.40809756097561,-0.49609756097561
"6139","8531",10.358,-0.128,0,0.40809756097561,-0.53609756097561
"6140","8531",-1.509,0.092,0,0.40809756097561,-0.31609756097561
"6141","8531",7.166,1.512,0,0.40809756097561,1.10390243902439
"6142","8531",22.895,0.312,0,0.40809756097561,-0.0960975609756098
"6143","8531",4.622,-0.458,0,0.40809756097561,-0.86609756097561
"6144","8627",10.86,0.462,0,0.104830188679245,0.357169811320755
"6145","8627",8.921,-0.188,0,0.104830188679245,-0.292830188679245
"6146","8627",10.904,0.832,0,0.104830188679245,0.727169811320755
"6147","8627",1.609,0.762,0,0.104830188679245,0.657169811320755
"6148","8627",9.352,-0.188,0,0.104830188679245,-0.292830188679245
"6149","8627",3.545,0.492,0,0.104830188679245,0.387169811320755
"6150","8627",12.752,-0.388,0,0.104830188679245,-0.492830188679245
"6151","8627",0.978,1.452,0,0.104830188679245,1.34716981132075
"6152","8627",2.601,-1.008,0,0.104830188679245,-1.11283018867925
"6153","8627",5.277,-0.158,0,0.104830188679245,-0.262830188679245
"6154","8627",24.993,-0.738,0,0.104830188679245,-0.842830188679245
"6155","8627",24.993,1.122,0,0.104830188679245,1.01716981132075
"6156","8627",23.52,1.122,0,0.104830188679245,1.01716981132075
"6157","8627",13.946,-0.018,0,0.104830188679245,-0.122830188679245
"6158","8627",14.259,0.202,0,0.104830188679245,0.0971698113207547
"6159","8627",15.525,-0.358,0,0.104830188679245,-0.462830188679245
"6160","8627",2.829,-0.288,0,0.104830188679245,-0.392830188679245
"6161","8627",15.523,-0.188,0,0.104830188679245,-0.292830188679245
"6162","8627",11.322,0.272,0,0.104830188679245,0.167169811320755
"6163","8627",13.522,0.922,0,0.104830188679245,0.817169811320755
"6164","8627",16.59,-0.118,0,0.104830188679245,-0.222830188679245
"6165","8627",16.438,0.942,0,0.104830188679245,0.837169811320755
"6166","8627",5.098,0.272,0,0.104830188679245,0.167169811320755
"6167","8627",8.867,-1.058,0,0.104830188679245,-1.16283018867925
"6168","8627",18.125,-0.428,0,0.104830188679245,-0.532830188679245
"6169","8627",14.354,0.172,0,0.104830188679245,0.0671698113207547
"6170","8627",9.262,-0.578,0,0.104830188679245,-0.682830188679245
"6171","8627",12.449,0.262,0,0.104830188679245,0.157169811320755
"6172","8627",11.534,-1.528,0,0.104830188679245,-1.63283018867925
"6173","8627",11.378,0.462,0,0.104830188679245,0.357169811320755
"6174","8627",6.41,-0.208,0,0.104830188679245,-0.312830188679245
"6175","8627",12.22,1.082,0,0.104830188679245,0.977169811320755
"6176","8627",14.547,-0.188,0,0.104830188679245,-0.292830188679245
"6177","8627",16.66,-0.648,0,0.104830188679245,-0.752830188679245
"6178","8627",2.021,-0.248,0,0.104830188679245,-0.352830188679245
"6179","8627",22.038,0.312,0,0.104830188679245,0.207169811320755
"6180","8627",4.348,-0.178,0,0.104830188679245,-0.282830188679245
"6181","8627",18.999,1.012,0,0.104830188679245,0.907169811320755
"6182","8627",11.477,0.712,0,0.104830188679245,0.607169811320755
"6183","8627",15.254,0.552,0,0.104830188679245,0.447169811320755
"6184","8627",4.575,-0.598,0,0.104830188679245,-0.702830188679245
"6185","8627",3.442,0.002,0,0.104830188679245,-0.102830188679245
"6186","8627",11.271,0.272,0,0.104830188679245,0.167169811320755
"6187","8627",15.295,1.292,0,0.104830188679245,1.18716981132075
"6188","8627",6.703,0.682,0,0.104830188679245,0.577169811320755
"6189","8627",3.59,-0.228,0,0.104830188679245,-0.332830188679245
"6190","8627",18.143,0.542,0,0.104830188679245,0.437169811320755
"6191","8627",9.901,-0.938,0,0.104830188679245,-1.04283018867925
"6192","8627",15.088,0.122,0,0.104830188679245,0.0171698113207547
"6193","8627",-0.602,-1.558,0,0.104830188679245,-1.66283018867925
"6194","8627",0.507,1.282,0,0.104830188679245,1.17716981132075
"6195","8627",1.912,-0.478,0,0.104830188679245,-0.582830188679245
"6196","8627",11.712,0.442,0,0.104830188679245,0.337169811320755
"6197","8628",21.455,-0.238,1,-0.139803278688525,-0.0981967213114754
"6198","8628",14.281,0.562,1,-0.139803278688525,0.701803278688525
"6199","8628",23.138,-0.068,1,-0.139803278688525,0.0718032786885246
"6200","8628",23.06,0.102,1,-0.139803278688525,0.241803278688525
"6201","8628",9.275,0.442,1,-0.139803278688525,0.581803278688525
"6202","8628",22.321,0.172,1,-0.139803278688525,0.311803278688525
"6203","8628",23.878,-0.728,1,-0.139803278688525,-0.588196721311475
"6204","8628",9.369,-0.468,1,-0.139803278688525,-0.328196721311475
"6205","8628",16.053,-0.148,1,-0.139803278688525,-0.00819672131147539
"6206","8628",9.572,-0.468,1,-0.139803278688525,-0.328196721311475
"6207","8628",22.648,-1.068,1,-0.139803278688525,-0.928196721311475
"6208","8628",23.009,0.432,1,-0.139803278688525,0.571803278688525
"6209","8628",7.675,-1.458,1,-0.139803278688525,-1.31819672131148
"6210","8628",24.993,1.162,1,-0.139803278688525,1.30180327868852
"6211","8628",18.135,-0.188,1,-0.139803278688525,-0.0481967213114754
"6212","8628",23.484,-0.598,1,-0.139803278688525,-0.458196721311475
"6213","8628",12.788,0.492,1,-0.139803278688525,0.631803278688525
"6214","8628",24.133,0.552,1,-0.139803278688525,0.691803278688525
"6215","8628",20.968,-0.218,1,-0.139803278688525,-0.0781967213114754
"6216","8628",15.202,-0.118,1,-0.139803278688525,0.0218032786885246
"6217","8628",23.275,-0.648,1,-0.139803278688525,-0.508196721311475
"6218","8628",0.524,-0.758,1,-0.139803278688525,-0.618196721311475
"6219","8628",21.022,-0.088,1,-0.139803278688525,0.0518032786885246
"6220","8628",12.66,0.842,1,-0.139803278688525,0.981803278688525
"6221","8628",7.183,-0.638,1,-0.139803278688525,-0.498196721311475
"6222","8628",12.681,-0.558,1,-0.139803278688525,-0.418196721311475
"6223","8628",18.758,-0.308,1,-0.139803278688525,-0.168196721311475
"6224","8628",16.813,-0.028,1,-0.139803278688525,0.111803278688525
"6225","8628",13.06,-0.748,1,-0.139803278688525,-0.608196721311475
"6226","8628",15.749,0.132,1,-0.139803278688525,0.271803278688525
"6227","8628",21.008,-0.598,1,-0.139803278688525,-0.458196721311475
"6228","8628",23.607,-0.858,1,-0.139803278688525,-0.718196721311475
"6229","8628",16.022,-0.078,1,-0.139803278688525,0.0618032786885246
"6230","8628",16.157,0.972,1,-0.139803278688525,1.11180327868852
"6231","8628",13.018,0.382,1,-0.139803278688525,0.521803278688525
"6232","8628",11.458,-1.008,1,-0.139803278688525,-0.868196721311475
"6233","8628",22.103,0.192,1,-0.139803278688525,0.331803278688525
"6234","8628",16.06,-0.448,1,-0.139803278688525,-0.308196721311475
"6235","8628",17.079,0.542,1,-0.139803278688525,0.681803278688525
"6236","8628",12.804,0.312,1,-0.139803278688525,0.451803278688525
"6237","8628",19.281,-0.448,1,-0.139803278688525,-0.308196721311475
"6238","8628",24.993,0.662,1,-0.139803278688525,0.801803278688525
"6239","8628",15.649,-0.718,1,-0.139803278688525,-0.578196721311475
"6240","8628",16.814,-0.738,1,-0.139803278688525,-0.598196721311475
"6241","8628",11.64,0.552,1,-0.139803278688525,0.691803278688525
"6242","8628",-0.077,-0.588,1,-0.139803278688525,-0.448196721311475
"6243","8628",13.917,-0.168,1,-0.139803278688525,-0.0281967213114754
"6244","8628",21.979,-0.518,1,-0.139803278688525,-0.378196721311475
"6245","8628",21.627,0.022,1,-0.139803278688525,0.161803278688525
"6246","8628",21.145,-0.558,1,-0.139803278688525,-0.418196721311475
"6247","8628",12.272,0.132,1,-0.139803278688525,0.271803278688525
"6248","8628",10.535,0.192,1,-0.139803278688525,0.331803278688525
"6249","8628",13.235,-0.028,1,-0.139803278688525,0.111803278688525
"6250","8628",23.053,-1.098,1,-0.139803278688525,-0.958196721311475
"6251","8628",22.906,0.642,1,-0.139803278688525,0.781803278688525
"6252","8628",15.184,0.442,1,-0.139803278688525,0.581803278688525
"6253","8628",9.46,0.572,1,-0.139803278688525,0.711803278688525
"6254","8628",15.105,0.512,1,-0.139803278688525,0.651803278688525
"6255","8628",13.635,-0.628,1,-0.139803278688525,-0.488196721311475
"6256","8628",18.262,-0.598,1,-0.139803278688525,-0.458196721311475
"6257","8628",11.138,-0.928,1,-0.139803278688525,-0.788196721311475
"6258","8707",-2.832,0.532,0,0.155125,0.376875
"6259","8707",8.348,-0.248,0,0.155125,-0.403125
"6260","8707",14.538,0.282,0,0.155125,0.126875
"6261","8707",8.071,-0.448,0,0.155125,-0.603125
"6262","8707",17.679,1.212,0,0.155125,1.056875
"6263","8707",5.967,-0.338,0,0.155125,-0.493125
"6264","8707",3.829,-0.118,0,0.155125,-0.273125
"6265","8707",19.936,0.682,0,0.155125,0.526875
"6266","8707",1.85,-1.028,0,0.155125,-1.183125
"6267","8707",14.173,-0.238,0,0.155125,-0.393125
"6268","8707",8.337,-1.248,0,0.155125,-1.403125
"6269","8707",21.074,0.392,0,0.155125,0.236875
"6270","8707",14.467,-0.188,0,0.155125,-0.343125
"6271","8707",19.827,0.332,0,0.155125,0.176875
"6272","8707",12.843,0.852,0,0.155125,0.696875
"6273","8707",17.306,-0.088,0,0.155125,-0.243125
"6274","8707",4.101,-1.058,0,0.155125,-1.213125
"6275","8707",2.868,-0.468,0,0.155125,-0.623125
"6276","8707",14.976,1.512,0,0.155125,1.356875
"6277","8707",18.491,1.512,0,0.155125,1.356875
"6278","8707",15.115,0.652,0,0.155125,0.496875
"6279","8707",23.522,1.202,0,0.155125,1.046875
"6280","8707",4.75,-0.208,0,0.155125,-0.363125
"6281","8707",10.142,1.032,0,0.155125,0.876875
"6282","8707",17.252,-0.488,0,0.155125,-0.643125
"6283","8707",18.867,0.662,0,0.155125,0.506875
"6284","8707",10.326,-1.088,0,0.155125,-1.243125
"6285","8707",13.598,0.922,0,0.155125,0.766875
"6286","8707",7.96,0.072,0,0.155125,-0.083125
"6287","8707",9.167,0.602,0,0.155125,0.446875
"6288","8707",12.482,1.372,0,0.155125,1.216875
"6289","8707",22.512,0.132,0,0.155125,-0.023125
"6290","8707",21.188,-0.808,0,0.155125,-0.963125
"6291","8707",18.772,0.202,0,0.155125,0.046875
"6292","8707",18.463,-0.228,0,0.155125,-0.383125
"6293","8707",8.623,-1.478,0,0.155125,-1.633125
"6294","8707",7.458,-0.828,0,0.155125,-0.983125
"6295","8707",8.432,-0.238,0,0.155125,-0.393125
"6296","8707",12.167,-0.858,0,0.155125,-1.013125
"6297","8707",15.624,-0.238,0,0.155125,-0.393125
"6298","8707",3.787,0.022,0,0.155125,-0.133125
"6299","8707",20.237,1.512,0,0.155125,1.356875
"6300","8707",20.006,0.762,0,0.155125,0.606875
"6301","8707",8.586,0.172,0,0.155125,0.016875
"6302","8707",22.102,0.792,0,0.155125,0.636875
"6303","8707",15.668,-0.458,0,0.155125,-0.613125
"6304","8707",18.47,1.512,0,0.155125,1.356875
"6305","8707",7.304,0.902,0,0.155125,0.746875
"6306","8775",6.19,-0.948,0,-0.339666666666667,-0.608333333333333
"6307","8775",2.03,-0.938,0,-0.339666666666667,-0.598333333333333
"6308","8775",2.868,-1.118,0,-0.339666666666667,-0.778333333333333
"6309","8775",11.103,0.812,0,-0.339666666666667,1.15166666666667
"6310","8775",15.712,0.072,0,-0.339666666666667,0.411666666666667
"6311","8775",8.085,0.382,0,-0.339666666666667,0.721666666666667
"6312","8775",12.409,-1.068,0,-0.339666666666667,-0.728333333333333
"6313","8775",3.322,-0.638,0,-0.339666666666667,-0.298333333333333
"6314","8775",3.245,-0.738,0,-0.339666666666667,-0.398333333333333
"6315","8775",8.329,0.132,0,-0.339666666666667,0.471666666666667
"6316","8775",8.329,-0.878,0,-0.339666666666667,-0.538333333333333
"6317","8775",4.406,-0.348,0,-0.339666666666667,-0.0083333333333333
"6318","8775",7.706,1.022,0,-0.339666666666667,1.36166666666667
"6319","8775",7.925,0.632,0,-0.339666666666667,0.971666666666667
"6320","8775",3.379,-0.578,0,-0.339666666666667,-0.238333333333333
"6321","8775",0.475,0.072,0,-0.339666666666667,0.411666666666667
"6322","8775",18.378,-0.398,0,-0.339666666666667,-0.0583333333333333
"6323","8775",16.207,-1.468,0,-0.339666666666667,-1.12833333333333
"6324","8775",8.265,-0.108,0,-0.339666666666667,0.231666666666667
"6325","8775",4.971,-0.818,0,-0.339666666666667,-0.478333333333333
"6326","8775",13.168,0.272,0,-0.339666666666667,0.611666666666667
"6327","8775",15.78,-0.928,0,-0.339666666666667,-0.588333333333333
"6328","8775",13.99,-1.358,0,-0.339666666666667,-1.01833333333333
"6329","8775",14.757,-0.028,0,-0.339666666666667,0.311666666666667
"6330","8775",22.135,-0.188,0,-0.339666666666667,0.151666666666667
"6331","8775",7.186,-1.258,0,-0.339666666666667,-0.918333333333333
"6332","8775",3.461,-0.258,0,-0.339666666666667,0.0816666666666667
"6333","8775",8.295,-0.008,0,-0.339666666666667,0.331666666666667
"6334","8775",12.233,-0.228,0,-0.339666666666667,0.111666666666667
"6335","8775",7.218,0.192,0,-0.339666666666667,0.531666666666667
"6336","8775",4.191,0.532,0,-0.339666666666667,0.871666666666667
"6337","8775",8.715,-0.308,0,-0.339666666666667,0.0316666666666667
"6338","8775",8.29,-1.408,0,-0.339666666666667,-1.06833333333333
"6339","8775",16.424,-0.668,0,-0.339666666666667,-0.328333333333333
"6340","8775",13.971,-0.678,0,-0.339666666666667,-0.338333333333333
"6341","8775",15.991,-0.318,0,-0.339666666666667,0.0216666666666667
"6342","8775",12.19,-0.408,0,-0.339666666666667,-0.0683333333333333
"6343","8775",11.534,-0.498,0,-0.339666666666667,-0.158333333333333
"6344","8775",10.696,-1.358,0,-0.339666666666667,-1.01833333333333
"6345","8775",10.841,0.772,0,-0.339666666666667,1.11166666666667
"6346","8775",9.625,0.202,0,-0.339666666666667,0.541666666666667
"6347","8775",4.45,0.402,0,-0.339666666666667,0.741666666666667
"6348","8775",22.027,0.942,0,-0.339666666666667,1.28166666666667
"6349","8775",5.342,-1.088,0,-0.339666666666667,-0.748333333333333
"6350","8775",20.219,-0.128,0,-0.339666666666667,0.211666666666667
"6351","8775",6.766,0.292,0,-0.339666666666667,0.631666666666667
"6352","8775",-1.443,-0.738,0,-0.339666666666667,-0.398333333333333
"6353","8775",3.03,-1.138,0,-0.339666666666667,-0.798333333333333
"6354","8800",1.337,-1.938,1,-0.70925,-1.22875
"6355","8800",10.971,-0.498,1,-0.70925,0.21125
"6356","8800",3.528,-0.748,1,-0.70925,-0.0387500000000001
"6357","8800",7.562,-0.508,1,-0.70925,0.20125
"6358","8800",6.574,-0.688,1,-0.70925,0.02125
"6359","8800",7.625,-0.028,1,-0.70925,0.68125
"6360","8800",1.938,-1.288,1,-0.70925,-0.57875
"6361","8800",5.21,-1.138,1,-0.70925,-0.42875
"6362","8800",11.026,-0.908,1,-0.70925,-0.19875
"6363","8800",1.759,-0.658,1,-0.70925,0.0512499999999999
"6364","8800",13.904,-1.448,1,-0.70925,-0.73875
"6365","8800",11.928,-0.658,1,-0.70925,0.0512499999999999
"6366","8800",7.394,-1.138,1,-0.70925,-0.42875
"6367","8800",4.078,-0.878,1,-0.70925,-0.16875
"6368","8800",0.911,0.192,1,-0.70925,0.90125
"6369","8800",21.687,0.162,1,-0.70925,0.87125
"6370","8800",2.455,-1.248,1,-0.70925,-0.53875
"6371","8800",17.461,-1.368,1,-0.70925,-0.65875
"6372","8800",0.117,-0.378,1,-0.70925,0.33125
"6373","8800",-0.22,-0.818,1,-0.70925,-0.10875
"6374","8800",12.976,-0.608,1,-0.70925,0.10125
"6375","8800",20.781,0.792,1,-0.70925,1.50125
"6376","8800",19.662,-0.718,1,-0.70925,-0.00875000000000004
"6377","8800",4.626,-0.708,1,-0.70925,0.00124999999999997
"6378","8800",2.895,-1.118,1,-0.70925,-0.40875
"6379","8800",3.548,-1.658,1,-0.70925,-0.94875
"6380","8800",8.854,0.502,1,-0.70925,1.21125
"6381","8800",7.202,-2.088,1,-0.70925,-1.37875
"6382","8800",6.635,-1.208,1,-0.70925,-0.49875
"6383","8800",-2.641,-1.478,1,-0.70925,-0.76875
"6384","8800",12.82,1.122,1,-0.70925,1.83125
"6385","8800",0.147,0.452,1,-0.70925,1.16125
"6386","8854",-2.081,-0.508,0,-0.75675,0.24875
"6387","8854",4.773,-0.608,0,-0.75675,0.14875
"6388","8854",1.452,-0.468,0,-0.75675,0.28875
"6389","8854",7.65,-0.538,0,-0.75675,0.21875
"6390","8854",9.902,1.242,0,-0.75675,1.99875
"6391","8854",-2.832,-0.408,0,-0.75675,0.34875
"6392","8854",12.856,-1.328,0,-0.75675,-0.57125
"6393","8854",0.914,-1.078,0,-0.75675,-0.32125
"6394","8854",12.727,-0.938,0,-0.75675,-0.18125
"6395","8854",-2.832,-0.238,0,-0.75675,0.51875
"6396","8854",3.781,-0.608,0,-0.75675,0.14875
"6397","8854",-1.714,-0.578,0,-0.75675,0.17875
"6398","8854",8.853,0.462,0,-0.75675,1.21875
"6399","8854",12.224,-0.448,0,-0.75675,0.30875
"6400","8854",2.188,-0.108,0,-0.75675,0.64875
"6401","8854",4.62,-0.368,0,-0.75675,0.38875
"6402","8854",2.63,-0.818,0,-0.75675,-0.0612499999999999
"6403","8854",5.343,-1.248,0,-0.75675,-0.49125
"6404","8854",6.937,-0.888,0,-0.75675,-0.13125
"6405","8854",-2.262,-2.108,0,-0.75675,-1.35125
"6406","8854",-0.895,-2.188,0,-0.75675,-1.43125
"6407","8854",17.672,1.212,0,-0.75675,1.96875
"6408","8854",4.606,-2.178,0,-0.75675,-1.42125
"6409","8854",-1.094,-0.758,0,-0.75675,-0.00124999999999997
"6410","8854",5.122,-1.448,0,-0.75675,-0.69125
"6411","8854",4.918,-0.418,0,-0.75675,0.33875
"6412","8854",1.504,-0.518,0,-0.75675,0.23875
"6413","8854",-1.843,-0.778,0,-0.75675,-0.02125
"6414","8854",6.191,-1.898,0,-0.75675,-1.14125
"6415","8854",-2.658,-0.958,0,-0.75675,-0.20125
"6416","8854",6.306,-1.438,0,-0.75675,-0.68125
"6417","8854",10.715,-1.268,0,-0.75675,-0.51125
"6418","8857",14.007,0.532,1,0.51715625,0.01484375
"6419","8857",18.61,0.052,1,0.51715625,-0.46515625
"6420","8857",11.46,0.032,1,0.51715625,-0.48515625
"6421","8857",18.314,-0.548,1,0.51715625,-1.06515625
"6422","8857",11.485,0.192,1,0.51715625,-0.32515625
"6423","8857",13.918,-0.158,1,0.51715625,-0.67515625
"6424","8857",15.323,0.262,1,0.51715625,-0.25515625
"6425","8857",16.187,-0.158,1,0.51715625,-0.67515625
"6426","8857",17.642,-0.528,1,0.51715625,-1.04515625
"6427","8857",17.492,0.512,1,0.51715625,-0.00515624999999997
"6428","8857",13.518,0.722,1,0.51715625,0.20484375
"6429","8857",16.408,1.512,1,0.51715625,0.99484375
"6430","8857",13.164,0.452,1,0.51715625,-0.06515625
"6431","8857",7.478,0.142,1,0.51715625,-0.37515625
"6432","8857",19.401,0.392,1,0.51715625,-0.12515625
"6433","8857",14.272,0.562,1,0.51715625,0.0448437500000001
"6434","8857",12.735,0.262,1,0.51715625,-0.25515625
"6435","8857",19.658,1.512,1,0.51715625,0.99484375
"6436","8857",12.285,0.722,1,0.51715625,0.20484375
"6437","8857",20.688,0.462,1,0.51715625,-0.05515625
"6438","8857",22.889,0.542,1,0.51715625,0.0248437500000001
"6439","8857",8.915,0.112,1,0.51715625,-0.40515625
"6440","8857",18.904,-0.768,1,0.51715625,-1.28515625
"6441","8857",17.413,0.892,1,0.51715625,0.37484375
"6442","8857",20.809,0.952,1,0.51715625,0.43484375
"6443","8857",18.757,1.022,1,0.51715625,0.50484375
"6444","8857",18.866,0.422,1,0.51715625,-0.09515625
"6445","8857",20.185,0.792,1,0.51715625,0.27484375
"6446","8857",13.342,1.362,1,0.51715625,0.84484375
"6447","8857",21.498,-0.208,1,0.51715625,-0.72515625
"6448","8857",14.082,0.642,1,0.51715625,0.12484375
"6449","8857",12.468,1.102,1,0.51715625,0.58484375
"6450","8857",6.865,-0.488,1,0.51715625,-1.00515625
"6451","8857",23.652,1.512,1,0.51715625,0.99484375
"6452","8857",18.621,0.512,1,0.51715625,-0.00515624999999997
"6453","8857",19.334,0.732,1,0.51715625,0.21484375
"6454","8857",-0.217,0.292,1,0.51715625,-0.22515625
"6455","8857",17.683,0.542,1,0.51715625,0.0248437500000001
"6456","8857",19.392,0.782,1,0.51715625,0.26484375
"6457","8857",12.69,1.222,1,0.51715625,0.70484375
"6458","8857",16.06,1.182,1,0.51715625,0.66484375
"6459","8857",-1.409,0.512,1,0.51715625,-0.00515624999999997
"6460","8857",16.735,0.312,1,0.51715625,-0.20515625
"6461","8857",10.87,0.302,1,0.51715625,-0.21515625
"6462","8857",17.414,0.192,1,0.51715625,-0.32515625
"6463","8857",-0.14,1.042,1,0.51715625,0.52484375
"6464","8857",19.355,0.782,1,0.51715625,0.26484375
"6465","8857",19.919,0.632,1,0.51715625,0.11484375
"6466","8857",17.711,0.852,1,0.51715625,0.33484375
"6467","8857",16.748,0.952,1,0.51715625,0.43484375
"6468","8857",17.281,1.512,1,0.51715625,0.99484375
"6469","8857",7.126,-0.178,1,0.51715625,-0.69515625
"6470","8857",14.412,1.052,1,0.51715625,0.53484375
"6471","8857",17.711,0.212,1,0.51715625,-0.30515625
"6472","8857",15.016,0.592,1,0.51715625,0.07484375
"6473","8857",21.696,0.582,1,0.51715625,0.06484375
"6474","8857",22.88,0.502,1,0.51715625,-0.01515625
"6475","8857",7.91,1.172,1,0.51715625,0.65484375
"6476","8857",12.502,1.192,1,0.51715625,0.67484375
"6477","8857",21.384,0.062,1,0.51715625,-0.45515625
"6478","8857",10.181,-0.138,1,0.51715625,-0.65515625
"6479","8857",17.408,-0.058,1,0.51715625,-0.57515625
"6480","8857",12.123,0.582,1,0.51715625,0.06484375
"6481","8857",17.918,0.352,1,0.51715625,-0.16515625
"6482","8874",2.362,-0.108,0,-0.340777777777778,0.232777777777778
"6483","8874",20.746,0.102,0,-0.340777777777778,0.442777777777778
"6484","8874",19.311,0.972,0,-0.340777777777778,1.31277777777778
"6485","8874",8.902,0.132,0,-0.340777777777778,0.472777777777778
"6486","8874",4.573,-1.788,0,-0.340777777777778,-1.44722222222222
"6487","8874",20.171,-0.358,0,-0.340777777777778,-0.0172222222222222
"6488","8874",3.16,-0.928,0,-0.340777777777778,-0.587222222222222
"6489","8874",1.711,-0.838,0,-0.340777777777778,-0.497222222222222
"6490","8874",8.11,-0.808,0,-0.340777777777778,-0.467222222222222
"6491","8874",15.577,0.652,0,-0.340777777777778,0.992777777777778
"6492","8874",23.286,-0.008,0,-0.340777777777778,0.332777777777778
"6493","8874",2.883,-2.498,0,-0.340777777777778,-2.15722222222222
"6494","8874",2.272,-0.268,0,-0.340777777777778,0.0727777777777778
"6495","8874",3.519,0.032,0,-0.340777777777778,0.372777777777778
"6496","8874",5.27,0.012,0,-0.340777777777778,0.352777777777778
"6497","8874",15.009,-0.238,0,-0.340777777777778,0.102777777777778
"6498","8874",20.679,-0.178,0,-0.340777777777778,0.162777777777778
"6499","8874",10.637,-0.118,0,-0.340777777777778,0.222777777777778
"6500","8874",7.779,-0.568,0,-0.340777777777778,-0.227222222222222
"6501","8874",7.957,-1.058,0,-0.340777777777778,-0.717222222222222
"6502","8874",15.863,0.612,0,-0.340777777777778,0.952777777777778
"6503","8874",14.204,-0.258,0,-0.340777777777778,0.0827777777777778
"6504","8874",20.879,0.732,0,-0.340777777777778,1.07277777777778
"6505","8874",19.71,-0.698,0,-0.340777777777778,-0.357222222222222
"6506","8874",13.474,-0.738,0,-0.340777777777778,-0.397222222222222
"6507","8874",11.694,-0.878,0,-0.340777777777778,-0.537222222222222
"6508","8874",10.731,-0.668,0,-0.340777777777778,-0.327222222222222
"6509","8874",7.606,0.822,0,-0.340777777777778,1.16277777777778
"6510","8874",21.448,-0.768,0,-0.340777777777778,-0.427222222222222
"6511","8874",17.453,-0.648,0,-0.340777777777778,-0.307222222222222
"6512","8874",24.479,0.652,0,-0.340777777777778,0.992777777777778
"6513","8874",8.668,-0.258,0,-0.340777777777778,0.0827777777777778
"6514","8874",11.83,-0.478,0,-0.340777777777778,-0.137222222222222
"6515","8874",18.384,-0.318,0,-0.340777777777778,0.0227777777777778
"6516","8874",9.17,-1.158,0,-0.340777777777778,-0.817222222222222
"6517","8874",4.474,-0.358,0,-0.340777777777778,-0.0172222222222222
"6518","8946",19.173,-1.488,0,-0.351448275862069,-1.13655172413793
"6519","8946",-2.832,-0.878,0,-0.351448275862069,-0.526551724137931
"6520","8946",24.172,-0.148,0,-0.351448275862069,0.203448275862069
"6521","8946",21.453,1.032,0,-0.351448275862069,1.38344827586207
"6522","8946",21.795,-0.238,0,-0.351448275862069,0.113448275862069
"6523","8946",13.671,0.902,0,-0.351448275862069,1.25344827586207
"6524","8946",6.594,-0.438,0,-0.351448275862069,-0.0865517241379311
"6525","8946",3.92,-1.128,0,-0.351448275862069,-0.776551724137931
"6526","8946",20.008,-0.258,0,-0.351448275862069,0.0934482758620689
"6527","8946",14.082,0.572,0,-0.351448275862069,0.923448275862069
"6528","8946",11.248,-0.508,0,-0.351448275862069,-0.156551724137931
"6529","8946",14.962,-1.008,0,-0.351448275862069,-0.656551724137931
"6530","8946",13.352,0.242,0,-0.351448275862069,0.593448275862069
"6531","8946",10.124,-0.258,0,-0.351448275862069,0.0934482758620689
"6532","8946",8.391,-0.478,0,-0.351448275862069,-0.126551724137931
"6533","8946",18.457,0.622,0,-0.351448275862069,0.973448275862069
"6534","8946",6.839,-0.598,0,-0.351448275862069,-0.246551724137931
"6535","8946",12.346,0.312,0,-0.351448275862069,0.663448275862069
"6536","8946",3.47,-0.718,0,-0.351448275862069,-0.366551724137931
"6537","8946",15.283,-0.078,0,-0.351448275862069,0.273448275862069
"6538","8946",17.316,0.552,0,-0.351448275862069,0.903448275862069
"6539","8946",7.328,-0.638,0,-0.351448275862069,-0.286551724137931
"6540","8946",17.221,-0.078,0,-0.351448275862069,0.273448275862069
"6541","8946",7.328,-1.258,0,-0.351448275862069,-0.906551724137931
"6542","8946",15.81,-1.998,0,-0.351448275862069,-1.64655172413793
"6543","8946",4.247,-2.028,0,-0.351448275862069,-1.67655172413793
"6544","8946",19.331,-0.308,0,-0.351448275862069,0.043448275862069
"6545","8946",5.441,0.542,0,-0.351448275862069,0.893448275862069
"6546","8946",9.846,-1.278,0,-0.351448275862069,-0.926551724137931
"6547","8946",9.024,-0.448,0,-0.351448275862069,-0.0965517241379311
"6548","8946",16.964,-0.058,0,-0.351448275862069,0.293448275862069
"6549","8946",4.285,0.322,0,-0.351448275862069,0.673448275862069
"6550","8946",18.107,0.182,0,-0.351448275862069,0.533448275862069
"6551","8946",2.788,-1.228,0,-0.351448275862069,-0.876551724137931
"6552","8946",-2.482,0.202,0,-0.351448275862069,0.553448275862069
"6553","8946",17.271,-0.218,0,-0.351448275862069,0.133448275862069
"6554","8946",12.55,0.012,0,-0.351448275862069,0.363448275862069
"6555","8946",1.764,-1.148,0,-0.351448275862069,-0.796551724137931
"6556","8946",-0.899,0.922,0,-0.351448275862069,1.27344827586207
"6557","8946",7.491,-0.198,0,-0.351448275862069,0.153448275862069
"6558","8946",12.514,-1.398,0,-0.351448275862069,-1.04655172413793
"6559","8946",-2.072,0.512,0,-0.351448275862069,0.863448275862069
"6560","8946",8.723,0.472,0,-0.351448275862069,0.823448275862069
"6561","8946",4.166,-0.868,0,-0.351448275862069,-0.516551724137931
"6562","8946",7.813,-0.578,0,-0.351448275862069,-0.226551724137931
"6563","8946",6.651,-0.398,0,-0.351448275862069,-0.0465517241379311
"6564","8946",8.849,-1.408,0,-0.351448275862069,-1.05655172413793
"6565","8946",7.665,-0.538,0,-0.351448275862069,-0.186551724137931
"6566","8946",3.075,0.182,0,-0.351448275862069,0.533448275862069
"6567","8946",9.051,-1.028,0,-0.351448275862069,-0.676551724137931
"6568","8946",6.055,-1.878,0,-0.351448275862069,-1.52655172413793
"6569","8946",17.409,0.442,0,-0.351448275862069,0.793448275862069
"6570","8946",13.963,0.742,0,-0.351448275862069,1.09344827586207
"6571","8946",4.218,0.062,0,-0.351448275862069,0.413448275862069
"6572","8946",10.722,-0.468,0,-0.351448275862069,-0.116551724137931
"6573","8946",6.841,-1.188,0,-0.351448275862069,-0.836551724137931
"6574","8946",14.024,-0.118,0,-0.351448275862069,0.233448275862069
"6575","8946",14.849,-0.238,0,-0.351448275862069,0.113448275862069
"6576","8983",2.723,-0.418,0,-0.293882352941176,-0.124117647058823
"6577","8983",20.864,1.352,0,-0.293882352941176,1.64588235294118
"6578","8983",10.897,-0.748,0,-0.293882352941176,-0.454117647058824
"6579","8983",15.817,0.872,0,-0.293882352941176,1.16588235294118
"6580","8983",10.611,0.572,0,-0.293882352941176,0.865882352941176
"6581","8983",22.229,-1.258,0,-0.293882352941176,-0.964117647058824
"6582","8983",2.104,-0.448,0,-0.293882352941176,-0.154117647058824
"6583","8983",5.437,0.002,0,-0.293882352941176,0.295882352941176
"6584","8983",5.128,-0.358,0,-0.293882352941176,-0.0641176470588235
"6585","8983",17.076,-0.038,0,-0.293882352941176,0.255882352941177
"6586","8983",13.49,0.282,0,-0.293882352941176,0.575882352941177
"6587","8983",4.805,-0.598,0,-0.293882352941176,-0.304117647058823
"6588","8983",21.119,-0.708,0,-0.293882352941176,-0.414117647058823
"6589","8983",14.574,0.092,0,-0.293882352941176,0.385882352941176
"6590","8983",16.017,0.142,0,-0.293882352941176,0.435882352941176
"6591","8983",8.092,-0.028,0,-0.293882352941176,0.265882352941176
"6592","8983",-0.229,-1.268,0,-0.293882352941176,-0.974117647058824
"6593","8983",9.508,-1.098,0,-0.293882352941176,-0.804117647058824
"6594","8983",8.95,-0.048,0,-0.293882352941176,0.245882352941176
"6595","8983",5.864,-0.338,0,-0.293882352941176,-0.0441176470588235
"6596","8983",9.841,0.082,0,-0.293882352941176,0.375882352941177
"6597","8983",17.207,-0.918,0,-0.293882352941176,-0.624117647058824
"6598","8983",8.759,-0.658,0,-0.293882352941176,-0.364117647058824
"6599","8983",3.5,-0.078,0,-0.293882352941176,0.215882352941176
"6600","8983",17.259,-1.628,0,-0.293882352941176,-1.33411764705882
"6601","8983",13.133,-0.508,0,-0.293882352941176,-0.214117647058824
"6602","8983",17.772,0.732,0,-0.293882352941176,1.02588235294118
"6603","8983",-1.161,-0.108,0,-0.293882352941176,0.185882352941176
"6604","8983",10.112,-0.168,0,-0.293882352941176,0.125882352941176
"6605","8983",10.649,-0.138,0,-0.293882352941176,0.155882352941176
"6606","8983",22.814,-0.638,0,-0.293882352941176,-0.344117647058824
"6607","8983",9.909,-0.158,0,-0.293882352941176,0.135882352941176
"6608","8983",0.209,-1.538,0,-0.293882352941176,-1.24411764705882
"6609","8983",14.037,-0.508,0,-0.293882352941176,-0.214117647058824
"6610","8983",17.473,0.032,0,-0.293882352941176,0.325882352941177
"6611","8983",16.818,0.882,0,-0.293882352941176,1.17588235294118
"6612","8983",5.808,0.102,0,-0.293882352941176,0.395882352941176
"6613","8983",5.601,0.832,0,-0.293882352941176,1.12588235294118
"6614","8983",12.138,-0.638,0,-0.293882352941176,-0.344117647058824
"6615","8983",16.515,0.202,0,-0.293882352941176,0.495882352941176
"6616","8983",20.622,-0.648,0,-0.293882352941176,-0.354117647058824
"6617","8983",8.025,0.072,0,-0.293882352941176,0.365882352941176
"6618","8983",10.946,-1.158,0,-0.293882352941176,-0.864117647058823
"6619","8983",10.981,-1.308,0,-0.293882352941176,-1.01411764705882
"6620","8983",1.824,-0.718,0,-0.293882352941176,-0.424117647058823
"6621","8983",5.659,-0.708,0,-0.293882352941176,-0.414117647058823
"6622","8983",23.362,-0.398,0,-0.293882352941176,-0.104117647058824
"6623","8983",9.138,0.202,0,-0.293882352941176,0.495882352941176
"6624","8983",12.283,-0.658,0,-0.293882352941176,-0.364117647058824
"6625","8983",10.072,-0.598,0,-0.293882352941176,-0.304117647058823
"6626","8983",4.211,-0.208,0,-0.293882352941176,0.0858823529411765
"6627","9021",16.685,0.402,1,0.626642857142857,-0.224642857142857
"6628","9021",10.179,-0.138,1,0.626642857142857,-0.764642857142857
"6629","9021",23.032,0.032,1,0.626642857142857,-0.594642857142857
"6630","9021",19.422,0.692,1,0.626642857142857,0.0653571428571428
"6631","9021",10.166,-0.268,1,0.626642857142857,-0.894642857142857
"6632","9021",6.416,0.222,1,0.626642857142857,-0.404642857142857
"6633","9021",17.511,1.372,1,0.626642857142857,0.745357142857143
"6634","9021",18.686,0.822,1,0.626642857142857,0.195357142857143
"6635","9021",15.924,0.712,1,0.626642857142857,0.0853571428571428
"6636","9021",22.345,1.342,1,0.626642857142857,0.715357142857143
"6637","9021",9.93,1.512,1,0.626642857142857,0.885357142857143
"6638","9021",13.446,0.612,1,0.626642857142857,-0.0146428571428572
"6639","9021",18.884,0.882,1,0.626642857142857,0.255357142857143
"6640","9021",13.92,1.032,1,0.626642857142857,0.405357142857143
"6641","9021",12.508,0.212,1,0.626642857142857,-0.414642857142857
"6642","9021",14.704,0.212,1,0.626642857142857,-0.414642857142857
"6643","9021",21.511,1.192,1,0.626642857142857,0.565357142857143
"6644","9021",15.8,0.832,1,0.626642857142857,0.205357142857143
"6645","9021",20.986,0.672,1,0.626642857142857,0.0453571428571429
"6646","9021",14.009,1.242,1,0.626642857142857,0.615357142857143
"6647","9021",18.408,0.872,1,0.626642857142857,0.245357142857143
"6648","9021",14.885,0.112,1,0.626642857142857,-0.514642857142857
"6649","9021",8.225,0.232,1,0.626642857142857,-0.394642857142857
"6650","9021",19.068,0.932,1,0.626642857142857,0.305357142857143
"6651","9021",12.915,1.072,1,0.626642857142857,0.445357142857143
"6652","9021",4.894,0.272,1,0.626642857142857,-0.354642857142857
"6653","9021",21.904,0.882,1,0.626642857142857,0.255357142857143
"6654","9021",14.638,0.482,1,0.626642857142857,-0.144642857142857
"6655","9021",9.533,-0.018,1,0.626642857142857,-0.644642857142857
"6656","9021",22.768,1.072,1,0.626642857142857,0.445357142857143
"6657","9021",1.424,0.462,1,0.626642857142857,-0.164642857142857
"6658","9021",18.309,1.182,1,0.626642857142857,0.555357142857143
"6659","9021",14.622,0.402,1,0.626642857142857,-0.224642857142857
"6660","9021",17.824,1.202,1,0.626642857142857,0.575357142857143
"6661","9021",6.774,-0.498,1,0.626642857142857,-1.12464285714286
"6662","9021",18.277,1.222,1,0.626642857142857,0.595357142857143
"6663","9021",18.099,-0.428,1,0.626642857142857,-1.05464285714286
"6664","9021",13.149,-0.588,1,0.626642857142857,-1.21464285714286
"6665","9021",15.624,-0.308,1,0.626642857142857,-0.934642857142857
"6666","9021",14.191,-0.098,1,0.626642857142857,-0.724642857142857
"6667","9021",10.975,0.162,1,0.626642857142857,-0.464642857142857
"6668","9021",13.435,0.632,1,0.626642857142857,0.00535714285714284
"6669","9021",11.363,1.512,1,0.626642857142857,0.885357142857143
"6670","9021",16.656,0.632,1,0.626642857142857,0.00535714285714284
"6671","9021",20.577,-0.378,1,0.626642857142857,-1.00464285714286
"6672","9021",0.369,0.012,1,0.626642857142857,-0.614642857142857
"6673","9021",18.687,1.512,1,0.626642857142857,0.885357142857143
"6674","9021",14.291,1.302,1,0.626642857142857,0.675357142857143
"6675","9021",3.51,1.222,1,0.626642857142857,0.595357142857143
"6676","9021",19.544,0.902,1,0.626642857142857,0.275357142857143
"6677","9021",14.86,0.992,1,0.626642857142857,0.365357142857143
"6678","9021",11.575,1.052,1,0.626642857142857,0.425357142857143
"6679","9021",15.609,-0.038,1,0.626642857142857,-0.664642857142857
"6680","9021",17.531,0.972,1,0.626642857142857,0.345357142857143
"6681","9021",13.188,1.222,1,0.626642857142857,0.595357142857143
"6682","9021",19.248,1.332,1,0.626642857142857,0.705357142857143
"6683","9104",22.94,0.512,1,0.743454545454545,-0.231454545454545
"6684","9104",23.118,0.832,1,0.743454545454545,0.0885454545454545
"6685","9104",8.767,0.722,1,0.743454545454545,-0.0214545454545455
"6686","9104",15.428,0.932,1,0.743454545454545,0.188545454545455
"6687","9104",19.775,1.072,1,0.743454545454545,0.328545454545455
"6688","9104",18.23,-0.258,1,0.743454545454545,-1.00145454545455
"6689","9104",22.683,0.692,1,0.743454545454545,-0.0514545454545455
"6690","9104",19.117,0.832,1,0.743454545454545,0.0885454545454545
"6691","9104",16.976,1.022,1,0.743454545454545,0.278545454545455
"6692","9104",22.47,0.032,1,0.743454545454545,-0.711454545454545
"6693","9104",23.124,1.082,1,0.743454545454545,0.338545454545455
"6694","9104",17.948,0.562,1,0.743454545454545,-0.181454545454545
"6695","9104",10.011,0.792,1,0.743454545454545,0.0485454545454546
"6696","9104",15.359,0.822,1,0.743454545454545,0.0785454545454545
"6697","9104",19.648,-0.078,1,0.743454545454545,-0.821454545454545
"6698","9104",22.618,1.352,1,0.743454545454545,0.608545454545455
"6699","9104",22.421,1.162,1,0.743454545454545,0.418545454545454
"6700","9104",19.761,0.372,1,0.743454545454545,-0.371454545454545
"6701","9104",9.495,0.972,1,0.743454545454545,0.228545454545454
"6702","9104",17.706,0.982,1,0.743454545454545,0.238545454545455
"6703","9104",14.221,1.172,1,0.743454545454545,0.428545454545454
"6704","9104",24.252,0.912,1,0.743454545454545,0.168545454545455
"6705","9104",18.671,1.082,1,0.743454545454545,0.338545454545455
"6706","9104",15.492,0.192,1,0.743454545454545,-0.551454545454545
"6707","9104",13.232,0.362,1,0.743454545454545,-0.381454545454545
"6708","9104",23.768,0.032,1,0.743454545454545,-0.711454545454545
"6709","9104",17.478,0.992,1,0.743454545454545,0.248545454545455
"6710","9104",17.148,0.892,1,0.743454545454545,0.148545454545455
"6711","9104",24.292,1.002,1,0.743454545454545,0.258545454545455
"6712","9104",16.744,0.772,1,0.743454545454545,0.0285454545454545
"6713","9104",22.153,0.742,1,0.743454545454545,-0.00145454545454549
"6714","9104",16.173,0.872,1,0.743454545454545,0.128545454545455
"6715","9104",23.811,1.422,1,0.743454545454545,0.678545454545454
"6716","9104",9.95,0.602,1,0.743454545454545,-0.141454545454545
"6717","9104",20.424,1.512,1,0.743454545454545,0.768545454545455
"6718","9104",10.35,-0.188,1,0.743454545454545,-0.931454545454546
"6719","9104",20.454,1.172,1,0.743454545454545,0.428545454545454
"6720","9104",14.995,1.122,1,0.743454545454545,0.378545454545455
"6721","9104",23.599,0.572,1,0.743454545454545,-0.171454545454546
"6722","9104",10.009,1.022,1,0.743454545454545,0.278545454545455
"6723","9104",9.821,-0.018,1,0.743454545454545,-0.761454545454545
"6724","9104",10.807,-0.448,1,0.743454545454545,-1.19145454545455
"6725","9104",6.392,1.262,1,0.743454545454545,0.518545454545455
"6726","9104",16.591,0.552,1,0.743454545454545,-0.191454545454545
"6727","9104",-0.909,0.532,1,0.743454545454545,-0.211454545454545
"6728","9104",17.285,1.172,1,0.743454545454545,0.428545454545454
"6729","9104",19.983,0.592,1,0.743454545454545,-0.151454545454546
"6730","9104",13.605,1.212,1,0.743454545454545,0.468545454545454
"6731","9104",8.324,0.632,1,0.743454545454545,-0.111454545454545
"6732","9104",19.324,0.502,1,0.743454545454545,-0.241454545454545
"6733","9104",17.342,0.622,1,0.743454545454545,-0.121454545454545
"6734","9104",7.827,0.852,1,0.743454545454545,0.108545454545455
"6735","9104",20.866,0.242,1,0.743454545454545,-0.501454545454545
"6736","9104",20.844,1.332,1,0.743454545454545,0.588545454545455
"6737","9104",12.853,1.182,1,0.743454545454545,0.438545454545454
"6738","9158",7.538,-0.828,0,-0.402150943396226,-0.425849056603774
"6739","9158",7.044,-1.018,0,-0.402150943396226,-0.615849056603774
"6740","9158",4.289,-0.418,0,-0.402150943396226,-0.0158490566037736
"6741","9158",11.073,-0.888,0,-0.402150943396226,-0.485849056603774
"6742","9158",0.699,-0.538,0,-0.402150943396226,-0.135849056603774
"6743","9158",13.823,0.482,0,-0.402150943396226,0.884150943396226
"6744","9158",0.999,-0.658,0,-0.402150943396226,-0.255849056603774
"6745","9158",14.639,-0.338,0,-0.402150943396226,0.0641509433962264
"6746","9158",3.295,0.862,0,-0.402150943396226,1.26415094339623
"6747","9158",8.516,-0.528,0,-0.402150943396226,-0.125849056603774
"6748","9158",16.541,-0.478,0,-0.402150943396226,-0.0758490566037736
"6749","9158",1.304,-0.858,0,-0.402150943396226,-0.455849056603774
"6750","9158",17.728,-0.778,0,-0.402150943396226,-0.375849056603774
"6751","9158",0.127,-1.408,0,-0.402150943396226,-1.00584905660377
"6752","9158",15.549,-0.198,0,-0.402150943396226,0.204150943396226
"6753","9158",16.298,0.502,0,-0.402150943396226,0.904150943396226
"6754","9158",1.704,-0.638,0,-0.402150943396226,-0.235849056603774
"6755","9158",14.126,-0.818,0,-0.402150943396226,-0.415849056603774
"6756","9158",12.369,1.182,0,-0.402150943396226,1.58415094339623
"6757","9158",5.308,-0.468,0,-0.402150943396226,-0.0658490566037736
"6758","9158",14.174,0.952,0,-0.402150943396226,1.35415094339623
"6759","9158",16.376,0.572,0,-0.402150943396226,0.974150943396226
"6760","9158",7.88,-0.388,0,-0.402150943396226,0.0141509433962264
"6761","9158",4.701,-0.638,0,-0.402150943396226,-0.235849056603774
"6762","9158",3.782,-1.648,0,-0.402150943396226,-1.24584905660377
"6763","9158",1.334,-0.998,0,-0.402150943396226,-0.595849056603774
"6764","9158",-2.555,-1.808,0,-0.402150943396226,-1.40584905660377
"6765","9158",15.053,0.212,0,-0.402150943396226,0.614150943396226
"6766","9158",9.047,-1.358,0,-0.402150943396226,-0.955849056603774
"6767","9158",6.432,0.192,0,-0.402150943396226,0.594150943396226
"6768","9158",11.587,-0.488,0,-0.402150943396226,-0.0858490566037736
"6769","9158",5.656,-1.078,0,-0.402150943396226,-0.675849056603774
"6770","9158",10.438,-0.708,0,-0.402150943396226,-0.305849056603774
"6771","9158",-2.832,0.542,0,-0.402150943396226,0.944150943396227
"6772","9158",10.663,-0.358,0,-0.402150943396226,0.0441509433962264
"6773","9158",17.976,-0.428,0,-0.402150943396226,-0.0258490566037736
"6774","9158",9.207,-0.028,0,-0.402150943396226,0.374150943396226
"6775","9158",7.032,-0.238,0,-0.402150943396226,0.164150943396226
"6776","9158",11.235,0.422,0,-0.402150943396226,0.824150943396226
"6777","9158",10.802,-0.468,0,-0.402150943396226,-0.0658490566037736
"6778","9158",-1.464,-0.208,0,-0.402150943396226,0.194150943396226
"6779","9158",15.666,0.012,0,-0.402150943396226,0.414150943396226
"6780","9158",15.186,-0.978,0,-0.402150943396226,-0.575849056603774
"6781","9158",-2.83,-1.808,0,-0.402150943396226,-1.40584905660377
"6782","9158",3.699,0.512,0,-0.402150943396226,0.914150943396226
"6783","9158",3.655,-0.388,0,-0.402150943396226,0.0141509433962264
"6784","9158",9.707,-0.228,0,-0.402150943396226,0.174150943396226
"6785","9158",10.471,-0.808,0,-0.402150943396226,-0.405849056603774
"6786","9158",-0.883,-2.248,0,-0.402150943396226,-1.84584905660377
"6787","9158",9.743,-0.168,0,-0.402150943396226,0.234150943396226
"6788","9158",11.488,-0.838,0,-0.402150943396226,-0.435849056603774
"6789","9158",13.352,0.232,0,-0.402150943396226,0.634150943396226
"6790","9158",24.147,1.172,0,-0.402150943396226,1.57415094339623
"6791","9198",23.077,0.832,1,0.492,0.34
"6792","9198",24.386,0.382,1,0.492,-0.11
"6793","9198",22.278,1.142,1,0.492,0.65
"6794","9198",24.462,0.982,1,0.492,0.49
"6795","9198",9.998,0.072,1,0.492,-0.42
"6796","9198",21.837,0.992,1,0.492,0.5
"6797","9198",24.086,0.302,1,0.492,-0.19
"6798","9198",22.368,-0.288,1,0.492,-0.78
"6799","9198",23.466,1.512,1,0.492,1.02
"6800","9198",16.69,-0.398,1,0.492,-0.89
"6801","9198",23.101,0.002,1,0.492,-0.49
"6802","9198",21.244,-0.248,1,0.492,-0.74
"6803","9198",17.401,0.582,1,0.492,0.09
"6804","9198",21.355,1.022,1,0.492,0.53
"6805","9198",19.487,0.332,1,0.492,-0.16
"6806","9198",9.219,1.392,1,0.492,0.9
"6807","9198",8.413,0.652,1,0.492,0.16
"6808","9198",24.993,0.372,1,0.492,-0.12
"6809","9198",18.602,0.812,1,0.492,0.32
"6810","9198",22.116,1.362,1,0.492,0.87
"6811","9198",13.397,-0.338,1,0.492,-0.83
"6812","9198",14.868,-0.668,1,0.492,-1.16
"6813","9198",19.81,0.612,1,0.492,0.12
"6814","9198",23.189,0.702,1,0.492,0.21
"6815","9198",23.773,0.912,1,0.492,0.42
"6816","9198",15.233,0.182,1,0.492,-0.31
"6817","9198",22.558,0.942,1,0.492,0.45
"6818","9198",23.016,0.672,1,0.492,0.18
"6819","9198",18.62,-0.648,1,0.492,-1.14
"6820","9198",2.349,-0.538,1,0.492,-1.03
"6821","9198",16.469,1.612,1,0.492,1.12
"6822","9225",14.876,1.042,0,0.253388888888889,0.788611111111111
"6823","9225",12.313,0.572,0,0.253388888888889,0.318611111111111
"6824","9225",4.488,-0.708,0,0.253388888888889,-0.961388888888889
"6825","9225",13.668,-0.108,0,0.253388888888889,-0.361388888888889
"6826","9225",20.47,0.982,0,0.253388888888889,0.728611111111111
"6827","9225",12.809,-0.078,0,0.253388888888889,-0.331388888888889
"6828","9225",10.361,1.152,0,0.253388888888889,0.898611111111111
"6829","9225",5.882,-0.018,0,0.253388888888889,-0.271388888888889
"6830","9225",15.265,-0.568,0,0.253388888888889,-0.821388888888889
"6831","9225",1.609,-1.708,0,0.253388888888889,-1.96138888888889
"6832","9225",8.633,0.062,0,0.253388888888889,-0.191388888888889
"6833","9225",19.958,0.402,0,0.253388888888889,0.148611111111111
"6834","9225",14.464,0.162,0,0.253388888888889,-0.0913888888888889
"6835","9225",22.169,0.512,0,0.253388888888889,0.258611111111111
"6836","9225",12.849,1.072,0,0.253388888888889,0.818611111111111
"6837","9225",24.18,0.932,0,0.253388888888889,0.678611111111111
"6838","9225",13.214,-0.258,0,0.253388888888889,-0.511388888888889
"6839","9225",12.84,-0.958,0,0.253388888888889,-1.21138888888889
"6840","9225",17.804,0.632,0,0.253388888888889,0.378611111111111
"6841","9225",16.628,0.512,0,0.253388888888889,0.258611111111111
"6842","9225",23.277,0.682,0,0.253388888888889,0.428611111111111
"6843","9225",8.101,-0.328,0,0.253388888888889,-0.581388888888889
"6844","9225",19.285,1.092,0,0.253388888888889,0.838611111111111
"6845","9225",24.479,1.302,0,0.253388888888889,1.04861111111111
"6846","9225",22.818,0.852,0,0.253388888888889,0.598611111111111
"6847","9225",21.966,-0.248,0,0.253388888888889,-0.501388888888889
"6848","9225",5.3,0.792,0,0.253388888888889,0.538611111111111
"6849","9225",14.461,-0.018,0,0.253388888888889,-0.271388888888889
"6850","9225",-1.429,1.092,0,0.253388888888889,0.838611111111111
"6851","9225",20.353,1.152,0,0.253388888888889,0.898611111111111
"6852","9225",15.292,-0.508,0,0.253388888888889,-0.761388888888889
"6853","9225",9.476,-0.788,0,0.253388888888889,-1.04138888888889
"6854","9225",20.489,-0.738,0,0.253388888888889,-0.991388888888889
"6855","9225",23.689,0.012,0,0.253388888888889,-0.241388888888889
"6856","9225",6.708,0.782,0,0.253388888888889,0.528611111111111
"6857","9225",19.279,0.362,0,0.253388888888889,0.108611111111111
"6858","9292",5.983,-0.538,0,-0.594315789473684,0.0563157894736842
"6859","9292",2.025,-1.328,0,-0.594315789473684,-0.733684210526316
"6860","9292",8.175,-0.388,0,-0.594315789473684,0.206315789473684
"6861","9292",11.313,-0.728,0,-0.594315789473684,-0.133684210526316
"6862","9292",2.782,-0.258,0,-0.594315789473684,0.336315789473684
"6863","9292",1.219,-0.798,0,-0.594315789473684,-0.203684210526316
"6864","9292",6.05,-0.618,0,-0.594315789473684,-0.0236842105263158
"6865","9292",17.813,-0.978,0,-0.594315789473684,-0.383684210526316
"6866","9292",7.032,-1.648,0,-0.594315789473684,-1.05368421052632
"6867","9292",3.818,0.502,0,-0.594315789473684,1.09631578947368
"6868","9292",3.895,-0.618,0,-0.594315789473684,-0.0236842105263158
"6869","9292",19.781,-0.628,0,-0.594315789473684,-0.0336842105263158
"6870","9292",7.495,-1.138,0,-0.594315789473684,-0.543684210526316
"6871","9292",23.289,-0.868,0,-0.594315789473684,-0.273684210526316
"6872","9292",6.983,0.072,0,-0.594315789473684,0.666315789473684
"6873","9292",22.059,-0.148,0,-0.594315789473684,0.446315789473684
"6874","9292",20.468,-0.418,0,-0.594315789473684,0.176315789473684
"6875","9292",10.619,-0.888,0,-0.594315789473684,-0.293684210526316
"6876","9292",14.514,0.122,0,-0.594315789473684,0.716315789473684
"6877","9340",20.636,-0.128,0,-0.397310344827586,0.269310344827586
"6878","9340",12.903,-0.228,0,-0.397310344827586,0.169310344827586
"6879","9340",6.904,-0.838,0,-0.397310344827586,-0.440689655172414
"6880","9340",9.618,-1.188,0,-0.397310344827586,-0.790689655172414
"6881","9340",12.907,-0.328,0,-0.397310344827586,0.0693103448275862
"6882","9340",15.085,-0.118,0,-0.397310344827586,0.279310344827586
"6883","9340",22.32,-0.358,0,-0.397310344827586,0.0393103448275862
"6884","9340",9.98,-0.858,0,-0.397310344827586,-0.460689655172414
"6885","9340",19.404,-0.288,0,-0.397310344827586,0.109310344827586
"6886","9340",22.512,-0.418,0,-0.397310344827586,-0.0206896551724138
"6887","9340",15.767,-0.278,0,-0.397310344827586,0.119310344827586
"6888","9340",1.193,-0.038,0,-0.397310344827586,0.359310344827586
"6889","9340",8.265,-0.738,0,-0.397310344827586,-0.340689655172414
"6890","9340",21.89,-0.408,0,-0.397310344827586,-0.0106896551724138
"6891","9340",3.068,0.642,0,-0.397310344827586,1.03931034482759
"6892","9340",9.429,0.652,0,-0.397310344827586,1.04931034482759
"6893","9340",10.777,0.002,0,-0.397310344827586,0.399310344827586
"6894","9340",8.536,-0.358,0,-0.397310344827586,0.0393103448275862
"6895","9340",19.624,0.442,0,-0.397310344827586,0.839310344827586
"6896","9340",1.927,-1.528,0,-0.397310344827586,-1.13068965517241
"6897","9340",6.138,-0.438,0,-0.397310344827586,-0.0406896551724138
"6898","9340",18.185,-0.708,0,-0.397310344827586,-0.310689655172414
"6899","9340",-1.864,-0.858,0,-0.397310344827586,-0.460689655172414
"6900","9340",9.759,-0.278,0,-0.397310344827586,0.119310344827586
"6901","9340",10.346,-1.358,0,-0.397310344827586,-0.960689655172414
"6902","9340",10.944,-0.178,0,-0.397310344827586,0.219310344827586
"6903","9340",4.009,-0.138,0,-0.397310344827586,0.259310344827586
"6904","9340",13.19,0.372,0,-0.397310344827586,0.769310344827586
"6905","9340",0.726,-1.578,0,-0.397310344827586,-1.18068965517241
"6906","9347",21.829,0.012,1,0.211649122807018,-0.199649122807018
"6907","9347",21.085,-0.238,1,0.211649122807018,-0.449649122807018
"6908","9347",16.956,-0.008,1,0.211649122807018,-0.219649122807018
"6909","9347",6.02,-0.498,1,0.211649122807018,-0.709649122807018
"6910","9347",12.769,-0.758,1,0.211649122807018,-0.969649122807018
"6911","9347",8.61,-0.508,1,0.211649122807018,-0.719649122807018
"6912","9347",19.477,0.522,1,0.211649122807018,0.310350877192982
"6913","9347",14.542,-0.118,1,0.211649122807018,-0.329649122807018
"6914","9347",7.608,0.502,1,0.211649122807018,0.290350877192982
"6915","9347",1.011,-1.148,1,0.211649122807018,-1.35964912280702
"6916","9347",16.734,-0.278,1,0.211649122807018,-0.489649122807018
"6917","9347",5.249,0.082,1,0.211649122807018,-0.129649122807018
"6918","9347",18.415,0.132,1,0.211649122807018,-0.0796491228070176
"6919","9347",1.306,-0.388,1,0.211649122807018,-0.599649122807018
"6920","9347",16.206,0.482,1,0.211649122807018,0.270350877192982
"6921","9347",17.321,0.312,1,0.211649122807018,0.100350877192982
"6922","9347",22.095,-0.178,1,0.211649122807018,-0.389649122807018
"6923","9347",8.699,-1.238,1,0.211649122807018,-1.44964912280702
"6924","9347",19.703,0.532,1,0.211649122807018,0.320350877192982
"6925","9347",11.49,0.522,1,0.211649122807018,0.310350877192982
"6926","9347",14.605,-0.568,1,0.211649122807018,-0.779649122807017
"6927","9347",19.341,0.432,1,0.211649122807018,0.220350877192982
"6928","9347",5.399,1.512,1,0.211649122807018,1.30035087719298
"6929","9347",15.283,-0.388,1,0.211649122807018,-0.599649122807018
"6930","9347",19.612,0.702,1,0.211649122807018,0.490350877192982
"6931","9347",17.964,0.982,1,0.211649122807018,0.770350877192982
"6932","9347",18.056,0.832,1,0.211649122807018,0.620350877192982
"6933","9347",12.163,-0.058,1,0.211649122807018,-0.269649122807018
"6934","9347",15.628,-0.418,1,0.211649122807018,-0.629649122807018
"6935","9347",11.715,1.162,1,0.211649122807018,0.950350877192982
"6936","9347",10.382,-0.018,1,0.211649122807018,-0.229649122807018
"6937","9347",6.49,-0.898,1,0.211649122807018,-1.10964912280702
"6938","9347",10.573,0.292,1,0.211649122807018,0.0803508771929824
"6939","9347",10.198,0.832,1,0.211649122807018,0.620350877192982
"6940","9347",19.461,1.262,1,0.211649122807018,1.05035087719298
"6941","9347",18.268,0.192,1,0.211649122807018,-0.0196491228070176
"6942","9347",4.648,-0.508,1,0.211649122807018,-0.719649122807018
"6943","9347",-0.551,0.202,1,0.211649122807018,-0.00964912280701755
"6944","9347",14.321,0.852,1,0.211649122807018,0.640350877192982
"6945","9347",6.9,-0.408,1,0.211649122807018,-0.619649122807018
"6946","9347",12.544,-0.658,1,0.211649122807018,-0.869649122807018
"6947","9347",17.4,0.442,1,0.211649122807018,0.230350877192982
"6948","9347",20.24,0.412,1,0.211649122807018,0.200350877192982
"6949","9347",14.285,1.022,1,0.211649122807018,0.810350877192982
"6950","9347",20.244,1.122,1,0.211649122807018,0.910350877192983
"6951","9347",17.876,1.122,1,0.211649122807018,0.910350877192983
"6952","9347",9.901,0.062,1,0.211649122807018,-0.149649122807018
"6953","9347",21.204,1.222,1,0.211649122807018,1.01035087719298
"6954","9347",11.955,1.282,1,0.211649122807018,1.07035087719298
"6955","9347",23.151,-0.718,1,0.211649122807018,-0.929649122807018
"6956","9347",10.019,-0.428,1,0.211649122807018,-0.639649122807018
"6957","9347",19.591,0.902,1,0.211649122807018,0.690350877192982
"6958","9347",10.848,1.182,1,0.211649122807018,0.970350877192982
"6959","9347",13.801,-0.008,1,0.211649122807018,-0.219649122807018
"6960","9347",9.858,0.292,1,0.211649122807018,0.0803508771929824
"6961","9347",14.498,1.282,1,0.211649122807018,1.07035087719298
"6962","9347",6.713,-0.198,1,0.211649122807018,-0.409649122807018
"6963","9359",19.797,0.612,1,0.354075471698113,0.257924528301887
"6964","9359",13.476,0.522,1,0.354075471698113,0.167924528301887
"6965","9359",24.232,-0.448,1,0.354075471698113,-0.802075471698113
"6966","9359",22.714,-1.008,1,0.354075471698113,-1.36207547169811
"6967","9359",9.332,-0.568,1,0.354075471698113,-0.922075471698113
"6968","9359",13.006,0.832,1,0.354075471698113,0.477924528301887
"6969","9359",2.945,-0.228,1,0.354075471698113,-0.582075471698113
"6970","9359",19.566,0.062,1,0.354075471698113,-0.292075471698113
"6971","9359",4.307,0.182,1,0.354075471698113,-0.172075471698113
"6972","9359",7.541,0.032,1,0.354075471698113,-0.322075471698113
"6973","9359",19.644,0.832,1,0.354075471698113,0.477924528301887
"6974","9359",-1.292,0.512,1,0.354075471698113,0.157924528301887
"6975","9359",13.946,0.812,1,0.354075471698113,0.457924528301887
"6976","9359",17.348,0.262,1,0.354075471698113,-0.0920754716981132
"6977","9359",21.435,-0.108,1,0.354075471698113,-0.462075471698113
"6978","9359",14.359,-0.528,1,0.354075471698113,-0.882075471698113
"6979","9359",14.126,0.412,1,0.354075471698113,0.0579245283018868
"6980","9359",6.606,1.262,1,0.354075471698113,0.907924528301887
"6981","9359",24.386,-0.308,1,0.354075471698113,-0.662075471698113
"6982","9359",21.781,1.122,1,0.354075471698113,0.767924528301887
"6983","9359",14.716,0.362,1,0.354075471698113,0.00792452830188678
"6984","9359",9.751,0.012,1,0.354075471698113,-0.342075471698113
"6985","9359",3.519,0.532,1,0.354075471698113,0.177924528301887
"6986","9359",22.106,1.512,1,0.354075471698113,1.15792452830189
"6987","9359",18.578,0.732,1,0.354075471698113,0.377924528301887
"6988","9359",19.03,0.192,1,0.354075471698113,-0.162075471698113
"6989","9359",20.668,0.012,1,0.354075471698113,-0.342075471698113
"6990","9359",6.112,0.262,1,0.354075471698113,-0.0920754716981132
"6991","9359",7.647,0.832,1,0.354075471698113,0.477924528301887
"6992","9359",23.723,-0.258,1,0.354075471698113,-0.612075471698113
"6993","9359",18.66,-0.758,1,0.354075471698113,-1.11207547169811
"6994","9359",12.311,0.342,1,0.354075471698113,-0.0120754716981132
"6995","9359",24.677,0.322,1,0.354075471698113,-0.0320754716981132
"6996","9359",19.527,0.442,1,0.354075471698113,0.0879245283018868
"6997","9359",8.954,0.472,1,0.354075471698113,0.117924528301887
"6998","9359",15.847,0.662,1,0.354075471698113,0.307924528301887
"6999","9359",10.279,0.282,1,0.354075471698113,-0.0720754716981132
"7000","9359",16.54,0.492,1,0.354075471698113,0.137924528301887
"7001","9359",20.939,0.322,1,0.354075471698113,-0.0320754716981132
"7002","9359",13.11,0.942,1,0.354075471698113,0.587924528301887
"7003","9359",23.182,0.072,1,0.354075471698113,-0.282075471698113
"7004","9359",21.546,0.932,1,0.354075471698113,0.577924528301887
"7005","9359",-0.501,-0.218,1,0.354075471698113,-0.572075471698113
"7006","9359",17.62,-0.128,1,0.354075471698113,-0.482075471698113
"7007","9359",22.632,-0.588,1,0.354075471698113,-0.942075471698113
"7008","9359",23.281,0.132,1,0.354075471698113,-0.222075471698113
"7009","9359",23.96,0.672,1,0.354075471698113,0.317924528301887
"7010","9359",22.517,1.262,1,0.354075471698113,0.907924528301887
"7011","9359",7.462,0.112,1,0.354075471698113,-0.242075471698113
"7012","9359",11.307,1.182,1,0.354075471698113,0.827924528301887
"7013","9359",11.353,1.172,1,0.354075471698113,0.817924528301887
"7014","9359",7.546,0.932,1,0.354075471698113,0.577924528301887
"7015","9359",21.489,1.262,1,0.354075471698113,0.907924528301887
"7016","9397",5.873,0.502,0,0.134127659574468,0.367872340425532
"7017","9397",19.521,-0.468,0,0.134127659574468,-0.602127659574468
"7018","9397",13.382,0.202,0,0.134127659574468,0.0678723404255319
"7019","9397",22.566,0.742,0,0.134127659574468,0.607872340425532
"7020","9397",12.366,-0.098,0,0.134127659574468,-0.232127659574468
"7021","9397",4.851,-0.098,0,0.134127659574468,-0.232127659574468
"7022","9397",9.262,1.042,0,0.134127659574468,0.907872340425532
"7023","9397",21.362,-0.338,0,0.134127659574468,-0.472127659574468
"7024","9397",20.453,0.042,0,0.134127659574468,-0.0921276595744681
"7025","9397",4.087,0.052,0,0.134127659574468,-0.0821276595744681
"7026","9397",8.853,-0.398,0,0.134127659574468,-0.532127659574468
"7027","9397",13.553,0.102,0,0.134127659574468,-0.0321276595744681
"7028","9397",15.28,0.102,0,0.134127659574468,-0.0321276595744681
"7029","9397",11.378,0.412,0,0.134127659574468,0.277872340425532
"7030","9397",5.802,-0.608,0,0.134127659574468,-0.742127659574468
"7031","9397",3.884,0.032,0,0.134127659574468,-0.102127659574468
"7032","9397",9.179,0.272,0,0.134127659574468,0.137872340425532
"7033","9397",13.447,-0.148,0,0.134127659574468,-0.282127659574468
"7034","9397",11.57,-0.518,0,0.134127659574468,-0.652127659574468
"7035","9397",17.49,1.362,0,0.134127659574468,1.22787234042553
"7036","9397",2.436,-0.448,0,0.134127659574468,-0.582127659574468
"7037","9397",5.007,-0.538,0,0.134127659574468,-0.672127659574468
"7038","9397",22.082,-0.018,0,0.134127659574468,-0.152127659574468
"7039","9397",5.915,0.872,0,0.134127659574468,0.737872340425532
"7040","9397",11.493,-0.168,0,0.134127659574468,-0.302127659574468
"7041","9397",5.19,-0.078,0,0.134127659574468,-0.212127659574468
"7042","9397",2.331,-0.418,0,0.134127659574468,-0.552127659574468
"7043","9397",12.316,0.722,0,0.134127659574468,0.587872340425532
"7044","9397",-2.572,-0.418,0,0.134127659574468,-0.552127659574468
"7045","9397",15.708,0.272,0,0.134127659574468,0.137872340425532
"7046","9397",12.798,1.282,0,0.134127659574468,1.14787234042553
"7047","9397",10.856,0.022,0,0.134127659574468,-0.112127659574468
"7048","9397",14.772,-1.218,0,0.134127659574468,-1.35212765957447
"7049","9397",23.231,0.682,0,0.134127659574468,0.547872340425532
"7050","9397",2.67,-0.098,0,0.134127659574468,-0.232127659574468
"7051","9397",11.366,0.532,0,0.134127659574468,0.397872340425532
"7052","9397",0.68,0.732,0,0.134127659574468,0.597872340425532
"7053","9397",-2.832,-1.288,0,0.134127659574468,-1.42212765957447
"7054","9397",12.79,0.862,0,0.134127659574468,0.727872340425532
"7055","9397",12.296,0.692,0,0.134127659574468,0.557872340425532
"7056","9397",9.739,0.342,0,0.134127659574468,0.207872340425532
"7057","9397",1.836,-0.038,0,0.134127659574468,-0.172127659574468
"7058","9397",3.774,0.842,0,0.134127659574468,0.707872340425532
"7059","9397",16.647,-0.328,0,0.134127659574468,-0.462127659574468
"7060","9397",9.961,-0.528,0,0.134127659574468,-0.662127659574468
"7061","9397",9.139,0.792,0,0.134127659574468,0.657872340425532
"7062","9397",12.919,1.052,0,0.134127659574468,0.917872340425532
"7063","9508",13.932,0.242,1,-0.138,0.38
"7064","9508",16.501,0.752,1,-0.138,0.89
"7065","9508",11.385,-0.148,1,-0.138,-0.01
"7066","9508",23.501,-0.408,1,-0.138,-0.27
"7067","9508",2.173,-0.508,1,-0.138,-0.37
"7068","9508",19.324,0.392,1,-0.138,0.53
"7069","9508",8.032,-1.998,1,-0.138,-1.86
"7070","9508",21.377,-0.568,1,-0.138,-0.43
"7071","9508",18.413,-0.628,1,-0.138,-0.49
"7072","9508",19.174,0.262,1,-0.138,0.4
"7073","9508",5.12,0.212,1,-0.138,0.35
"7074","9508",20.847,0.302,1,-0.138,0.44
"7075","9508",5.136,-0.568,1,-0.138,-0.43
"7076","9508",22.517,-0.338,1,-0.138,-0.2
"7077","9508",23.396,0.112,1,-0.138,0.25
"7078","9508",0.294,-0.508,1,-0.138,-0.37
"7079","9508",13.533,-0.808,1,-0.138,-0.67
"7080","9508",18.37,0.422,1,-0.138,0.56
"7081","9508",8.915,-0.838,1,-0.138,-0.7
"7082","9508",20.761,0.912,1,-0.138,1.05
"7083","9508",11.33,0.032,1,-0.138,0.17
"7084","9508",5.628,0.022,1,-0.138,0.16
"7085","9508",11.721,-0.968,1,-0.138,-0.83
"7086","9508",5.35,-0.238,1,-0.138,-0.1
"7087","9508",15.471,-0.068,1,-0.138,0.07
"7088","9508",7.737,-0.218,1,-0.138,-0.08
"7089","9508",5.511,0.172,1,-0.138,0.31
"7090","9508",17.334,-0.588,1,-0.138,-0.45
"7091","9508",14.982,0.412,1,-0.138,0.55
"7092","9508",11.481,-0.238,1,-0.138,-0.1
"7093","9508",14.147,0.282,1,-0.138,0.42
"7094","9508",18.534,0.662,1,-0.138,0.8
"7095","9508",9.815,-0.338,1,-0.138,-0.2
"7096","9508",20.784,0.322,1,-0.138,0.46
"7097","9508",12.587,-0.368,1,-0.138,-0.23
"7098","9550",1.766,-0.228,0,0.0530344827586207,-0.281034482758621
"7099","9550",12.983,-0.718,0,0.0530344827586207,-0.771034482758621
"7100","9550",7.77,-0.688,0,0.0530344827586207,-0.741034482758621
"7101","9550",1.239,-0.138,0,0.0530344827586207,-0.191034482758621
"7102","9550",19.564,0.172,0,0.0530344827586207,0.118965517241379
"7103","9550",4.285,0.752,0,0.0530344827586207,0.698965517241379
"7104","9550",20.975,-0.008,0,0.0530344827586207,-0.0610344827586207
"7105","9550",5.871,-0.538,0,0.0530344827586207,-0.591034482758621
"7106","9550",20.149,0.472,0,0.0530344827586207,0.418965517241379
"7107","9550",23.818,1.012,0,0.0530344827586207,0.958965517241379
"7108","9550",6.717,0.502,0,0.0530344827586207,0.448965517241379
"7109","9550",5.282,-0.538,0,0.0530344827586207,-0.591034482758621
"7110","9550",6.76,0.312,0,0.0530344827586207,0.258965517241379
"7111","9550",12.884,-0.748,0,0.0530344827586207,-0.801034482758621
"7112","9550",17.485,-0.188,0,0.0530344827586207,-0.241034482758621
"7113","9550",22.802,0.302,0,0.0530344827586207,0.248965517241379
"7114","9550",6.951,1.382,0,0.0530344827586207,1.32896551724138
"7115","9550",2.957,-2.008,0,0.0530344827586207,-2.06103448275862
"7116","9550",10.676,1.512,0,0.0530344827586207,1.45896551724138
"7117","9550",10.999,-0.558,0,0.0530344827586207,-0.611034482758621
"7118","9550",-1.005,-0.508,0,0.0530344827586207,-0.561034482758621
"7119","9550",3.266,0.212,0,0.0530344827586207,0.158965517241379
"7120","9550",-2.231,-0.378,0,0.0530344827586207,-0.431034482758621
"7121","9550",10.037,0.442,0,0.0530344827586207,0.388965517241379
"7122","9550",21.896,0.482,0,0.0530344827586207,0.428965517241379
"7123","9550",21.846,1.072,0,0.0530344827586207,1.01896551724138
"7124","9550",19.599,1.212,0,0.0530344827586207,1.15896551724138
"7125","9550",15.995,-0.198,0,0.0530344827586207,-0.251034482758621
"7126","9550",10.249,-0.858,0,0.0530344827586207,-0.911034482758621
"7127","9586",14.076,0.852,1,0.621152542372881,0.230847457627119
"7128","9586",5.112,0.762,1,0.621152542372881,0.140847457627119
"7129","9586",23.715,0.882,1,0.621152542372881,0.260847457627119
"7130","9586",7.974,0.212,1,0.621152542372881,-0.409152542372881
"7131","9586",23.962,0.522,1,0.621152542372881,-0.0991525423728813
"7132","9586",22.206,1.242,1,0.621152542372881,0.620847457627119
"7133","9586",18.014,-0.308,1,0.621152542372881,-0.929152542372881
"7134","9586",11.294,0.802,1,0.621152542372881,0.180847457627119
"7135","9586",11.124,-0.258,1,0.621152542372881,-0.879152542372881
"7136","9586",-2.832,1.212,1,0.621152542372881,0.590847457627119
"7137","9586",18.172,1.612,1,0.621152542372881,0.990847457627119
"7138","9586",17.04,0.332,1,0.621152542372881,-0.289152542372881
"7139","9586",13.478,1.012,1,0.621152542372881,0.390847457627119
"7140","9586",7.476,-0.858,1,0.621152542372881,-1.47915254237288
"7141","9586",20.33,-0.708,1,0.621152542372881,-1.32915254237288
"7142","9586",10.865,0.402,1,0.621152542372881,-0.219152542372881
"7143","9586",2.521,0.912,1,0.621152542372881,0.290847457627119
"7144","9586",17.428,0.032,1,0.621152542372881,-0.589152542372881
"7145","9586",11.437,1.422,1,0.621152542372881,0.800847457627119
"7146","9586",17.589,-0.138,1,0.621152542372881,-0.759152542372881
"7147","9586",14.59,-0.058,1,0.621152542372881,-0.679152542372881
"7148","9586",20.74,0.552,1,0.621152542372881,-0.0691525423728813
"7149","9586",22.751,1.152,1,0.621152542372881,0.530847457627119
"7150","9586",10.626,1.132,1,0.621152542372881,0.510847457627119
"7151","9586",18.871,0.322,1,0.621152542372881,-0.299152542372881
"7152","9586",7.256,0.002,1,0.621152542372881,-0.619152542372881
"7153","9586",16.168,1.512,1,0.621152542372881,0.890847457627119
"7154","9586",14.266,1.082,1,0.621152542372881,0.460847457627119
"7155","9586",9.595,-0.598,1,0.621152542372881,-1.21915254237288
"7156","9586",19.664,0.522,1,0.621152542372881,-0.0991525423728813
"7157","9586",24.479,0.932,1,0.621152542372881,0.310847457627119
"7158","9586",9.071,0.542,1,0.621152542372881,-0.0791525423728813
"7159","9586",10.208,-0.048,1,0.621152542372881,-0.669152542372881
"7160","9586",21.53,0.972,1,0.621152542372881,0.350847457627119
"7161","9586",15.021,0.532,1,0.621152542372881,-0.0891525423728813
"7162","9586",9.67,0.842,1,0.621152542372881,0.220847457627119
"7163","9586",10.067,-0.008,1,0.621152542372881,-0.629152542372881
"7164","9586",5.443,0.762,1,0.621152542372881,0.140847457627119
"7165","9586",14.854,0.762,1,0.621152542372881,0.140847457627119
"7166","9586",24.292,1.002,1,0.621152542372881,0.380847457627119
"7167","9586",20.54,0.502,1,0.621152542372881,-0.119152542372881
"7168","9586",8.603,-0.068,1,0.621152542372881,-0.689152542372881
"7169","9586",16.553,0.882,1,0.621152542372881,0.260847457627119
"7170","9586",18.329,1.282,1,0.621152542372881,0.660847457627119
"7171","9586",24.993,0.112,1,0.621152542372881,-0.509152542372881
"7172","9586",4.244,0.952,1,0.621152542372881,0.330847457627119
"7173","9586",7.759,0.922,1,0.621152542372881,0.300847457627119
"7174","9586",18.487,0.362,1,0.621152542372881,-0.259152542372881
"7175","9586",18.519,1.302,1,0.621152542372881,0.680847457627119
"7176","9586",11.949,0.512,1,0.621152542372881,-0.109152542372881
"7177","9586",4.021,0.602,1,0.621152542372881,-0.0191525423728813
"7178","9586",15.26,1.212,1,0.621152542372881,0.590847457627119
"7179","9586",22.78,1.022,1,0.621152542372881,0.400847457627119
"7180","9586",20.967,1.612,1,0.621152542372881,0.990847457627119
"7181","9586",20.402,1.512,1,0.621152542372881,0.890847457627119
"7182","9586",14.794,-0.038,1,0.621152542372881,-0.659152542372881
"7183","9586",19.641,1.332,1,0.621152542372881,0.710847457627119
"7184","9586",16.241,-0.008,1,0.621152542372881,-0.629152542372881
"7185","9586",22.733,0.792,1,0.621152542372881,0.170847457627119
